0 1
1 91674
1 50930
1 35259
1 26963
1 21827
1 18335
1 15806
1 13890
1 12389
1 11180
1 10186
1 9355
1 8649
1 8042
1 7515
1 7052
1 6643
1 6279
1 5953
1 5659
1 5393
1 5151
1 4929
1 4726
1 4539
1 4366
1 4206
1 4057
1 3918
1 3789
1 3667
1 3554
1 3447
1 3346
1 3251
1 3162
1 3077
1 2996
1 2920
1 2847
1 2778
1 2713
1 2650
1 2590
1 2533
1 2478
1 2426
1 2375
1 2327
1 2281
1 2236
1 2194
1 2152
1 2113
1 2075
1 2038
1 2002
1 1968
1 1935
1 1902
1 1871
1 1841
1 1812
1 1784
1 1757
1 1730
1 1704
1 1679
1 1655
1 1632
1 1609
1 1587
1 1565
1 1544
1 1523
1 1503
1 1484
1 1465
1 1446
1 1428
1 1411
1 1394
1 1377
1 1361
1 1345
1 1329
1 1314
1 1299
1 1284
1 1270
1 1256
1 1243
1 1229
1 1216
1 1204
1 1191
1 1179
1 1167
1 1155
1 1144
1 1132
1 1121
1 1110
1 1100
1 1089
1 1079
1 1069
1 1059
1 1049
1 1040
1 1031
1 1021
1 1012
1 1003
1 995
1 986
1 978
1 970
1 961
1 953
1 946
1 938
1 930
1 923
1 915
1 908
1 901
1 894
1 887
1 880
1 874
1 867
1 860
1 854
1 848
1 842
1 835
1 829
1 823
1 818
1 812
1 806
1 800
1 795
1 789
1 784
1 779
1 773
1 768
1 763
1 758
1 753
1 748
1 743
1 739
1 734
1 729
1 725
1 720
1 716
1 711
1 707
1 702
1 698
1 694
1 690
1 686
1 682
1 678
1 674
1 670
1 666
1 662
1 658
1 654
1 651
1 647
1 643
1 640
1 636
1 633
1 629
1 626
1 622
1 619
1 616
1 612
1 609
1 606
1 603
1 600
1 597
1 593
1 590
1 587
1 584
1 581
1 579
1 576
1 573
1 570
1 567
1 564
1 562
1 559
1 556
1 553
1 551
1 548
1 546
1 543
1 540
1 538
1 535
1 533
1 530
1 528
1 526
1 523
1 521
1 518
1 516
1 514
1 511
1 509
1 507
1 505
1 503
1 500
1 498
1 496
1 494
1 492
1 490
1 488
1 486
1 483
1 481
1 479
1 477
1 475
1 474
1 472
1 470
1 468
1 466
1 464
1 462
1 460
1 458
2 913
1 455
1 453
1 451
1 449
1 448
1 446
1 444
2 885
1 441
1 439
1 437
1 436
1 434
2 865
1 431
1 429
2 855
1 426
2 849
1 423
1 421
1 420
1 418
1 417
1 415
1 414
1 412
1 411
1 409
1 408
1 406
1 405
2 807
1 402
1 401
1 399
1 398
2 793
1 395
1 394
2 785
1 391
1 390
2 777
1 387
1 386
2 769
1 383
1 382
1 381
2 759
1 378
1 377
1 376
2 749
1 373
1 372
1 371
2 739
2 737
1 367
1 366
1 365
1 364
2 725
2 723
2 721
1 359
1 358
1 357
1 356
1 355
2 707
2 705
2 703
2 701
2 699
2 697
1 347
1 346
1 345
1 344
1 343
1 342
1 341
1 340
1 339
1 338
1 337
1 336
1 335
1 334
1 333
1 332
1 331
1 330
2 659
2 657
2 655
2 653
2 651
2 649
2 647
1 323
1 322
1 321
1 320
1 319
2 637
2 635
2 633
2 631
1 315
1 314
1 313
3 937
2 623
2 621
2 619
1 309
1 308
3 922
2 613
2 611
3 914
1 304
1 303
2 605
2 603
3 902
1 300
1 299
2 597
2 595
1 297
1 296
2 591
2 589
1 294
1 293
2 585
2 583
1 291
1 290
2 579
2 577
1 288
3 862
2 573
3 857
1 285
2 569
2 567
1 283
3 847
2 563
1 281
3 841
2 559
3 836
1 278
2 555
3 830
1 276
2 551
3 824
1 274
2 547
4 1091
3 817
2 543
1 271
3 811
2 539
1 269
2 537
3 803
1 267
2 533
1 266
3 796
2 529
1 264
2 527
4 1051
3 787
2 523
1 261
2 521
4 1039
3 778
3 776
1 258
2 515
1 257
3 769
3 767
3 766
3 764
1 254
2 507
1 253
2 505
4 1007
3 754
3 752
3 751
3 749
1 249
2 497
1 248
2 495
1 247
2 493
1 246
2 491
4 979
3 733
4 975
3 730
3 728
3 727
3 725
3 724
3 722
3 721
3 719
3 718
3 716
3 715
3 713
3 712
3 710
3 709
3 707
3 706
4 939
3 703
4 935
2 467
1 233
2 465
1 232
2 463
1 231
2 461
1 230
3 689
4 917
3 686
3 685
4 911
3 682
1 227
2 453
1 226
2 451
5 1126
3 674
3 673
4 895
3 670
1 223
2 445
1 222
3 665
4 885
4 883
3 661
1 220
2 439
1 219
3 656
3 655
4 871
2 435
1 217
3 650
4 865
4 863
3 646
1 215
2 429
4 857
4 855
3 640
1 213
3 638
4 849
4 847
2 423
1 211
3 632
3 631
5 1049
2 419
5 1046
3 626
3 625
1 208
2 415
4 829
4 827
2 413
6 1237
3 617
3 616
1 205
3 614
3 613
6 1223
2 407
4 813
4 811
2 405
6 1213
3 605
3 604
1 201
3 602
3 601
1 200
3 599
3 598
1 199
3 596
3 595
6 1187
2 395
4 789
6 1181
2 393
4 785
5 979
2 391
4 781
5 974
2 389
4 777
6 1163
2 387
4 773
6 1157
3 578
3 577
1 192
3 575
3 574
1 191
3 572
3 571
1 190
3 569
3 568
6 1135
4 755
2 377
5 941
5 939
2 375
4 749
1 187
3 560
3 559
1 186
3 557
5 927
6 1111
4 739
2 369
4 737
1 184
3 551
3 550
1 183
4 731
2 365
4 729
6 1091
3 545
3 544
1 181
4 723
2 361
5 901
6 1079
3 539
3 538
1 179
4 715
2 357
4 713
1 178
3 533
3 532
6 1063
5 884
2 353
3 529
1 176
4 703
2 351
4 701
1 175
3 524
5 872
5 871
6 1043
3 521
3 520
7 1212
5 864
5 863
3 517
1 172
4 687
2 343
3 514
1 171
4 683
2 341
4 681
1 170
4 679
2 339
4 677
1 169
4 675
2 337
4 673
1 168
4 671
2 335
3 502
1 167
4 667
2 333
3 499
8 1329
5 829
5 828
3 496
6 991
6 989
3 494
5 822
5 821
9 1475
3 491
2 327
4 653
1 163
4 651
2 325
3 487
8 1297
5 809
3 485
5 807
5 806
9 1448
3 482
2 321
4 641
1 160
5 799
5 798
3 478
5 796
9 1430
3 476
2 317
4 633
10 1581
5 789
3 473
5 787
5 786
1 157
4 627
2 313
3 469
6 937
7 1091
3 467
2 311
4 621
9 1396
5 774
3 464
5 772
4 617
1 154
5 769
5 768
5 767
5 766
1 153
4 611
5 763
3 457
5 761
1 152
4 607
5 758
3 454
5 756
1 151
4 603
5 753
3 451
5 751
1 150
4 599
5 748
5 747
4 597
1 149
5 744
3 446
5 742
4 593
11 1629
6 887
3 443
2 295
3 442
7 1030
8 1175
4 587
2 293
3 439
5 731
1 146
4 583
5 728
5 727
4 581
11 1596
6 869
3 434
2 289
3 433
6 865
1 144
4 575
5 718
5 717
4 573
10 1431
7 1000
3 428
2 285
3 427
5 711
1 142
5 709
3 425
2 283
3 424
7 988
11 1550
4 563
5 703
5 702
4 561
8 1121
8 1119
4 559
5 698
5 697
4 557
10 1391
7 972
4 555
5 693
5 692
4 553
10 1381
7 965
4 551
5 688
5 687
4 549
10 1371
8 1095
4 547
5 683
5 682
4 545
8 1089
10 1359
4 543
5 678
7 948
4 541
6 811
1 135
5 674
3 404
2 269
3 403
5 671
1 134
6 803
7 936
7 935
5 667
4 533
8 1065
10 1329
4 531
5 663
2 265
3 397
5 661
1 132
6 791
7 922
7 921
5 657
4 525
7 918
13 1702
5 654
3 392
2 261
3 391
4 521
10 1301
9 1169
4 519
5 648
2 259
3 388
5 646
13 1678
8 1031
4 515
5 643
7 899
3 385
5 641
1 128
7 895
4 511
5 638
7 892
3 382
5 636
14 1779
8 1015
4 507
5 633
2 253
3 379
5 631
11 1387
9 1133
4 503
3 377
2 251
5 627
4 501
8 1001
14 1749
5 624
3 374
7 872
5 622
4 497
6 745
1 124
7 867
4 495
5 618
2 247
3 370
5 616
9 1108
12 1475
5 614
3 368
7 858
5 612
7 856
6 733
16 1953
8 975
4 487
3 365
2 243
5 607
4 485
7 848
1 121
7 846
4 483
5 603
2 241
8 963
4 481
7 841
1 120
6 719
4 479
5 598
2 239
3 358
4 477
7 834
1 119
7 832
4 475
5 593
2 237
5 592
4 473
7 827
1 118
8 943
4 471
3 353
2 235
5 587
7 821
6 703
14 1639
10 1169
5 584
3 350
5 583
7 815
3 349
5 581
8 929
1 116
7 811
4 463
8 925
2 231
5 577
7 807
6 691
13 1496
11 1264
5 574
7 803
5 573
2 229
3 343
4 457
7 799
1 114
9 1025
5 569
3 341
7 795
7 794
3 340
4 453
7 792
1 113
8 903
5 564
3 338
7 788
7 787
3 337
4 449
7 785
1 112
9 1007
5 559
3 335
5 558
9 1003
3 334
4 445
6 667
17 1888
11 1220
5 554
7 775
5 553
2 221
5 552
7 772
5 551
10 1101
18 1979
7 769
4 439
3 329
7 767
7 766
3 328
4 437
7 764
19 2072
10 1089
5 544
7 761
5 543
2 217
5 542
7 758
5 541
8 865
1 108
8 863
5 539
7 754
5 538
2 215
5 537
7 751
5 536
9 964
1 107
8 855
5 534
7 747
5 533
2 213
5 532
7 744
5 531
9 955
1 106
9 953
5 529
7 740
5 528
2 211
5 527
3 316
5 526
7 736
19 1996
12 1259
6 629
4 419
3 314
7 732
9 940
8 835
4 417
6 625
11 1145
1 104
8 831
5 519
7 726
5 518
2 207
5 517
3 310
4 413
7 722
15 1546
15 1544
7 720
4 411
3 308
5 513
2 205
5 512
3 307
5 511
7 715
17 1735
14 1427
6 611
4 407
3 305
5 508
2 203
5 507
3 304
9 911
7 708
15 1516
16 1615
7 706
5 504
7 705
5 503
2 201
7 703
3 301
4 401
6 601
11 1101
1 100
9 899
5 499
7 698
8 797
7 697
11 1094
5 497
7 695
5 496
7 694
17 1684
15 1484
7 692
5 494
7 691
5 493
11 1084
7 689
8 787
7 688
5 491
8 785
24 2353
13 1273
7 685
9 880
10 977
5 488
13 1268
7 682
8 779
7 681
5 486
8 777
22 2135
14 1357
7 678
5 484
7 677
5 483
9 869
9 868
8 771
7 674
5 481
7 673
15 1441
20 1919
8 767
5 479
7 670
3 287
7 669
2 191
5 477
3 286
4 381
6 571
9 856
1 95
12 1139
7 664
9 853
7 663
8 757
9 851
11 1039
5 472
10 943
4 377
6 565
11 1035
1 94
11 1033
6 563
9 844
10 937
5 468
9 842
11 1028
5 467
10 933
4 373
6 559
10 931
1 93
12 1115
7 650
5 464
7 649
8 741
7 648
2 185
5 462
3 277
4 369
5 461
8 737
18 1657
19 1747
8 735
5 459
4 367
3 275
5 458
13 1190
9 823
8 731
10 913
9 821
6 547
10 911
1 91
14 1273
7 636
5 454
7 635
3 272
5 453
2 181
7 633
8 723
7 632
9 812
6 541
10 901
1 90
14 1259
7 629
5 449
7 628
3 269
5 448
15 1343
9 805
8 715
10 893
4 357
6 535
9 802
20 1781
20 1779
9 800
6 533
4 355
10 887
8 709
9 797
2 177
5 442
3 265
7 618
5 441
7 617
11 969
1 88
14 1231
7 615
5 439
4 351
3 263
5 438
11 963
11 962
5 437
3 262
7 611
5 436
7 610
12 1045
1 87
14 1217
8 695
5 434
4 347
3 260
5 433
9 779
15 1297
5 432
11 950
7 604
9 776
6 517
10 861
24 2065
19 1633
9 773
6 515
9 772
7 600
8 685
7 599
2 171
9 769
5 427
3 256
4 341
5 426
7 596
12 1021
1 85
14 1189
8 679
11 933
4 339
10 847
8 677
7 592
2 169
7 591
8 675
13 1096
4 337
5 421
7 589
12 1009
1 84
15 1259
8 671
6 503
4 335
7 586
8 669
7 585
17 1420
9 751
5 417
3 250
7 583
5 416
6 499
10 831
21 1744
24 1991
10 829
7 580
5 414
11 910
3 248
5 413
9 743
2 165
7 577
8 659
13 1070
4 329
5 411
7 575
11 903
27 2215
20 1639
10 819
6 491
5 409
11 899
3 245
5 408
9 734
2 163
7 570
8 651
3 244
11 894
5 406
7 568
10 811
20 1621
29 2348
11 890
7 566
5 404
4 323
10 807
8 645
7 564
15 1208
11 885
5 402
11 884
7 562
4 321
11 882
7 561
12 961
32 2561
20 1599
10 799
7 559
5 399
4 319
13 1036
8 637
7 557
17 1352
11 874
5 397
11 873
7 555
4 317
5 396
7 554
11 870
27 2134
23 1816
11 868
7 552
5 394
4 315
10 787
11 865
5 393
11 864
17 1334
7 549
8 627
3 235
11 861
9 704
6 469
9 703
15 1171
1 78
16 1247
9 701
6 467
5 389
4 311
13 1010
8 621
7 543
13 1008
15 1162
7 542
8 619
13 1005
11 850
9 695
6 463
9 694
15 1156
1 77
18 1385
10 769
7 538
5 384
4 307
10 767
11 843
5 383
9 689
2 153
7 535
5 382
3 229
7 534
4 305
11 838
7 533
11 837
21 1597
36 2735
13 987
8 607
6 455
9 682
11 833
13 984
8 605
7 529
11 831
19 1434
7 528
8 603
3 226
7 527
13 978
11 827
7 526
10 751
20 1501
1 75
15 1124
9 674
6 449
5 374
4 299
10 747
11 821
5 373
9 671
2 149
9 670
5 372
11 818
10 743
4 297
9 668
6 445
8 593
13 963
31 2295
26 1923
12 887
8 591
6 443
9 664
11 811
13 958
11 810
5 368
9 662
2 147
9 661
5 367
11 807
10 733
11 806
9 659
6 439
8 585
12 877
24 1753
36 2627
14 1021
9 656
6 437
5 364
4 291
7 509
3 218
8 581
7 508
17 1233
15 1087
7 507
8 579
3 217
7 506
4 289
5 361
6 433
9 649
14 1009
32 2305
28 2015
13 935
8 575
6 431
5 359
4 287
7 502
3 215
8 573
7 501
15 1073
17 1215
7 500
5 357
14 999
10 713
4 285
9 641
6 427
8 569
11 782
21 1492
1 71
17 1206
10 709
7 496
11 779
9 637
11 778
13 919
11 777
5 353
9 635
21 1481
13 916
7 493
8 563
3 211
10 703
4 281
5 351
6 421
8 561
11 771
21 1471
1 70
18 1259
11 769
8 559
6 419
9 628
4 279
10 697
17 1184
13 905
7 487
13 904
23 1598
9 625
5 347
11 763
16 1109
7 485
13 900
5 346
7 484
9 622
13 898
28 1933
39 2690
15 1034
10 689
7 482
11 757
9 619
11 756
10 687
17 1167
13 892
7 480
13 891
2 137
9 616
5 342
8 547
3 205
7 478
4 273
5 341
6 409
8 545
11 749
20 1361
1 68
21 1427
12 815
8 543
6 407
5 339
13 881
7 474
16 1083
11 744
5 338
9 608
17 1148
19 1282
9 607
5 337
11 741
19 1279
7 471
4 269
5 336
6 403
8 537
11 738
18 1207
1 67
25 1674
13 870
9 602
7 468
11 735
9 601
11 734
10 667
20 1333
8 533
7 466
11 732
2 133
11 731
7 465
13 863
14 929
10 663
11 729
13 861
5 331
13 860
8 529
12 793
20 1321
1 66
23 1517
13 857
9 593
7 461
11 724
9 592
15 986
10 657
3 197
8 525
12 787
9 590
23 1507
15 982
9 589
5 327
11 719
3 196
7 457
4 261
9 587
11 717
7 456
9 586
14 911
26 1691
1 65
19 1234
12 779
8 519
13 843
5 324
9 583
11 712
10 647
3 194
8 517
12 775
9 581
21 1355
19 1225
9 580
5 322
8 515
3 193
10 643
11 707
9 578
5 321
13 834
8 513
11 705
18 1153
47 3009
32 2047
15 959
10 639
8 511
6 383
5 319
13 829
11 701
10 637
20 1273
8 509
12 763
9 572
21 1334
19 1206
9 571
12 761
8 507
3 190
10 633
11 696
13 822
5 316
6 379
8 505
10 631
15 946
29 1828
1 63
20 1259
12 755
9 566
7 440
11 691
9 565
4 251
7 439
16 1003
14 877
13 814
7 438
11 688
27 1688
17 1062
9 562
5 312
8 499
3 187
10 623
11 685
13 809
5 311
6 373
7 435
9 559
13 807
23 1427
1 62
26 1611
14 867
10 619
8 495
6 371
5 309
13 803
15 926
10 617
3 185
11 678
5 308
7 431
13 800
2 123
15 922
9 553
5 307
8 491
3 184
10 613
11 674
17 1041
5 306
11 673
7 428
9 550
12 733
19 1160
49 2990
36 2195
17 1036
11 670
8 487
7 426
11 669
9 547
4 243
7 425
13 789
20 1213
8 485
5 303
9 545
15 908
2 121
13 786
7 423
5 302
8 483
3 181
10 603
11 663
4 241
14 843
11 662
7 421
9 541
11 661
17 1021
35 2101
57 3419
21 1259
13 779
9 539
7 419
6 359
5 299
9 538
15 896
7 418
19 1134
14 835
13 775
12 715
9 536
17 1012
31 1844
11 654
7 416
5 297
8 475
3 178
10 593
11 652
4 237
9 533
11 651
13 769
8 473
10 591
15 886
26 1535
1 59
28 1651
15 884
11 648
8 471
7 412
11 647
14 823
17 999
11 646
10 587
3 176
11 645
13 762
12 703
9 527
19 1112
29 1696
11 643
7 409
5 292
8 467
3 175
13 758
7 408
4 233
9 524
16 931
6 349
15 872
10 581
13 755
20 1161
45 2611
47 2725
20 1159
13 753
10 579
8 463
6 347
16 925
9 520
4 231
11 635
10 577
3 173
11 634
5 288
7 403
9 518
19 1093
33 1897
13 747
7 402
5 287
8 459
17 975
16 917
7 401
15 859
13 744
5 286
11 629
7 400
8 457
11 628
15 856
25 1426
1 57
33 1880
17 968
12 683
9 512
7 398
6 341
5 284
9 511
4 227
11 624
10 567
3 170
11 623
13 736
12 679
9 509
15 848
2 113
15 847
9 508
12 677
13 733
11 620
3 169
10 563
11 619
4 225
9 506
5 281
6 337
7 393
9 505
12 673
16 897
28 1569
1 56
31 1735
17 951
12 671
9 503
15 838
6 335
16 893
9 502
4 223
11 613
10 557
25 1392
14 779
8 445
5 278
7 389
11 611
27 1499
25 1387
11 610
7 388
5 277
8 443
14 775
25 1383
10 553
11 608
4 221
9 497
16 883
6 331
7 386
9 496
11 606
16 881
26 1431
76 4181
39 2144
19 1044
13 714
10 549
8 439
13 713
11 603
5 274
13 712
4 219
7 383
13 711
3 164
11 601
13 710
12 655
9 491
13 709
33 1799
23 1253
11 599
7 381
5 272
8 435
14 761
3 163
10 543
11 597
4 217
9 488
5 271
17 921
7 379
8 433
10 541
13 703
19 1027
37 1999
1 54
28 1511
17 917
12 647
9 485
15 808
13 700
11 592
19 1022
13 699
19 1021
7 376
13 698
3 161
11 590
13 697
17 911
7 375
11 589
23 1231
35 1872
13 695
9 481
12 641
18 961
11 587
23 1227
16 853
17 906
11 586
21 1118
9 479
16 851
6 319
7 372
8 425
10 531
14 743
20 1061
38 2015
1 53
30 1589
17 900
13 688
10 529
8 423
13 687
17 898
5 264
9 475
4 211
11 580
10 527
19 1001
20 1053
8 421
18 947
12 631
9 473
13 683
31 1628
27 1417
13 682
16 839
12 629
13 681
11 576
23 1204
19 994
10 523
11 575
4 209
9 470
5 261
17 887
13 678
8 417
10 521
12 625
16 833
26 1353
64 3329
51 2651
24 1247
15 779
12 623
9 467
15 778
13 674
11 570
5 259
9 466
4 207
11 569
10 517
19 982
23 1188
11 568
13 671
12 619
16 825
11 567
21 1082
2 103
15 772
9 463
7 360
5 257
8 411
14 719
3 154
13 667
7 359
15 769
21 1076
9 461
5 256
17 870
13 665
8 409
10 511
12 613
16 817
24 1225
52 2653
69 3518
27 1376
17 866
13 662
10 509
8 407
7 356
6 305
16 813
14 711
13 660
23 1167
18 913
10 507
25 1267
20 1013
8 405
18 911
12 607
16 809
11 556
21 1061
2 101
17 858
11 555
7 353
17 857
13 655
11 554
26 1309
19 956
10 503
11 553
4 201
13 653
19 954
11 552
6 301
7 351
8 401
10 501
13 651
17 851
26 1301
60 3001
64 3199
27 1349
17 849
13 649
10 499
17 848
7 349
6 299
11 548
19 946
9 448
4 199
11 547
17 845
16 795
3 149
14 695
8 397
5 248
12 595
9 446
13 644
27 1337
41 2029
15 742
11 544
7 346
17 840
13 642
11 543
23 1135
22 1085
10 493
18 887
19 936
17 837
14 689
5 246
17 836
13 639
15 737
9 442
11 540
14 687
19 932
32 1569
91 4460
50 2449
25 1224
17 832
13 636
10 489
17 831
7 342
19 928
11 537
5 244
9 439
25 1219
15 731
7 341
13 633
31 1509
17 827
11 535
13 632
17 826
7 340
11 534
15 728
39 1892
29 1406
15 727
9 436
7 339
22 1065
13 629
11 532
23 1112
25 1208
10 483
7 338
15 724
21 1013
9 434
5 241
11 530
19 915
7 337
8 385
10 481
12 577
16 769
23 1105
41 1969
1 48
40 1919
22 1055
16 767
12 575
10 479
8 383
7 335
19 909
11 526
5 239
9 430
21 1003
19 907
18 859
10 477
19 906
29 1382
11 524
8 381
5 238
12 571
16 761
11 523
19 903
2 95
23 1092
13 617
9 427
19 901
5 237
13 616
11 521
23 1089
28 1325
13 615
7 331
15 709
4 189
13 614
19 897
16 755
6 283
13 613
15 707
9 424
11 518
13 612
18 847
26 1223
52 2445
1 47
35 1644
21 986
15 704
12 563
10 469
8 375
7 328
13 609
11 515
5 234
14 655
13 608
4 187
11 514
17 794
13 607
3 140
17 793
11 513
13 606
22 1025
7 326
9 419
13 605
23 1070
2 93
21 976
13 604
9 418
19 882
22 1021
13 603
11 510
17 788
3 139
13 602
17 787
11 509
27 1249
17 786
9 416
5 231
11 508
19 877
7 323
8 369
19 876
11 507
14 645
19 875
28 1289
56 2577
104 4783
36 1655
22 1011
16 735
12 551
10 459
9 413
15 688
13 596
6 275
16 733
19 870
9 412
25 1144
15 686
18 823
10 457
16 731
3 137
14 639
8 365
18 821
17 775
7 319
9 410
13 592
21 956
2 91
25 1137
13 591
9 409
7 318
17 772
23 1044
8 363
14 635
32 1451
22 997
10 453
7 317
15 679
4 181
13 588
14 633
5 226
11 497
19 858
7 316
8 361
9 406
11 496
14 631
18 811
25 1126
44 1981
1 45
48 2159
26 1169
18 809
14 629
11 494
19 853
8 359
7 314
13 583
17 762
21 941
14 627
13 582
29 1298
15 671
18 805
10 447
16 715
3 134
17 759
11 491
13 580
5 223
12 535
16 713
11 490
17 757
33 1469
49 2180
19 845
13 578
9 400
7 311
17 755
18 799
8 355
14 621
35 1552
22 975
13 576
7 310
11 487
4 177
17 752
9 398
5 221
11 486
6 265
13 574
15 662
17 750
10 441
12 529
15 661
19 837
28 1233
52 2289
1 44
45 1979
26 1143
18 791
14 615
12 527
10 439
17 746
15 658
13 570
6 263
16 701
5 219
9 394
17 744
4 175
11 481
7 306
10 437
22 961
3 131
14 611
19 829
13 567
5 218
12 523
16 697
11 479
15 653
29 1262
2 87
23 1000
13 565
9 391
7 304
12 521
5 217
13 564
11 477
17 737
3 130
16 693
10 433
7 303
15 649
4 173
13 562
14 605
5 216
11 475
6 259
13 561
15 647
17 733
19 819
11 474
14 603
17 732
24 1033
37 1592
90 3871
77 3310
35 1504
23 988
17 730
13 558
11 472
19 815
8 343
22 943
13 557
6 257
16 685
5 214
14 599
13 556
4 171
15 641
18 769
10 427
16 683
3 128
23 981
11 469
8 341
23 980
17 724
19 809
16 681
11 468
17 723
31 1318
2 85
23 977
13 552
20 849
23 976
12 509
5 212
13 551
19 805
14 593
35 1482
25 1058
13 550
17 719
18 761
19 803
33 1394
13 549
14 591
5 211
11 464
6 253
13 548
15 632
8 337
19 800
11 463
13 547
16 673
21 883
31 1303
59 2479
1 42
47 1973
28 1175
20 839
15 629
13 545
11 461
9 377
8 335
7 293
13 544
23 962
16 669
5 209
14 585
13 543
4 167
19 793
18 751
17 709
13 542
25 1042
38 1583
14 583
19 791
13 541
5 208
12 499
7 291
9 374
13 540
17 706
35 1453
63 2614
23 954
15 622
20 829
16 663
19 787
22 911
18 745
8 331
11 455
23 951
3 124
16 661
10 413
7 289
11 454
27 1114
21 866
22 907
14 577
5 206
11 453
6 247
13 535
22 905
8 329
9 370
11 452
13 534
15 616
19 780
27 1108
43 1764
112 4593
77 3156
37 1516
24 983
18 737
14 573
12 491
10 409
9 368
8 327
7 286
13 531
6 245
11 449
5 204
14 571
13 530
25 1019
23 937
11 448
7 285
10 407
16 651
46 1871
26 1057
14 569
8 325
13 528
5 203
12 487
7 284
9 365
13 527
17 689
33 1337
2 81
25 1012
15 607
11 445
16 647
7 283
17 687
5 202
13 525
19 767
14 565
32 1291
34 1371
16 645
10 403
7 282
11 443
27 1087
25 1006
13 523
14 563
5 201
11 442
23 924
13 522
7 281
23 923
17 682
10 401
12 481
14 561
17 681
21 841
30 1201
50 2001
1 40
68 2719
35 1399
24 959
18 719
15 599
12 479
21 838
9 359
8 319
15 598
13 518
6 239
17 677
21 836
24 955
9 358
13 517
4 159
19 755
11 437
7 278
10 397
19 754
49 1944
26 1031
14 555
19 753
13 515
5 198
17 673
7 277
16 633
11 435
15 593
23 909
55 2173
45 1777
21 829
15 592
11 434
16 631
19 749
17 670
5 197
13 512
19 748
14 551
26 1023
49 1927
19 747
10 393
7 275
11 432
19 746
4 157
17 667
9 353
19 745
26 1019
11 431
6 235
13 509
7 274
8 313
17 665
10 391
11 430
13 508
16 625
20 781
27 1054
41 1600
89 3472
117 4562
46 1793
29 1130
21 818
17 662
14 545
12 467
10 389
9 350
8 311
22 855
13 505
6 233
17 660
16 621
34 1319
14 543
13 504
25 969
31 1201
15 581
25 968
17 658
13 503
22 851
3 116
20 773
11 425
8 309
13 502
5 193
17 656
7 270
16 617
11 424
13 501
21 809
41 1579
77 2964
27 1039
17 654
24 923
9 346
23 884
12 461
22 845
23 883
21 806
19 729
14 537
29 1112
46 1763
19 728
23 881
24 919
18 689
15 574
4 153
21 803
22 841
14 535
5 191
16 611
17 649
25 954
20 763
22 839
8 305
9 343
10 381
23 876
13 495
16 609
20 761
26 989
38 1445
71 2699
1 38
58 2203
34 1291
24 911
19 721
15 569
13 493
11 417
10 379
17 644
8 303
7 265
13 492
6 227
17 643
16 605
5 189
14 529
22 831
21 793
4 151
15 566
18 679
24 905
10 377
16 603
37 1394
38 1431
17 640
11 414
8 301
18 677
5 188
17 639
7 263
16 601
20 751
13 488
19 713
33 1238
2 75
35 1312
19 712
13 487
11 412
16 599
7 262
12 449
5 187
18 673
21 785
11 411
17 635
32 1195
49 1829
19 709
13 485
17 634
25 932
15 559
27 1006
33 1229
13 484
9 335
19 707
31 1153
11 409
23 855
19 706
20 743
15 557
8 297
9 334
10 371
23 853
13 482
16 593
19 704
24 889
33 1222
54 1999
148 5477
90 3329
44 1627
29 1072
22 813
17 628
15 554
13 480
11 406
19 701
17 627
8 295
22 811
13 479
25 921
17 626
16 589
5 184
19 699
9 331
17 625
37 1360
27 992
15 551
25 918
17 624
23 844
19 697
43 1577
38 1393
17 623
11 403
8 293
13 476
5 183
17 622
19 695
23 841
9 329
11 402
15 548
23 840
45 1643
81 2956
29 1058
17 620
13 474
20 729
16 583
7 255
12 437
32 1165
23 837
21 764
19 691
14 509
23 836
3 109
28 1017
16 581
10 363
7 254
18 653
15 544
39 1414
25 906
13 471
9 326
19 688
36 1303
16 579
17 615
25 904
20 723
29 1048
23 831
17 614
19 686
21 758
12 433
14 505
16 577
20 721
25 901
35 1261
58 2089
167 6013
92 3311
45 1619
30 1079
23 827
18 647
15 539
13 467
23 826
10 359
9 323
25 897
15 538
7 251
13 466
6 215
17 609
16 573
5 179
19 680
9 322
13 465
29 1037
31 1108
15 536
18 643
31 1107
10 357
16 571
25 892
3 107
26 927
14 499
19 677
8 285
18 641
5 178
17 605
19 676
23 818
9 320
11 391
15 533
21 746
35 1243
2 71
39 1384
21 745
15 532
11 390
9 319
16 567
26 921
17 602
5 177
18 637
21 743
19 672
14 495
20 707
59 2085
34 1201
16 565
23 812
17 600
25 882
11 388
23 811
4 141
21 740
22 775
14 493
24 845
31 1091
11 387
23 809
31 1090
13 457
7 246
23 808
17 597
9 316
10 351
23 807
13 456
15 526
18 631
22 771
28 981
39 1366
67 2346
1 35
86 3009
45 1574
31 1084
23 804
19 664
16 559
14 489
12 419
21 733
19 663
17 593
8 279
22 767
20 697
19 662
6 209
11 383
16 557
5 174
19 661
9 313
13 452
29 1008
43 1494
19 660
11 382
7 243
17 590
13 451
19 659
37 1283
50 1733
20 693
14 485
19 658
21 727
18 623
5 173
17 588
19 657
30 1037
9 311
11 380
13 449
19 656
27 932
61 2105
71 2449
29 1000
19 655
15 517
11 379
9 310
23 792
19 654
17 585
5 172
23 791
21 722
27 928
25 859
17 584
35 1202
58 1991
22 755
13 446
10 343
31 1063
18 617
15 514
27 925
4 137
17 582
22 753
23 787
24 821
36 1231
16 547
17 581
6 205
13 444
27 922
15 512
8 273
17 580
19 648
21 716
12 409
13 443
15 511
18 613
22 749
28 953
38 1293
62 2109
161 5475
113 3841
53 1801
35 1189
26 883
21 713
17 577
15 509
13 441
23 780
21 712
19 644
17 576
8 271
22 745
27 914
19 643
6 203
17 575
16 541
41 1386
24 811
23 777
22 743
17 574
45 1519
27 911
15 506
18 607
7 236
17 573
13 438
19 640
37 1246
65 2188
23 774
14 471
11 370
8 269
13 437
33 1109
27 907
12 403
26 873
23 772
9 302
11 369
15 503
19 637
29 972
59 1977
83 2780
33 1105
21 703
15 502
24 803
29 970
16 535
7 234
12 401
22 735
5 167
18 601
21 701
19 634
25 834
20 667
38 1267
67 2233
25 833
16 533
10 333
17 566
25 832
11 366
19 632
47 1563
29 964
17 565
9 299
14 465
29 963
31 1029
16 531
17 564
6 199
19 630
27 895
22 729
23 762
17 563
9 298
10 331
11 364
25 827
14 463
16 529
19 628
23 760
29 958
40 1321
64 2113
160 5281
126 4157
58 1913
38 1253
28 923
22 725
19 626
16 527
14 461
12 395
11 362
10 329
9 296
17 559
23 756
22 723
27 887
19 624
6 197
17 558
16 525
31 1017
34 1115
14 459
9 295
13 426
25 819
4 131
23 753
26 851
18 589
31 1014
10 327
13 425
19 621
34 1111
3 98
26 849
17 555
11 359
27 881
21 685
18 587
5 163
17 554
12 391
7 228
16 521
9 293
11 358
15 488
19 618
27 878
53 1723
2 65
37 1202
23 747
17 552
13 422
20 649
9 292
23 746
26 843
12 389
27 875
38 1231
18 583
29 939
19 615
25 809
17 550
32 1035
3 97
28 905
16 517
23 743
17 549
7 226
18 581
26 839
23 742
4 129
25 806
13 419
9 290
14 451
29 934
36 1159
16 515
17 547
35 1126
25 804
20 643
7 225
15 482
8 257
26 835
19 610
21 674
23 738
13 417
14 449
16 513
19 609
23 737
28 897
37 1185
54 1729
105 3361
1 32
79 2527
47 1503
33 1055
26 831
21 671
18 575
16 511
14 447
12 383
11 351
10 319
28 893
17 542
8 255
15 478
7 223
13 414
25 796
29 923
28 891
16 509
41 1304
29 922
14 445
9 286
13 413
25 794
4 127
23 730
15 476
18 571
7 222
17 539
23 729
16 507
25 792
55 1742
50 1583
23 728
14 443
11 348
8 253
21 664
18 569
5 158
22 695
12 379
26 821
23 726
9 284
20 631
13 410
15 473
21 662
33 1040
69 2174
91 2866
37 1165
23 724
17 535
13 409
11 346
9 283
16 503
7 220
12 377
17 534
5 157
23 722
13 408
8 251
19 596
14 439
20 627
35 1097
3 94
31 971
19 595
13 407
10 313
24 751
25 782
11 344
19 594
35 1094
53 1656
21 656
13 406
9 281
14 437
34 1061
36 1123
16 499
28 873
29 904
31 966
13 405
34 1059
22 685
31 965
25 778
9 280
29 902
21 653
23 715
13 404
29 901
16 497
19 590
22 683
27 838
35 1086
49 1520
81 2512
1 31
116 3595
59 1828
40 1239
30 929
24 743
20 619
17 526
15 464
27 835
12 371
11 340
10 309
19 587
26 803
8 247
15 463
36 1111
20 617
19 586
6 185
23 709
11 339
21 647
5 154
24 739
14 431
9 277
13 400
21 646
4 123
31 953
19 584
11 338
25 768
31 952
27 829
13 399
16 491
28 859
67 2055
47 1441
23 705
31 950
11 337
27 827
21 643
18 551
38 1163
37 1132
17 520
19 581
7 214
16 489
9 275
11 336
13 397
17 519
21 641
31 946
63 1922
2 61
43 1311
25 762
19 579
15 457
24 731
20 609
25 761
23 700
26 791
12 365
22 669
5 152
23 699
13 395
8 243
19 577
25 759
17 516
26 789
68 2063
49 1486
25 758
16 485
23 697
27 818
38 1151
25 757
11 333
19 575
31 938
4 121
25 756
13 393
9 272
14 423
24 725
5 151
21 634
27 815
17 513
6 181
25 754
13 392
7 211
22 663
23 693
25 753
9 271
19 572
21 632
11 331
25 752
14 421
15 451
17 511
20 601
23 691
28 841
36 1081
50 1501
82 2461
230 6901
135 4049
66 1979
44 1319
33 989
26 779
22 659
19 569
17 509
15 449
13 389
12 359
11 329
10 299
28 837
26 777
33 986
23 687
29 866
27 806
13 388
25 746
35 1044
17 507
27 805
26 775
5 149
24 715
14 417
9 268
13 387
21 625
53 1577
39 1160
19 565
26 773
18 535
7 208
17 505
10 297
13 386
19 564
31 920
3 89
41 1216
23 682
31 919
11 326
27 800
29 859
13 385
28 829
5 148
22 651
12 355
26 769
30 887
16 473
29 857
11 325
13 384
17 502
21 620
31 915
55 1623
2 59
53 1563
29 855
21 619
17 501
13 383
11 324
29 854
16 471
30 883
26 765
12 353
22 647
5 147
28 823
13 382
29 852
27 793
11 323
14 411
20 587
35 1027
3 88
37 1085
22 645
16 469
23 674
17 498
38 1113
25 732
11 322
15 439
27 790
4 117
33 965
17 497
22 643
9 263
14 409
29 847
5 146
21 613
27 788
17 496
41 1196
25 729
13 379
27 787
29 845
15 437
8 233
17 495
9 262
29 844
21 611
23 669
25 727
14 407
15 436
17 494
20 581
23 668
27 784
34 987
44 1277
65 1886
122 3539
1 29
99 2870
58 1681
41 1188
32 927
26 753
22 637
19 550
17 492
15 434
27 781
12 347
34 983
21 607
19 549
9 260
17 491
8 231
15 433
36 1039
27 779
13 375
25 721
41 1182
17 490
11 317
21 605
56 1613
29 835
14 403
32 921
22 633
17 489
25 719
4 115
35 1006
19 546
26 747
18 517
7 201
24 689
10 287
13 373
16 459
25 717
46 1319
3 86
32 917
20 573
14 401
11 315
27 773
29 830
13 372
23 658
5 143
27 772
29 829
19 543
7 200
23 657
34 971
20 571
24 685
28 799
17 485
21 599
31 884
53 1511
2 57
63 1795
33 940
23 655
19 541
15 427
24 683
20 569
9 256
16 455
7 199
26 739
12 341
22 625
5 142
33 937
18 511
21 596
8 227
30 851
25 709
17 482
26 737
50 1417
94 2663
34 963
19 538
29 821
23 651
27 764
31 877
32 905
29 820
26 735
19 537
43 1215
61 1723
25 706
17 480
22 621
32 903
14 395
29 818
5 141
21 592
27 761
17 479
29 817
43 1211
19 535
20 563
7 197
22 619
23 647
33 928
26 731
28 787
29 815
21 590
23 646
25 702
27 758
15 421
17 477
19 533
21 589
25 701
29 813
36 1009
48 1345
71 1989
137 3837
1 28
102 2855
61 1707
43 1203
33 923
27 755
23 643
20 559
18 503
16 447
29 810
13 363
12 335
11 307
21 586
19 530
9 251
17 474
8 223
23 641
22 613
7 195
20 557
19 529
49 1364
29 807
28 779
27 751
21 584
5 139
29 806
19 528
23 639
31 861
13 361
21 583
45 1249
63 1748
27 749
15 416
11 305
18 499
7 194
17 471
10 277
13 360
16 443
22 609
40 1107
3 83
44 1217
23 636
17 470
25 691
30 829
35 967
21 580
31 856
28 773
5 138
27 745
17 469
19 524
40 1103
30 827
25 689
38 1047
31 854
24 661
15 413
19 523
23 633
33 908
55 1513
2 55
69 1897
37 1017
25 687
19 522
15 412
13 357
11 302
29 796
25 686
23 631
7 192
19 521
12 329
22 603
57 1562
33 904
18 493
21 575
8 219
19 520
11 301
14 383
20 547
32 875
68 1859
70 1913
31 847
19 519
29 792
23 628
27 737
24 655
7 191
18 491
11 300
34 927
27 736
71 1935
41 1117
21 572
30 817
22 599
32 871
14 381
29 789
5 136
26 707
16 435
11 299
23 625
6 163
25 679
13 353
20 543
7 190
22 597
23 624
41 1112
17 461
9 244
29 786
31 840
11 298
12 325
13 352
14 379
15 406
17 460
19 514
22 595
25 676
29 784
36 973
46 1243
65 1756
109 2944
1 27
149 4022
77 2078
52 1403
39 1052
32 863
26 701
23 620
20 539
18 485
16 431
29 781
27 727
25 673
23 619
21 565
10 269
19 511
35 941
25 672
8 215
15 403
29 779
48 1289
20 537
19 510
37 993
41 1100
17 456
11 295
16 429
31 831
5 134
24 643
14 375
32 857
22 589
30 803
21 562
41 1097
4 107
31 829
19 508
26 695
18 481
32 855
38 1015
17 454
10 267
13 347
16 427
25 667
40 1067
3 80
50 1333
26 693
20 533
14 373
11 293
19 506
8 213
21 559
18 479
28 745
5 133
27 718
17 452
31 824
33 877
37 983
16 425
9 239
20 531
11 292
13 345
32 849
19 504
25 663
35 928
59 1564
2 53
75 1987
39 1033
27 715
21 556
17 450
28 741
24 635
31 820
9 238
25 661
23 608
7 185
19 502
12 317
22 581
47 1241
48 1267
23 607
13 343
29 765
35 923
30 791
25 659
31 817
23 606
32 843
77 2028
73 1922
34 895
22 579
16 421
36 947
10 263
17 447
45 1183
32 841
29 762
26 683
19 499
31 814
79 2074
45 1181
25 656
30 787
22 577
9 236
14 367
19 498
44 1153
56 1467
21 550
27 707
28 733
23 602
6 157
31 811
32 837
20 523
7 183
22 575
23 601
8 209
25 653
26 679
28 731
29 757
21 548
11 287
12 313
13 339
14 365
15 391
33 860
18 469
21 547
23 599
27 703
32 833
39 1015
50 1301
70 1821
117 3043
1 26
161 4185
83 2157
56 1455
42 1091
34 883
28 727
25 649
22 571
19 493
17 441
16 415
29 752
27 700
25 648
23 596
32 829
10 259
19 492
9 233
17 440
33 854
31 802
15 388
36 931
34 879
33 853
19 491
37 956
47 1214
23 594
11 284
16 413
26 671
66 1703
39 1006
19 490
14 361
9 232
22 567
30 773
21 541
37 953
4 103
35 901
19 489
15 386
11 283
25 643
7 180
24 617
27 694
33 848
13 334
35 899
25 642
37 950
97 2490
65 1668
32 821
20 513
17 436
25 641
30 769
27 692
37 948
34 871
18 461
33 845
5 128
32 819
17 435
12 307
26 665
7 179
23 588
25 639
38 971
31 792
24 613
28 715
32 817
19 485
25 638
33 842
51 1301
121 3086
117 2983
51 1300
33 841
25 637
19 484
32 815
28 713
24 611
31 789
38 967
25 636
23 585
7 178
26 661
12 305
17 432
27 686
5 127
33 838
18 457
13 330
29 736
35 888
19 482
36 913
14 355
20 507
29 735
50 1267
3 76
49 1241
28 709
19 481
29 734
23 582
10 253
17 430
38 961
39 986
18 455
11 278
15 379
23 581
39 985
4 101
37 934
21 530
30 757
22 555
9 227
23 580
19 479
34 857
5 126
31 781
16 403
11 277
17 428
29 730
6 151
25 629
13 327
20 503
7 176
29 729
15 377
39 980
33 829
17 427
9 226
19 477
10 251
21 527
34 853
12 301
13 326
14 351
15 376
16 401
18 451
20 501
22 551
25 626
29 726
34 851
41 1026
53 1326
75 1876
125 3126
1 25
178 4449
91 2274
61 1524
46 1149
37 924
31 774
27 674
23 574
21 524
19 474
17 424
31 773
29 723
27 673
25 623
23 573
11 274
31 772
29 722
28 697
35 871
17 423
8 199
23 572
15 373
36 895
41 1019
20 497
32 795
31 770
6 149
29 720
17 422
38 943
16 397
31 769
5 124
34 843
19 471
14 347
41 1016
22 545
13 322
21 520
29 718
69 1708
59 1460
27 668
19 470
26 643
40 989
25 618
7 173
24 593
27 667
10 247
13 321
16 395
19 469
28 691
49 1209
3 74
53 1307
29 715
20 493
17 419
25 616
11 271
27 665
8 197
21 517
31 763
23 566
43 1058
62 1525
27 664
17 418
12 295
26 639
7 172
23 565
25 614
9 221
20 491
11 270
37 908
28 687
17 417
21 515
25 613
35 858
53 1299
111 2720
151 3699
59 1445
37 906
27 661
21 514
17 416
15 367
13 318
35 856
20 489
9 220
25 611
23 562
58 1417
33 806
31 757
29 708
22 537
42 1025
78 1903
28 683
18 439
34 829
37 902
35 853
19 463
36 877
14 341
17 414
23 560
35 852
77 1874
100 2433
40 973
25 608
19 462
29 705
23 559
10 243
17 413
31 753
7 170
25 607
40 971
26 631
19 461
27 655
51 1237
101 2449
33 800
21 509
30 727
22 533
9 218
23 557
33 799
24 581
54 1307
56 1355
26 629
16 387
11 266
17 411
29 701
6 145
31 749
32 773
33 797
34 821
50 1207
22 531
23 555
8 193
25 603
26 627
9 217
19 458
10 241
21 506
11 265
35 843
25 602
27 650
29 698
31 746
17 409
18 433
20 481
22 529
25 601
28 673
33 793
39 937
48 1153
64 1537
93 2233
175 4201
1 24
146 3503
85 2039
60 1439
46 1103
38 911
32 767
28 671
24 575
22 527
20 479
18 431
33 790
15 359
14 335
13 311
25 598
23 550
11 263
21 502
10 239
19 454
9 215
26 621
25 597
8 191
23 549
22 525
43 1026
41 978
20 477
32 763
25 596
6 143
35 834
17 405
39 929
27 643
21 500
36 857
5 119
34 809
19 452
14 333
41 975
31 737
13 309
17 404
25 594
41 974
4 95
43 1021
27 641
34 807
26 617
40 949
25 593
53 1257
38 901
17 403
10 237
23 545
13 308
16 379
22 521
31 734
55 1302
3 71
56 1325
32 757
23 544
17 402
14 331
11 260
19 449
35 827
37 874
21 496
31 732
23 543
48 1133
72 1699
27 637
17 401
12 283
19 448
40 943
44 1037
23 542
25 589
9 212
20 471
11 259
37 871
28 659
17 400
19 447
23 541
31 729
41 964
67 1575
191 4489
109 2561
55 1292
37 869
27 634
21 493
19 446
15 352
41 962
24 563
42 985
29 680
9 211
25 586
23 539
7 164
33 773
31 726
29 679
22 515
32 749
5 117
38 889
23 538
31 725
21 491
53 1239
35 818
30 701
36 841
14 327
17 397
23 537
32 747
56 1307
3 70
61 1423
34 793
22 513
19 443
29 676
23 536
10 233
27 629
24 559
7 163
32 745
18 419
11 256
15 349
19 442
31 721
63 1465
89 2069
33 767
21 488
30 697
35 813
31 720
41 952
14 325
19 441
29 673
5 116
46 1067
26 603
16 371
11 255
17 394
23 533
65 1506
43 996
19 440
13 301
20 463
48 1111
43 995
22 509
23 532
8 185
33 763
17 393
9 208
28 647
29 670
41 947
32 739
34 785
12 277
25 577
27 623
29 669
31 715
33 761
18 415
19 438
21 484
24 553
26 599
30 691
34 783
41 944
50 1151
65 1496
92 2117
160 3681
1 23
190 4369
101 2322
69 1586
53 1218
43 988
36 827
31 712
27 620
24 551
22 505
20 459
18 413
17 390
31 711
29 665
27 619
13 298
12 275
23 527
11 252
21 481
10 229
19 435
9 206
26 595
25 572
57 1304
31 709
15 343
22 503
7 160
34 777
33 754
32 731
25 571
61 1393
47 1073
23 525
28 639
49 1118
16 365
26 593
46 1049
89 2029
29 661
19 433
14 319
32 729
40 911
35 797
30 683
21 478
29 660
57 1297
4 91
39 887
23 523
34 773
26 591
11 250
18 409
39 886
59 1340
24 545
27 613
10 227
23 522
29 658
35 794
22 499
31 703
52 1179
3 68
74 1677
38 861
26 589
20 453
31 702
25 566
11 249
19 430
43 973
45 1018
21 475
31 701
23 520
33 746
5 113
42 949
22 497
17 384
12 271
19 429
47 1061
51 1151
23 519
25 564
9 203
29 654
42 947
24 541
13 293
15 338
17 383
21 473
25 563
31 698
41 923
61 1373
133 2993
177 3982
69 1552
43 967
33 742
25 562
21 472
36 809
15 337
41 921
24 539
11 247
20 449
9 202
25 561
16 359
37 830
7 157
26 583
31 695
29 650
22 493
32 717
87 1949
53 1187
28 627
18 403
13 291
29 649
8 179
27 604
30 671
36 805
14 313
17 380
23 514
29 648
44 983
98 2189
109 2434
46 1027
31 692
22 491
35 781
29 647
23 513
10 223
27 602
24 535
45 1003
46 1025
25 557
29 646
37 824
15 334
23 512
31 690
63 1402
109 2425
41 912
25 556
17 378
13 289
22 489
9 200
32 711
14 311
19 422
34 755
89 1976
51 1132
26 577
16 355
38 843
39 865
17 377
35 776
6 133
37 820
19 421
13 288
20 443
41 908
57 1262
22 487
15 332
31 686
8 177
25 553
26 575
9 199
28 619
29 641
41 906
32 707
45 994
35 773
37 817
13 287
41 905
29 640
31 684
33 728
18 397
39 860
21 463
23 507
26 573
29 639
32 705
38 837
44 969
54 1189
70 1541
100 2201
172 3785
1 22
210 4619
112 2463
76 1671
58 1275
47 1033
39 857
34 747
30 659
26 571
24 527
22 483
20 439
37 812
17 373
16 351
15 329
14 307
40 877
25 548
12 263
23 504
43 942
31 679
10 219
19 416
37 810
44 963
17 372
33 722
8 175
23 503
15 328
29 634
7 153
34 743
20 437
45 983
25 546
43 939
6 131
29 633
17 371
39 851
27 589
16 349
26 567
46 1003
5 109
34 741
24 523
47 1024
23 501
9 196
31 675
13 283
30 653
21 457
29 631
57 1240
4 87
47 1022
27 587
19 413
15 326
37 804
29 630
25 543
46 999
52 1129
24 521
27 586
10 217
23 499
13 282
16 347
19 412
25 542
37 802
61 1322
3 65
71 1538
38 823
26 563
20 433
17 368
14 303
36 779
30 649
27 584
67 1449
37 800
34 735
31 670
23 497
33 713
78 1685
57 1231
27 583
39 842
29 626
31 669
26 561
61 1316
44 949
23 496
25 539
52 1121
29 625
31 668
11 237
37 797
28 603
15 323
36 775
21 452
25 538
31 667
39 839
55 1183
99 2129
2 43
101 2171
57 1225
39 838
31 666
25 537
21 451
36 773
47 1009
28 601
37 794
46 987
31 665
29 622
9 193
25 536
23 493
37 793
75 1607
26 557
31 664
41 878
17 364
27 578
47 1006
5 107
38 813
23 492
31 663
47 1005
29 620
8 171
35 748
30 641
11 235
25 534
31 662
37 790
23 491
32 683
47 1003
107 2283
121 2581
52 1109
34 725
25 533
19 405
16 341
13 277
23 490
10 213
27 575
24 511
52 1107
53 1128
25 532
29 617
11 234
41 872
19 404
23 489
35 744
79 1679
93 1976
41 871
25 531
38 807
30 637
35 743
40 849
50 1061
23 488
33 700
24 509
34 721
104 2205
56 1187
26 551
37 784
27 572
11 233
45 953
23 487
47 995
6 127
31 656
19 402
13 275
20 423
34 719
7 148
29 613
37 782
23 486
55 1162
41 866
42 887
26 549
9 190
28 591
29 612
10 211
21 443
11 232
23 485
12 253
25 527
13 274
14 295
29 611
31 653
33 695
35 737
19 400
41 863
22 463
24 505
27 568
30 631
33 694
38 799
45 946
54 1135
67 1408
91 1912
139 2920
298 6259
413 8672
160 3359
99 2078
72 1511
57 1196
47 986
40 839
35 734
31 650
27 566
25 524
23 482
21 440
39 817
18 377
17 356
16 335
15 314
14 293
27 565
38 795
49 1025
35 732
45 941
32 669
31 648
49 1024
19 397
37 773
44 919
43 898
25 522
8 167
39 814
38 793
22 459
36 751
7 146
34 709
20 417
13 271
19 396
31 646
6 125
41 854
23 479
17 354
11 229
27 562
37 770
26 541
46 957
5 104
44 915
24 499
19 395
51 1060
32 665
9 187
22 457
13 270
30 623
21 436
29 602
49 1017
4 83
67 1390
35 726
23 477
34 705
41 850
48 995
29 601
25 518
46 953
73 1512
31 642
17 352
37 766
43 890
36 745
42 869
16 331
41 848
25 517
34 703
55 1137
133 2749
110 2273
50 1033
32 661
26 537
20 413
31 640
14 289
36 743
41 846
19 392
43 887
53 1093
21 433
13 268
31 639
23 474
38 783
93 1916
62 1277
32 659
22 453
29 597
12 247
19 391
33 679
7 144
37 761
39 802
25 514
52 1069
38 781
20 411
11 226
24 493
13 267
43 883
32 657
36 739
21 431
25 513
31 636
39 800
53 1087
83 1702
209 4285
161 3300
75 1537
49 1004
37 758
29 594
25 512
21 430
36 737
32 655
28 573
13 266
24 491
11 225
20 409
38 777
52 1063
25 511
23 470
37 756
7 143
33 674
19 388
12 245
29 592
22 449
32 653
57 1163
108 2203
38 775
23 469
18 367
13 265
21 428
45 917
59 1202
27 550
30 611
58 1181
39 794
31 631
37 753
23 468
29 590
41 834
68 1383
3 61
82 1667
46 935
31 630
25 508
19 386
16 325
13 264
23 467
53 1076
37 751
17 345
31 629
73 1481
46 933
25 507
29 588
11 223
26 527
34 689
23 466
31 628
47 952
4 81
73 1478
37 749
25 506
38 769
30 607
35 708
31 627
9 182
32 647
14 283
33 667
24 485
39 788
5 101
56 1131
31 626
21 424
43 868
49 989
28 565
17 343
29 585
59 1190
73 1472
31 625
19 383
13 262
33 665
27 544
83 1672
43 866
22 443
15 302
23 463
63 1268
41 825
42 845
26 523
9 181
37 744
19 382
49 985
41 824
32 643
11 221
23 462
12 241
25 502
13 261
41 823
29 582
15 301
16 321
17 341
18 361
19 381
21 421
22 441
24 481
26 521
29 581
32 641
36 721
41 821
48 961
57 1141
71 1421
94 1881
139 2781
270 5401
1 20
199 3979
118 2359
84 1679
65 1299
53 1059
45 899
39 779
34 679
31 619
28 559
26 519
47 938
22 439
20 399
19 379
35 698
33 658
47 937
15 299
43 857
27 538
13 259
25 498
47 936
23 458
11 219
21 418
41 816
49 975
19 378
37 736
71 1412
26 517
42 835
41 815
8 159
31 616
15 298
22 437
36 715
7 139
34 675
20 397
13 258
32 635
25 496
49 972
6 119
35 694
23 456
45 892
11 218
27 535
16 317
21 416
36 713
76 1505
84 1663
39 772
24 475
33 653
51 1009
32 633
9 178
31 613
35 692
43 850
17 336
25 494
33 652
53 1047
4 79
67 1323
35 691
27 533
19 375
15 296
26 513
11 217
47 927
25 493
53 1045
73 1439
31 611
17 335
27 532
10 197
23 453
13 256
29 571
35 689
22 433
28 551
34 669
52 1023
109 2144
173 3402
65 1278
41 806
29 570
23 452
37 727
31 609
53 1041
36 707
52 1021
19 373
35 687
8 157
37 726
21 412
13 255
18 353
23 451
38 745
88 1725
77 1509
37 725
22 431
17 333
41 803
31 607
45 881
40 783
7 137
37 724
23 450
41 802
43 841
65 1271
29 567
31 606
57 1114
24 469
13 254
43 840
32 625
36 703
21 410
23 449
27 527
33 644
43 839
59 1151
95 1853
253 4934
167 3256
79 1540
53 1033
39 760
31 604
27 526
23 448
40 779
17 331
32 623
28 545
13 253
24 467
11 214
31 603
29 564
9 175
34 661
16 311
23 447
44 855
7 136
33 641
19 369
43 835
41 796
17 330
22 427
37 718
77 1494
88 1707
38 737
23 446
18 349
13 252
34 659
29 562
8 155
35 678
19 368
41 794
47 910
39 755
45 871
17 329
20 387
26 503
35 677
50 967
92 1779
3 58
76 1469
43 831
31 599
25 483
19 367
16 309
29 560
49 946
33 637
10 193
27 521
17 328
31 598
66 1273
60 1157
25 482
18 347
40 771
37 713
41 790
34 655
23 443
31 597
47 905
111 2137
101 1944
45 866
29 558
21 404
17 327
43 827
35 673
31 596
9 173
32 615
37 711
33 634
43 826
29 557
54 1037
5 96
51 979
31 595
21 403
16 307
38 729
50 959
17 326
23 441
35 671
101 1936
55 1054
31 594
19 364
58 1111
33 632
27 517
48 919
85 1627
29 555
37 708
38 727
31 593
79 1511
41 784
25 478
43 822
44 841
55 1051
28 535
29 554
10 191
31 592
32 611
11 210
23 439
47 897
37 706
51 973
27 515
14 267
29 553
31 591
16 305
17 324
18 343
19 362
20 381
22 419
23 438
25 476
27 514
30 571
33 628
36 685
41 780
47 894
55 1046
66 1255
83 1578
113 2148
174 3307
384 7297
470 8929
190 3609
119 2260
87 1652
68 1291
56 1063
48 911
42 797
37 702
33 626
30 569
28 531
26 493
24 455
22 417
41 777
39 739
18 341
52 985
33 625
31 587
15 284
57 1079
27 511
13 246
25 473
12 227
23 435
45 851
43 813
21 397
51 964
39 737
19 359
37 699
9 170
35 661
17 321
25 472
65 1227
55 1038
23 434
15 283
22 415
36 679
7 132
48 905
27 509
33 622
45 848
19 358
31 584
55 1036
6 113
41 772
23 433
17 320
39 734
60 1129
27 508
37 696
26 489
36 677
81 1523
94 1767
39 733
29 545
19 357
14 263
23 432
41 770
76 1427
31 582
35 657
43 807
17 319
21 394
29 544
41 769
81 1519
4 75
55 1031
35 656
27 506
19 356
15 281
26 487
11 206
29 543
18 337
32 599
74 1385
59 1104
31 580
17 318
27 505
10 187
33 617
36 673
42 785
16 299
19 355
22 411
28 523
34 635
52 971
91 1699
3 56
86 1605
50 933
35 653
26 485
43 802
37 690
31 578
14 261
36 671
11 205
30 559
27 503
51 950
77 1434
29 540
34 633
13 242
18 335
23 428
33 614
58 1079
5 93
52 967
32 595
22 409
17 316
53 985
43 799
19 353
33 613
82 1523
58 1077
30 557
39 724
25 464
43 798
65 1206
29 538
31 575
11 204
24 445
50 927
28 519
15 278
49 908
36 667
21 389
23 426
27 500
33 611
39 722
51 944
71 1314
123 2276
2 37
149 2756
79 1461
55 1017
41 758
33 610
29 536
25 462
21 388
19 351
17 314
47 868
28 517
13 240
24 443
57 1052
42 775
20 369
47 867
79 1457
25 461
16 295
23 424
37 682
7 129
47 866
26 479
31 571
12 221
29 534
39 718
27 497
37 681
77 1417
123 2263
48 883
28 515
41 754
31 570
13 239
21 386
37 680
8 147
43 790
46 845
30 551
11 202
25 459
14 257
31 569
37 679
43 789
26 477
35 642
47 862
77 1412
224 4107
115 2108
58 1063
40 733
31 568
25 458
19 348
51 934
29 531
13 238
23 421
43 787
57 1043
27 494
41 750
31 567
66 1207
67 1225
32 585
18 329
29 530
11 201
26 475
15 274
19 347
23 420
31 566
47 858
91 1661
161 2938
57 1040
37 675
25 456
21 383
17 310
56 1021
35 638
31 565
76 1385
41 747
23 419
14 255
52 947
24 437
34 619
64 1165
5 91
56 1019
31 564
21 382
16 291
27 491
11 200
39 709
17 309
23 418
35 636
89 1617
73 1326
37 672
44 799
32 581
13 236
20 363
27 490
55 998
92 1669
36 653
22 399
15 272
23 417
39 707
8 145
33 598
42 761
26 471
44 797
82 1485
28 507
19 344
49 887
61 1104
52 941
32 579
11 199
23 416
47 850
37 669
38 687
53 958
41 741
43 777
15 271
31 560
49 885
17 307
18 325
19 343
20 361
21 379
45 812
24 433
26 469
28 505
30 541
33 595
36 649
40 721
45 811
51 919
60 1081
72 1297
91 1639
122 2197
185 3331
388 6985
598 10763
222 3995
137 2465
99 1781
77 1385
64 1151
54 971
47 845
42 755
37 665
34 611
31 557
29 521
53 952
25 449
23 413
43 772
41 736
39 700
37 664
35 628
33 592
16 287
61 1094
29 520
14 251
27 484
13 233
25 448
12 215
35 627
34 609
11 197
32 573
31 555
10 179
39 698
19 340
37 662
9 161
35 626
43 769
42 751
41 733
8 143
39 697
23 411
15 268
22 393
36 643
78 1393
69 1232
34 607
20 357
46 821
32 571
19 339
31 553
49 874
6 107
47 838
29 517
40 713
45 802
50 891
49 873
43 766
37 659
26 463
36 641
61 1086
5 89
59 1050
34 605
24 427
19 338
14 249
23 409
41 729
9 160
40 711
22 391
13 231
30 533
55 977
46 817
29 515
41 728
73 1296
4 71
79 1402
43 763
31 550
23 408
19 337
15 266
26 461
70 1241
40 709
18 319
25 443
46 815
7 124
45 797
24 425
17 301
27 478
10 177
43 761
23 407
13 230
29 513
16 283
19 336
22 389
28 495
34 601
49 866
76 1343
190 3357
146 2579
68 1201
44 777
32 565
26 459
43 759
37 653
48 847
14 247
25 441
47 829
52 917
49 864
27 476
51 899
85 1498
37 652
21 370
13 229
31 546
18 317
51 898
38 669
68 1197
5 88
57 1003
32 563
22 387
17 299
29 510
12 211
31 545
45 791
33 580
82 1441
72 1265
30 527
39 685
57 1001
34 597
79 1387
47 825
49 860
31 544
11 193
35 614
37 649
54 947
43 754
47 824
17 298
19 333
21 368
23 403
27 473
31 543
37 648
45 788
59 1033
85 1488
153 2678
2 35
147 2572
83 1452
57 997
45 787
37 647
31 542
27 472
23 402
21 367
19 332
17 297
47 821
43 751
54 943
37 646
35 611
11 192
31 541
49 855
47 820
9 157
34 593
41 715
39 680
30 523
58 1011
103 1795
40 697
26 453
31 540
12 209
41 714
17 296
22 383
32 557
47 818
107 1862
103 1792
43 748
28 487
23 400
49 852
57 991
34 591
50 869
45 782
8 139
43 747
46 799
30 521
11 191
36 625
39 677
59 1024
48 833
37 642
23 399
26 451
32 555
44 763
65 1127
131 2271
247 4281
85 1473
52 901
37 641
31 537
25 433
41 710
35 606
45 779
42 727
49 848
23 398
63 1090
47 813
27 467
41 709
31 536
52 899
7 121
46 795
25 432
18 311
40 691
11 190
26 449
15 259
34 587
42 725
27 466
35 604
55 949
119 2053
141 2432
57 983
37 638
29 500
21 362
17 293
30 517
13 224
35 603
31 534
9 155
50 861
23 396
51 878
33 568
43 740
29 499
39 671
74 1273
5 86
56 963
36 619
26 447
37 636
43 739
38 653
11 189
28 481
17 292
23 395
35 601
71 1219
121 2077
43 738
31 532
19 326
45 772
59 1012
20 343
27 463
48 823
7 120
43 737
29 497
37 634
53 908
23 394
47 805
8 137
41 702
25 428
17 291
35 599
80 1369
46 787
28 479
48 821
49 838
71 1214
31 530
32 547
11 188
34 581
35 598
12 205
37 632
38 649
53 905
27 461
14 239
29 495
46 785
47 802
33 563
17 290
18 307
19 324
20 341
21 358
22 375
23 392
25 426
26 443
28 477
30 511
33 562
36 613
39 664
44 749
49 834
56 953
64 1089
77 1310
95 1616
125 2126
182 3095
338 5747
1 17
298 5065
170 2889
119 2022
92 1563
75 1274
63 1070
54 917
48 815
43 730
39 662
35 594
33 560
30 509
28 475
26 441
25 424
23 390
22 373
21 356
39 661
19 322
18 305
17 288
33 559
47 796
46 779
44 745
57 965
41 694
53 897
51 863
37 626
12 203
35 592
34 575
11 186
32 541
21 355
51 862
69 1166
29 490
19 321
37 625
9 152
44 743
26 439
59 996
33 557
57 962
95 1603
39 658
23 388
15 253
22 371
29 489
57 961
7 118
41 691
27 455
53 893
72 1213
32 539
19 320
56 943
43 724
103 1734
83 1397
41 690
52 875
40 673
28 471
50 841
60 1009
27 454
16 269
21 353
26 437
41 689
76 1277
5 84
64 1075
39 655
53 890
19 319
33 554
51 856
23 386
41 688
9 151
40 671
22 369
61 1023
43 721
17 285
38 637
25 419
33 553
45 754
73 1223
4 67
95 1591
51 854
35 586
27 452
42 703
34 569
15 251
26 435
59 987
51 853
47 786
43 719
32 535
60 1003
122 2039
45 752
24 401
17 284
27 451
57 952
63 1052
33 551
36 601
68 1135
29 484
51 851
19 317
22 367
25 417
31 517
40 667
55 917
91 1517
271 4517
140 2333
71 1183
47 783
35 583
29 483
23 383
20 333
54 899
31 516
14 233
25 416
47 782
74 1231
30 499
46 765
35 582
83 1380
69 1147
29 482
21 349
60 997
44 731
18 299
23 382
28 465
43 714
83 1378
5 83
57 946
37 614
27 448
39 647
46 763
41 680
67 1111
31 514
45 746
33 547
68 1127
100 1657
37 613
23 381
55 911
41 679
34 563
9 149
47 778
29 480
31 513
64 1059
57 943
24 397
63 1042
41 678
43 711
47 777
17 281
36 595
40 661
44 727
25 413
29 479
33 545
37 611
45 743
57 941
79 1304
123 2030
297 4901
265 4372
119 1963
77 1270
57 940
45 742
37 610
31 511
27 445
25 412
44 725
40 659
36 593
17 280
47 774
43 708
41 675
63 1037
24 395
57 938
64 1053
31 510
29 477
47 773
9 148
34 559
41 674
16 263
23 378
37 608
79 1298
89 1462
40 657
26 427
50 821
43 706
53 870
29 476
56 919
22 361
32 525
47 771
97 1591
143 2345
58 951
33 541
51 836
41 672
31 508
13 213
34 557
50 819
37 606
101 1654
59 966
27 442
19 311
30 491
11 180
36 589
39 638
14 229
31 507
54 883
20 327
23 376
29 474
35 572
44 719
62 1013
110 1797
3 49
121 1976
67 1094
46 751
37 604
28 457
25 408
41 669
35 571
16 261
29 473
13 212
36 587
33 538
73 1190
57 929
27 440
17 277
24 391
38 619
87 1417
88 1433
39 635
25 407
18 293
40 651
11 179
37 602
41 667
64 1041
19 309
23 374
27 439
35 569
51 829
95 1544
4 65
81 1316
49 796
33 536
25 406
21 341
55 893
30 487
13 211
35 568
53 860
49 795
9 146
41 665
23 373
51 827
47 762
19 308
24 389
34 551
49 794
104 1685
136 2203
56 907
36 583
26 421
58 939
16 259
27 437
60 971
61 987
28 453
17 275
23 372
35 566
59 954
6 97
67 1083
37 598
25 404
19 307
45 727
72 1163
53 856
27 436
41 662
83 1340
92 1485
43 694
51 823
37 597
68 1097
23 371
39 629
95 1532
65 1048
33 532
42 677
43 693
35 564
71 1144
64 1031
28 451
19 306
29 467
79 1272
51 821
31 499
32 515
76 1223
56 901
23 370
47 756
73 1174
25 402
51 820
53 852
27 434
14 225
29 466
15 241
31 498
16 257
50 803
52 835
18 289
56 899
39 626
41 658
43 690
45 722
24 385
25 401
27 433
28 449
30 481
32 513
35 561
38 609
41 657
45 721
50 801
57 913
65 1041
76 1217
91 1457
114 1825
153 2449
233 3729
486 7777
768 12287
283 4527
173 2767
125 1999
98 1567
80 1279
68 1087
59 943
53 847
47 751
43 687
39 623
36 575
33 527
31 495
29 463
27 431
26 415
49 782
23 367
22 351
21 335
20 319
19 303
37 590
35 558
17 271
33 526
47 749
46 733
44 701
43 685
55 876
27 430
13 207
38 605
37 589
12 191
35 557
34 541
67 1066
54 859
53 843
31 493
61 970
69 1097
29 461
19 302
28 445
64 1017
80 1271
35 556
43 683
42 667
33 524
57 905
8 127
47 746
54 857
38 603
52 825
22 349
36 571
57 904
7 111
55 872
34 539
20 317
33 523
13 206
32 507
19 301
56 887
43 681
79 1251
6 95
53 839
35 554
23 364
17 269
28 443
50 791
82 1297
27 427
59 933
37 585
47 743
31 490
46 727
76 1201
5 79
74 1169
44 695
29 458
24 379
19 300
47 742
51 805
23 363
41 647
9 142
49 773
31 489
35 552
13 205
30 473
17 268
38 599
46 725
29 457
37 583
57 898
101 1591
4 63
87 1370
51 803
35 551
27 425
23 362
19 299
49 771
56 881
26 409
70 1101
51 802
29 456
61 959
57 896
46 723
109 1713
80 1257
38 597
24 377
58 911
44 691
47 738
10 157
43 675
23 361
49 769
55 863
29 455
16 251
54 847
41 643
47 737
28 439
34 533
43 674
58 909
94 1473
223 3494
194 3039
86 1347
56 877
41 642
35 548
29 454
23 360
20 313
37 579
48 751
45 704
53 829
25 391
58 907
63 985
30 469
19 297
35 547
59 922
8 125
45 703
29 453
55 859
60 937
44 687
49 765
41 640
28 437
38 593
53 827
118 1841
142 2215
57 889
37 577
27 421
22 343
17 265
29 452
65 1013
55 857
50 779
45 701
33 514
54 841
7 109
58 903
30 467
23 358
16 249
41 638
34 529
79 1229
74 1151
38 591
20 311
31 482
11 171
46 715
24 373
50 777
54 839
28 435
15 233
32 497
17 264
55 854
40 621
44 683
48 745
27 419
31 481
35 543
41 636
49 760
61 946
79 1225
119 1845
233 3612
2 31
161 2495
97 1503
69 1069
55 852
45 697
37 573
33 511
29 449
52 805
23 356
21 325
59 913
36 557
17 263
47 727
58 897
28 433
13 201
37 572
35 541
68 1051
53 819
31 479
49 757
38 587
110 1699
61 942
34 525
41 633
55 849
23 355
37 571
65 1003
7 108
54 833
33 509
45 694
50 771
55 848
65 1002
29 447
17 262
22 339
27 416
37 570
57 878
117 1802
148 2279
58 893
38 585
28 431
23 354
18 277
31 477
13 200
34 523
21 323
37 569
69 1061
99 1522
43 661
27 415
19 292
41 630
11 169
47 722
25 384
81 1244
45 691
65 998
37 568
63 967
23 353
29 445
35 537
41 629
56 859
80 1227
155 2377
3 46
112 1717
67 1027
49 751
37 567
31 475
53 812
22 337
60 919
35 536
16 245
29 444
81 1240
49 750
23 352
43 658
10 153
47 719
27 413
17 260
24 367
38 581
59 902
7 107
60 917
32 489
25 382
18 275
29 443
84 1283
59 901
26 397
71 1084
34 519
19 290
23 351
27 412
35 534
47 717
75 1144
175 2669
157 2394
69 1052
45 686
33 503
54 823
46 701
38 579
64 975
43 655
13 198
35 533
53 807
49 746
9 137
50 761
32 487
37 563
14 213
33 502
19 289
24 365
34 517
44 669
79 1201
5 76
86 1307
46 699
36 547
26 395
21 319
16 243
43 653
38 577
11 167
39 592
45 683
57 865
23 349
35 531
47 713
107 1623
127 1926
55 834
31 470
25 379
19 288
45 682
13 197
33 500
20 303
27 409
48 727
111 1681
85 1287
43 651
29 439
37 560
15 227
38 575
54 817
47 711
119 1800
73 1104
33 499
25 378
17 257
26 393
44 665
9 136
55 831
28 423
19 287
29 438
49 740
10 151
41 619
21 317
32 483
87 1313
56 845
57 860
35 528
12 181
49 739
25 377
77 1161
53 799
27 407
14 211
43 648
59 889
46 693
47 708
49 738
50 753
52 783
18 271
37 557
39 587
20 301
21 316
22 331
23 346
24 361
25 376
53 797
28 421
59 887
31 466
33 496
36 541
38 571
41 616
45 676
49 736
54 811
61 916
69 1036
80 1201
94 1411
116 1741
150 2251
212 3181
363 5446
1 15
461 6914
242 3629
164 2459
124 1859
100 1499
84 1259
72 1079
63 944
56 839
51 764
46 689
42 629
39 584
37 554
34 509
32 479
30 449
57 853
27 404
51 763
49 733
47 703
45 673
43 643
41 613
39 583
19 284
55 822
35 523
17 254
33 493
16 239
31 463
15 224
44 657
57 851
55 821
27 403
66 985
51 761
25 373
49 731
71 1059
35 522
34 507
67 999
65 969
32 477
52 775
41 611
10 149
49 730
29 432
19 283
28 417
55 819
9 134
44 655
26 387
60 893
42 625
33 491
57 848
8 119
55 818
31 461
23 342
68 1011
52 773
22 327
36 535
50 743
141 2095
76 1129
41 609
27 401
20 297
33 490
13 193
32 475
19 282
25 371
31 460
49 727
103 1528
137 2032
53 786
35 519
52 771
40 593
62 919
28 415
72 1067
71 1052
27 400
59 874
53 785
21 311
26 385
36 533
51 755
91 1347
5 74
79 1169
49 725
34 503
53 784
43 636
33 488
61 902
51 754
23 340
41 606
77 1138
85 1256
40 591
22 325
35 517
13 192
43 635
64 945
38 561
21 310
25 369
33 487
41 605
57 841
101 1490
4 59
111 1637
63 929
43 634
35 516
27 398
23 339
19 280
34 501
15 221
26 383
48 707
11 162
40 589
47 692
61 898
25 368
39 574
74 1089
7 103
59 868
31 456
24 353
17 250
44 647
37 544
97 1426
63 926
33 485
59 867
62 911
55 808
29 426
16 235
35 514
60 881
22 323
25 367
59 866
34 499
43 631
55 807
79 1159
145 2127
3 44
143 2097
80 1173
56 821
44 645
35 513
29 425
26 381
43 630
20 293
54 791
48 703
45 659
67 981
25 366
47 688
11 161
52 761
49 717
46 673
35 512
51 746
8 117
61 892
37 541
50 731
34 497
86 1257
44 643
49 716
59 862
23 336
61 891
43 628
63 920
148 2161
147 2146
62 905
42 613
32 467
49 715
39 569
17 248
29 423
77 1123
55 802
31 452
19 277
26 379
40 583
75 1093
7 102
58 845
37 539
23 335
39 568
57 830
25 364
43 626
106 1543
74 1077
38 553
49 713
31 451
53 771
11 160
35 509
24 349
63 916
67 974
28 407
73 1061
47 683
49 712
53 770
19 276
40 581
44 639
48 697
52 755
29 421
33 479
37 537
41 595
49 711
59 856
75 1088
105 1523
169 2451
437 6337
311 4509
145 2102
95 1377
71 1029
57 826
47 681
41 594
35 507
31 449
56 811
25 362
23 333
65 941
40 579
55 796
53 767
49 709
62 897
58 839
28 405
80 1157
50 723
24 347
46 665
11 159
53 766
51 737
49 708
38 549
74 1069
97 1401
43 621
25 361
57 823
55 794
23 332
37 534
51 736
142 2049
89 1284
47 678
59 851
45 649
50 721
43 620
12 173
41 591
46 663
56 807
22 317
27 389
37 533
52 749
92 1325
5 72
88 1267
53 763
38 547
28 403
23 331
18 259
31 446
70 1007
60 863
55 791
50 719
37 532
69 992
8 115
51 733
62 891
46 661
49 704
41 589
11 158
47 675
25 359
53 761
73 1048
31 445
17 244
37 531
43 617
23 330
55 789
32 459
38 545
47 674
62 889
92 1319
173 2480
3 43
130 1863
79 1132
55 788
43 616
37 530
31 444
25 358
22 315
41 587
54 773
67 959
45 644
42 601
13 186
49 701
23 329
43 615
93 1330
67 958
37 529
44 629
58 829
24 343
31 443
52 743
136 1943
95 1357
46 657
32 457
43 614
18 257
29 414
62 885
81 1156
37 528
41 585
15 214
34 485
19 271
65 927
27 385
31 442
39 556
55 784
91 1297
235 3349
157 2237
77 1097
49 698
37 527
29 413
25 356
21 299
55 783
64 911
43 612
13 185
48 683
22 313
31 441
58 825
9 128
50 711
32 455
60 853
65 924
61 867
52 739
62 881
24 341
34 483
44 625
64 909
149 2116
161 2286
66 937
46 653
31 440
26 369
21 298
53 752
59 837
27 383
49 695
11 156
39 553
45 638
17 241
63 893
29 411
41 581
59 836
143 2026
115 1629
55 779
37 524
25 354
63 892
51 722
58 821
85 1203
33 467
20 283
27 382
41 580
69 976
7 99
64 905
36 509
29 410
59 834
67 947
53 749
23 325
31 438
55 777
8 113
73 1031
41 579
25 353
59 833
43 607
61 861
53 748
9 127
64 903
37 522
47 663
48 677
39 550
89 1255
81 1142
41 578
21 296
32 451
65 916
100 1409
34 479
23 324
47 662
12 169
49 690
25 352
51 718
92 1295
40 563
41 577
14 197
43 605
44 619
76 1069
31 436
16 225
33 464
17 239
35 492
18 253
37 520
77 1082
59 829
41 576
64 899
22 309
23 323
24 337
25 351
26 365
55 772
29 407
30 421
32 449
34 477
36 505
38 533
41 575
44 617
47 659
51 715
56 785
62 869
69 967
78 1093
90 1261
107 1499
130 1821
167 2339
235 3291
393 5503
1 14
573 8021
289 4045
193 2701
145 2029
117 1637
97 1357
83 1161
73 1021
65 909
59 825
53 741
49 685
45 629
42 587
39 545
37 517
35 489
33 461
31 433
59 824
28 391
27 377
51 712
49 684
47 656
45 628
22 307
21 293
61 851
39 544
19 265
37 516
71 990
52 725
67 934
49 683
16 223
31 432
15 209
44 613
43 599
14 195
41 571
40 557
13 181
51 710
25 348
49 682
12 167
47 654
23 320
34 473
78 1085
76 1057
32 445
21 292
31 431
61 848
10 139
49 681
29 403
19 264
28 389
46 639
109 1514
80 1111
44 611
26 361
17 236
42 583
58 805
41 569
89 1235
119 1651
47 652
31 430
23 319
53 735
67 929
59 818
51 707
36 499
64 887
7 97
83 1150
48 665
61 845
47 651
53 734
59 817
97 1343
32 443
19 263
44 609
31 429
43 595
67 927
169 2338
113 1563
53 733
35 484
29 401
63 871
17 235
45 622
39 539
94 1299
71 981
38 525
43 594
16 221
37 511
47 649
57 787
36 497
51 704
81 1118
5 69
124 1711
64 883
44 607
34 469
24 331
43 593
52 717
47 648
14 193
37 510
55 758
41 565
86 1185
103 1419
40 551
53 730
57 785
61 840
95 1308
30 413
64 881
55 757
21 289
71 977
29 399
37 509
45 619
61 839
101 1389
285 3919
159 2186
79 1086
51 701
39 536
31 426
27 371
23 316
19 261
34 467
79 1085
56 769
26 357
48 659
11 151
51 700
29 398
18 247
43 590
32 439
46 631
81 1111
7 96
66 905
38 521
55 754
41 562
17 233
44 603
37 507
77 1055
93 1274
43 589
23 315
36 493
13 178
55 753
29 397
16 219
35 479
19 260
41 561
47 643
53 725
59 807
34 465
43 588
52 711
67 916
100 1367
190 2597
3 41
146 1995
86 1175
62 847
47 642
38 519
32 437
29 396
49 669
66 901
20 273
37 505
17 232
31 423
73 996
53 723
25 341
36 491
91 1241
74 1009
30 409
68 927
46 627
35 477
51 695
131 1785
85 1158
45 613
29 395
21 286
34 463
13 177
57 776
31 422
18 245
64 871
51 694
33 449
43 585
63 857
128 1741
232 3155
82 1115
52 707
37 503
59 802
71 965
39 530
17 231
29 394
53 720
12 163
43 584
50 679
64 869
26 353
40 543
61 828
152 2063
100 1357
51 692
67 909
23 312
39 529
16 217
41 556
34 461
52 705
9 122
74 1003
38 515
49 664
51 691
42 569
86 1165
79 1070
35 474
24 325
50 677
13 176
41 555
43 582
15 203
47 636
66 893
53 717
55 744
40 541
21 284
23 311
48 649
27 365
29 392
64 865
35 473
39 527
45 608
53 716
63 851
79 1067
103 1391
155 2093
301 4064
2 27
215 2902
129 1741
91 1228
71 958
59 796
49 661
43 580
37 499
68 917
31 418
56 755
52 701
48 647
44 593
61 822
78 1051
36 485
17 229
49 660
47 633
88 1185
28 377
54 727
13 175
37 498
24 323
46 619
112 1507
64 861
31 417
20 269
49 659
38 511
83 1116
124 1667
52 699
59 793
41 551
16 215
39 524
23 309
67 900
51 685
100 1343
166 2229
61 819
40 537
26 349
64 859
50 671
43 577
12 161
53 711
29 389
80 1073
56 751
22 295
27 362
32 429
42 563
67 898
127 1702
5 67
88 1179
53 710
38 509
61 817
51 683
41 549
18 241
31 415
70 937
73 977
34 455
21 281
29 388
45 602
93 1244
147 1966
51 682
35 468
46 615
19 254
30 401
52 695
11 147
47 628
25 334
39 521
14 187
45 601
48 641
17 227
37 494
63 841
23 307
26 347
29 387
35 467
41 547
47 627
62 827
86 1147
140 1867
386 5147
229 3053
112 1493
73 973
55 733
46 613
37 493
31 413
28 373
25 333
22 293
60 799
54 719
51 679
77 1025
29 386
55 732
13 173
36 479
23 306
33 439
73 971
127 1689
47 625
27 359
61 811
58 771
24 319
31 412
45 598
80 1063
7 93
74 983
46 611
32 425
43 571
18 239
47 624
40 531
106 1407
70 929
37 491
41 544
101 1340
49 650
53 703
61 809
23 305
27 358
31 411
39 517
51 676
71 941
127 1683
4 53
137 1815
77 1020
53 702
41 543
33 437
54 715
46 609
21 278
55 728
64 847
30 397
69 913
74 979
35 463
22 291
31 410
58 767
9 119
68 899
41 542
55 727
37 489
93 1229
61 806
52 687
19 251
24 317
29 383
34 449
49 647
74 977
149 1967
211 2785
81 1069
51 673
41 541
31 409
47 620
21 277
53 699
16 211
43 567
38 501
82 1081
94 1239
39 514
45 593
17 224
40 527
75 988
64 843
41 540
65 856
155 2041
145 1909
67 882
43 566
31 408
25 329
19 250
51 671
45 592
13 171
46 605
53 697
47 618
61 802
41 539
69 907
7 92
92 1209
50 657
36 473
51 670
59 775
67 880
68 893
61 801
54 709
39 512
71 932
8 105
65 853
41 538
58 761
42 551
17 223
69 905
35 459
53 695
9 118
73 957
37 485
28 367
19 249
29 380
39 511
89 1166
91 1192
41 537
52 681
74 969
43 563
76 995
89 1165
45 589
23 301
35 458
71 929
85 1112
37 484
25 327
51 667
13 170
40 523
27 353
69 902
71 928
29 379
59 771
91 1189
31 405
63 823
65 849
50 653
17 222
35 457
18 235
37 483
19 248
39 509
20 261
62 809
43 561
22 287
23 300
47 613
49 639
51 665
53 691
55 717
29 378
30 391
63 821
33 430
35 456
37 482
39 508
41 534
43 560
46 599
50 651
54 703
58 755
64 833
70 911
78 1015
88 1145
102 1327
120 1561
145 1886
185 2406
254 3303
406 5279
1021 13274
804 10451
367 4770
238 3093
176 2287
140 1819
116 1507
99 1286
87 1130
77 1000
69 896
63 818
58 753
53 688
49 636
46 597
43 558
41 532
38 493
36 467
69 895
33 428
31 402
30 389
57 739
55 713
53 687
51 661
49 635
47 609
23 298
22 285
43 557
62 803
20 259
39 505
19 246
37 479
18 233
35 453
17 220
50 647
49 634
95 1229
31 401
61 789
74 957
29 375
57 737
14 181
41 530
67 866
66 853
90 1163
38 491
62 801
49 633
12 155
47 607
58 749
57 736
56 723
11 142
65 839
32 413
21 271
31 400
51 658
121 1561
79 1019
39 503
48 619
19 245
28 361
37 477
64 825
9 116
62 799
35 451
26 335
60 773
59 760
25 322
33 425
57 734
121 1558
119 1532
55 708
70 901
23 296
38 489
15 193
52 669
59 759
51 656
36 463
50 643
99 1273
7 90
69 887
41 527
61 784
47 604
73 938
46 591
98 1259
71 912
32 411
19 244
44 565
56 719
37 475
49 629
85 1091
6 77
113 1450
59 757
41 526
29 372
23 295
40 513
17 218
45 577
39 500
72 923
115 1474
49 628
27 346
59 756
85 1089
37 474
68 871
26 333
31 397
41 525
56 717
91 1165
246 3149
154 1971
74 947
49 627
39 499
29 371
24 307
43 550
71 908
33 422
103 1317
51 652
60 767
55 703
41 524
77 984
9 115
58 741
71 907
75 958
35 447
61 779
13 166
43 549
47 600
17 217
38 485
21 268
25 319
29 370
33 421
41 523
53 676
73 931
121 1543
4 51
171 2180
87 1109
59 752
47 599
35 446
31 395
50 637
23 293
61 777
53 675
49 624
15 191
41 522
63 802
48 611
11 140
62 789
40 509
47 598
79 1005
68 865
32 407
46 585
67 852
186 2365
108 1373
52 661
38 483
55 699
41 521
17 216
44 559
27 343
47 597
117 1486
83 1054
43 546
56 711
59 749
62 787
13 165
42 533
45 571
16 203
51 647
54 685
60 761
22 279
47 596
53 672
59 748
34 431
40 507
46 583
58 735
76 963
109 1381
193 2445
3 38
188 2381
107 1355
74 937
56 709
47 595
38 481
67 848
29 367
26 329
72 911
43 544
20 253
37 468
17 215
48 607
45 569
14 177
39 493
25 316
47 594
91 1150
96 1213
41 518
49 619
19 240
46 581
35 442
51 644
107 1351
149 1881
61 770
37 467
50 631
21 265
34 429
73 921
83 1047
44 555
49 618
77 971
64 807
51 643
33 416
38 479
53 668
83 1046
183 2306
207 2608
87 1096
57 718
42 529
32 403
27 340
22 277
39 491
17 214
46 579
41 516
89 1120
91 1145
43 541
50 629
83 1044
26 327
33 415
47 591
82 1031
7 88
93 1169
51 641
37 465
53 666
62 779
71 892
73 917
66 829
34 427
52 653
106 1331
119 1494
47 590
67 841
49 615
71 891
73 916
64 803
11 138
57 715
59 740
61 765
50 627
13 163
54 677
28 351
58 727
77 965
32 401
66 827
70 877
55 689
78 977
61 764
65 814
23 288
73 914
52 651
56 701
31 388
33 413
37 463
41 513
45 563
53 663
61 763
73 913
89 1113
119 1488
175 2188
335 4188
2 25
259 3237
153 1912
107 1337
83 1037
69 862
57 712
51 637
45 562
39 487
72 899
33 412
60 749
56 699
52 649
48 599
67 836
21 262
40 499
19 237
36 449
87 1085
49 611
47 586
15 187
58 723
28 349
54 673
13 162
50 623
61 760
35 436
57 710
11 137
64 797
31 386
71 884
49 610
67 834
47 585
110 1369
115 1431
52 647
34 423
25 311
57 709
87 1082
39 485
53 659
67 833
44 547
79 982
7 87
103 1280
54 671
40 497
26 323
45 559
88 1093
31 385
55 683
12 149
53 658
29 360
63 782
73 906
61 757
71 881
27 335
69 856
42 521
62 769
97 1203
272 3373
158 1959
78 967
53 657
38 471
33 409
51 632
64 793
59 731
67 830
31 384
70 867
112 1387
47 582
55 681
50 619
66 817
45 557
85 1052
8 99
67 829
43 532
62 767
46 569
87 1076
30 371
52 643
129 1595
80 989
36 445
25 309
39 482
14 173
59 729
31 383
99 1223
54 667
57 704
63 778
23 284
49 605
55 679
32 395
35 432
41 506
50 617
62 765
80 987
116 1431
212 2615
3 37
190 2343
109 1344
76 937
58 715
49 604
40 493
71 875
31 382
28 345
25 308
69 850
41 505
19 234
35 431
67 825
77 948
29 357
42 517
13 160
62 763
36 443
79 972
43 529
73 898
10 123
67 824
37 455
71 873
78 959
58 713
24 295
31 381
38 467
59 725
115 1413
200 2457
74 909
46 565
32 393
25 307
61 749
83 1019
29 356
40 491
95 1166
103 1264
48 589
26 319
41 503
15 184
49 601
53 650
80 981
65 797
50 613
58 711
66 809
39 478
51 625
67 821
99 1213
199 2438
357 4373
125 1531
77 943
57 698
45 551
37 453
62 759
79 967
46 563
21 257
55 673
17 208
47 575
43 526
108 1321
74 905
35 428
22 269
31 379
49 599
85 1039
9 110
68 831
41 501
55 672
60 733
51 623
14 171
47 574
52 635
19 232
67 818
53 647
63 769
39 476
54 659
79 964
149 1818
5 61
106 1293
66 805
46 561
36 439
57 695
73 890
21 256
37 451
85 1036
59 719
27 329
38 463
82 999
138 1681
50 609
28 341
45 548
17 207
40 487
23 280
29 353
41 499
53 645
83 1010
215 2616
145 1764
73 888
49 596
37 450
56 681
44 535
19 231
51 620
45 547
13 158
59 717
33 401
20 243
47 571
61 741
41 498
62 753
118 1433
204 2477
78 947
50 607
36 437
51 619
81 983
52 631
15 182
53 643
61 740
54 655
39 473
63 764
135 1637
137 1661
57 691
41 497
58 703
42 509
17 206
60 727
26 315
35 424
62 751
170 2059
91 1102
46 557
65 787
47 569
19 230
29 351
39 472
69 835
10 121
61 738
41 496
52 629
74 895
32 387
65 786
11 133
56 677
34 411
23 278
35 423
59 713
12 145
49 592
62 749
63 761
64 773
13 157
53 640
27 326
41 495
14 169
57 688
29 350
59 712
15 181
46 555
47 567
16 193
49 591
50 603
17 205
52 627
53 639
73 880
37 446
19 229
39 470
20 241
41 494
21 253
65 783
67 807
23 277
47 566
49 590
25 301
26 313
27 325
28 337
29 349
30 361
31 373
65 782
34 409
35 421
37 445
39 469
41 493
43 517
45 541
48 577
51 613
55 661
59 709
63 757
69 829
75 901
83 997
93 1117
105 1261
121 1453
143 1717
175 2101
224 2689
312 3745
516 6193
1482 17785
818 9815
402 4823
267 3203
200 2399
160 1919
133 1595
114 1367
100 1199
89 1067
80 959
73 875
67 803
62 743
57 683
53 635
50 599
47 563
45 539
42 503
40 479
38 455
73 874
35 419
67 802
32 383
31 371
59 706
57 682
55 658
53 634
26 311
25 299
73 873
47 562
23 275
67 801
43 514
21 251
41 490
20 239
39 466
19 227
37 442
73 872
53 633
52 621
17 203
50 597
49 585
16 191
47 561
46 549
106 1265
59 704
29 346
57 680
14 167
55 656
27 322
40 477
92 1097
90 1073
38 453
25 298
37 441
85 1013
107 1275
47 560
58 691
57 679
45 536
89 1060
131 1560
54 643
32 381
21 250
52 619
41 488
71 845
10 119
69 821
39 464
77 916
19 226
47 559
65 773
46 547
82 975
9 107
71 844
44 523
61 725
43 511
17 202
59 701
25 297
33 392
49 582
81 962
8 95
95 1128
47 558
70 831
54 641
61 724
53 629
15 178
52 617
81 961
51 605
65 771
43 510
71 842
148 1755
167 1980
69 818
48 569
34 403
27 320
87 1031
53 628
46 545
98 1161
84 995
45 533
51 604
82 971
69 817
56 663
37 438
49 580
67 793
127 1503
6 71
101 1195
59 698
41 485
64 757
52 615
86 1017
57 674
17 201
45 532
67 792
61 721
11 130
71 839
38 449
27 319
59 697
16 189
37 437
21 248
47 555
83 980
67 791
41 484
51 602
76 897
131 1546
5 59
134 1581
74 873
54 637
39 460
34 401
53 625
24 283
62 731
71 837
33 389
75 884
107 1261
51 601
23 271
55 648
41 483
68 801
9 106
94 1107
49 577
31 365
75 883
57 671
48 565
13 153
69 812
73 859
47 553
17 200
38 447
21 247
46 541
25 294
29 341
33 388
41 482
49 576
65 764
93 1093
165 1939
4 47
171 2009
95 1116
67 787
51 599
43 505
35 411
58 681
77 904
23 270
42 493
19 223
34 399
64 751
15 176
41 481
26 305
37 434
81 950
11 129
62 727
69 809
47 551
18 211
43 504
25 293
32 375
46 539
67 785
151 1769
171 2003
73 855
45 527
69 808
55 644
65 761
75 878
78 913
71 831
37 433
57 667
127 1486
103 1205
53 620
33 386
23 269
36 421
62 725
13 152
55 643
29 339
61 713
16 187
51 596
73 853
79 923
63 736
69 806
25 292
28 327
31 362
34 397
40 467
46 537
52 607
64 747
82 957
115 1342
196 2287
3 35
263 3068
137 1598
92 1073
71 828
56 653
47 548
41 478
35 408
32 373
29 338
26 303
72 839
43 501
20 233
57 664
71 827
82 955
31 361
45 524
14 163
67 780
64 745
61 710
47 547
102 1187
118 1373
52 605
30 349
68 791
84 977
27 314
35 407
51 593
83 965
8 93
101 1174
53 616
37 430
29 337
21 244
55 639
47 546
13 151
70 813
75 871
49 569
18 209
41 476
23 267
28 325
33 383
38 441
53 615
73 847
118 1369
5 58
167 1937
87 1009
57 661
42 487
37 429
59 684
49 568
22 255
39 452
17 197
63 730
29 336
53 614
125 1448
79 915
43 498
50 579
19 220
45 521
26 301
33 382
47 544
75 868
180 2083
149 1724
72 833
44 509
67 775
53 613
85 983
55 636
16 185
57 659
25 289
34 393
52 601
88 1017
9 104
74 855
47 543
29 335
49 566
91 1051
31 358
53 612
108 1247
112 1293
46 531
35 404
24 277
50 577
89 1027
93 1073
41 473
28 323
58 669
15 173
47 542
49 565
117 1349
53 611
55 634
19 219
40 461
21 242
44 507
23 265
73 841
52 599
56 645
60 691
64 737
35 403
37 426
41 472
45 518
51 587
57 656
65 748
75 863
91 1047
117 1346
159 1829
249 2864
589 6774
561 6451
245 2817
157 1805
115 1322
91 1046
75 862
65 747
57 655
51 586
45 517
41 471
37 425
35 402
64 735
60 689
56 643
52 597
73 838
23 264
44 505
21 241
40 459
19 218
55 631
53 608
17 195
49 562
47 539
15 172
58 665
71 814
41 470
80 917
115 1318
50 573
61 699
59 676
46 527
90 1031
152 1741
53 607
73 836
51 584
89 1019
29 332
38 435
56 641
137 1568
133 1522
61 698
77 881
59 675
41 469
73 835
87 995
39 446
23 263
30 343
37 423
51 583
86 983
233 2663
131 1497
68 777
47 537
33 377
26 297
45 514
19 217
50 571
43 491
91 1039
125 1427
53 605
29 331
46 525
17 194
56 639
83 947
49 559
27 308
32 365
42 479
52 593
72 821
122 1391
5 57
173 1972
88 1003
58 661
48 547
38 433
61 695
51 581
23 262
41 467
18 205
49 558
44 501
83 945
125 1423
47 535
55 626
21 239
50 569
37 421
53 603
85 967
8 91
107 1217
59 671
78 887
27 307
46 523
19 216
49 557
41 466
63 716
11 125
80 909
47 534
61 693
64 727
67 761
14 159
59 670
31 352
65 738
88 999
37 420
20 227
43 488
23 261
49 556
55 624
61 692
67 760
38 431
44 499
50 567
59 669
74 839
95 1077
140 1587
257 2913
3 34
220 2493
127 1439
91 1031
70 793
58 657
49 555
43 487
37 419
65 736
59 668
53 600
72 815
91 1030
63 713
79 894
73 826
35 396
99 1120
77 871
74 837
42 475
81 916
127 1436
49 554
59 667
79 893
33 373
53 599
123 1390
127 1435
57 644
37 418
27 305
61 689
109 1231
41 463
24 271
31 350
38 429
52 587
87 982
7 79
130 1467
67 756
46 519
32 361
82 925
43 485
97 1094
65 733
29 327
40 451
84 947
11 124
59 665
37 417
26 293
41 462
116 1307
64 721
34 383
72 811
61 687
65 732
50 563
27 304
31 349
35 394
43 484
51 574
67 754
95 1069
155 1744
4 45
221 2486
113 1271
77 866
57 641
45 506
78 877
33 371
29 326
25 281
46 517
21 236
38 427
89 1000
81 910
30 337
43 483
95 1067
100 1123
48 539
57 640
75 842
31 348
49 550
76 853
9 101
104 1167
50 561
73 819
55 617
60 673
51 572
107 1200
89 998
47 527
52 583
19 213
43 482
24 269
29 325
34 381
44 493
54 605
74 829
119 1333
314 3517
201 2251
96 1075
66 739
51 571
41 459
31 347
83 929
47 526
21 235
37 414
69 772
107 1197
43 481
27 302
49 548
82 917
11 123
61 682
39 436
28 313
62 693
108 1207
40 447
23 257
52 581
64 715
41 458
53 592
83 927
173 1932
247 2758
97 1083
61 681
43 480
68 759
56 625
69 770
63 703
89 993
32 357
45 502
123 1372
85 948
46 513
53 591
20 223
47 524
61 680
41 457
55 613
83 925
209 2329
155 1727
71 791
50 557
36 401
29 323
73 813
59 657
52 579
15 167
68 757
61 679
23 256
31 345
39 434
63 701
119 1324
8 89
81 901
49 545
33 367
83 923
42 467
76 845
77 856
43 478
61 678
44 489
62 689
134 1489
145 1611
64 711
46 511
28 311
47 522
19 211
48 533
68 755
49 544
99 1099
10 111
71 788
41 455
83 921
21 233
53 588
43 477
65 721
11 122
78 865
45 499
57 632
23 255
35 388
59 654
12 133
73 809
86 953
87 964
38 421
64 709
13 144
66 731
40 443
68 753
55 609
14 155
71 786
72 797
44 487
74 819
106 1173
46 509
47 520
95 1051
81 896
33 365
50 553
17 188
52 575
53 586
18 199
55 608
56 619
96 1061
39 431
20 221
41 453
83 917
64 707
87 961
67 740
23 254
47 519
24 265
74 817
51 563
26 287
27 298
55 607
57 629
59 651
61 673
63 695
65 717
67 739
35 386
36 397
38 419
39 430
41 452
43 474
45 496
47 518
50 551
52 573
55 606
59 650
63 694
67 738
72 793
78 859
85 936
93 1024
104 1145
116 1277
133 1464
154 1695
184 2025
229 2520
303 3334
446 4907
848 9329
1 11
675 7424
393 4322
277 3046
214 2353
175 1924
148 1627
128 1407
113 1242
101 1110
91 1000
83 912
76 835
71 780
66 725
62 681
58 637
55 604
52 571
49 538
47 516
44 483
85 933
41 450
39 428
75 823
36 395
35 384
67 735
65 713
31 340
91 998
59 647
57 625
55 603
27 296
26 285
51 559
74 811
24 263
47 515
23 252
45 493
87 953
64 701
21 230
41 449
20 219
39 427
77 843
75 821
37 405
109 1193
71 777
35 383
86 941
67 733
33 361
65 711
16 175
47 514
31 339
61 667
15 164
59 645
29 317
43 470
113 1235
83 907
41 448
27 295
40 437
92 1005
116 1267
51 557
63 688
62 677
49 535
85 928
155 1692
59 644
35 382
23 251
57 622
45 491
78 851
11 120
76 829
43 469
53 578
21 229
52 567
72 785
51 556
111 1210
159 1733
69 752
39 425
29 316
67 730
104 1133
75 817
65 708
46 501
73 795
208 2265
116 1263
62 675
79 860
61 664
43 468
77 838
93 1012
42 457
25 272
33 359
49 533
65 707
145 1577
191 2077
79 859
47 511
70 761
54 587
23 250
38 413
83 902
112 1217
52 565
59 641
73 793
29 315
36 391
50 543
71 771
134 1455
7 76
97 1053
62 673
41 445
34 369
27 293
67 727
93 1009
33 358
46 499
124 1345
97 1052
45 488
83 900
108 1171
63 683
69 748
56 607
68 737
43 466
55 596
85 921
157 1701
6 65
113 1224
71 769
47 509
76 823
64 693
52 563
23 249
40 433
108 1169
62 671
73 790
39 422
61 660
127 1374
115 1244
60 649
38 411
27 292
59 638
16 173
53 573
58 627
21 227
47 508
83 897
31 335
36 389
46 497
61 659
81 875
141 1523
5 54
184 1987
94 1015
64 691
49 529
39 421
34 367
29 313
77 831
43 464
81 874
71 766
33 356
61 658
14 151
65 701
37 399
23 248
55 593
41 442
59 636
104 1121
9 97
85 916
49 528
71 765
53 571
22 237
35 377
61 657
13 140
82 883
43 463
77 829
64 689
106 1141
38 409
80 861
67 721
96 1033
54 581
62 667
70 753
41 441
49 527
57 613
77 828
105 1129
185 1989
4 43
215 2311
115 1236
79 849
63 677
51 548
43 462
35 376
31 333
27 290
50 537
23 247
42 451
19 204
53 569
49 526
94 1009
101 1084
41 440
26 279
37 397
59 633
125 1341
117 1255
51 547
69 740
76 815
83 890
79 847
68 729
82 879
32 343
46 493
60 643
95 1018
249 2668
157 1682
80 857
52 557
38 407
31 332
24 257
41 439
75 803
112 1199
44 471
27 289
37 396
67 717
147 1573
133 1423
63 674
43 460
56 599
23 246
36 385
62 663
13 139
68 727
42 449
74 791
61 652
16 171
51 545
54 577
19 203
60 641
63 673
69 737
72 769
53 566
28 299
31 331
34 363
77 822
43 459
49 523
58 619
70 747
88 939
115 1227
178 1899
370 3947
557 5941
209 2229
131 1397
95 1013
74 789
62 661
53 565
44 469
41 437
35 373
32 341
29 309
55 586
75 799
23 245
43 458
103 1097
57 607
54 575
122 1299
65 692
31 330
45 479
101 1075
95 1011
53 564
89 947
61 649
47 500
80 851
11 117
74 787
41 436
30 319
68 723
19 202
46 489
27 287
35 372
51 542
83 882
195 2072
157 1668
69 733
45 478
37 393
79 839
92 977
76 807
34 361
60 637
13 138
70 743
44 467
80 849
103 1093
77 817
41 435
23 244
79 838
61 647
71 753
43 456
53 562
73 774
108 1145
233 2470
327 3466
127 1346
77 816
57 604
47 498
37 392
32 339
27 286
49 519
22 233
39 413
90 953
97 1027
46 487
70 741
53 561
125 1323
115 1217
55 582
31 328
50 529
19 201
45 476
26 275
33 349
40 423
54 571
82 867
180 1903
219 2315
93 983
58 613
44 465
67 708
53 560
23 243
39 412
71 750
121 1278
41 433
25 264
59 623
43 454
61 644
115 1214
227 2396
83 876
47 496
67 707
78 823
89 939
71 749
31 327
42 443
75 791
11 116
79 833
46 485
59 622
24 253
37 390
63 664
13 137
80 843
41 432
28 295
43 453
103 1085
92 969
47 495
49 516
100 1053
87 916
36 379
74 779
97 1021
40 421
21 221
65 684
90 947
48 505
25 263
52 547
83 873
29 305
31 326
33 347
35 368
37 389
41 431
45 473
49 515
53 557
59 620
67 704
75 788
89 935
105 1103
133 1397
177 1859
271 2846
565 5933
881 9250
325 3412
201 2110
145 1522
113 1186
93 976
79 829
69 724
61 640
55 577
49 514
45 472
41 430
39 409
72 755
68 713
64 671
60 629
56 587
27 283
77 807
48 503
23 241
44 461
21 220
61 639
59 618
19 199
55 576
53 555
17 178
66 691
32 335
62 649
15 157
73 764
71 743
69 722
54 565
119 1245
102 1067
50 523
61 638
24 251
35 366
57 596
101 1056
174 1819
64 669
42 439
82 857
91 951
69 721
29 303
38 397
56 585
83 867
9 94
115 1201
61 637
43 449
59 616
25 261
41 428
105 1096
87 908
39 407
108 1127
53 553
30 313
81 845
51 532
79 824
156 1627
292 3045
103 1074
61 636
47 490
73 761
59 615
71 740
83 865
88 917
81 844
43 448
67 698
12 125
89 927
53 552
29 302
46 479
114 1187
73 760
39 406
22 229
49 510
27 281
32 333
37 385
47 489
57 593
77 801
112 1165
237 2465
353 3671
133 1383
83 863
63 655
48 499
38 395
33 343
28 291
51 530
23 239
41 426
113 1174
67 696
31 322
44 457
83 862
13 135
60 623
34 353
55 571
92 955
79 820
66 685
45 467
61 633
117 1214
8 83
107 1110
59 612
43 446
62 643
27 280
65 674
19 197
49 508
30 311
52 539
85 881
11 114
80 829
47 487
61 632
25 259
39 404
81 839
14 145
59 611
76 787
48 497
133 1377
71 735
37 383
97 1004
63 652
66 683
95 983
75 776
55 569
29 300
32 331
35 362
38 393
44 455
50 517
56 579
68 703
83 858
107 1106
155 1602
269 2780
3 31
304 3141
166 1715
112 1157
88 909
70 723
58 599
52 537
46 475
40 413
71 733
65 671
59 609
28 289
103 1063
47 485
22 227
63 650
60 619
19 196
54 557
51 526
131 1351
77 794
45 464
71 732
55 567
133 1371
101 1041
49 505
59 608
23 237
56 577
43 443
63 649
123 1267
177 1823
67 690
47 484
64 659
71 731
61 628
17 175
58 597
65 669
79 813
31 319
38 391
52 535
73 751
129 1327
7 72
123 1265
67 689
53 545
39 401
89 915
25 257
43 442
97 997
83 853
76 781
69 709
51 524
95 976
11 113
81 832
48 493
63 647
93 955
56 575
116 1191
94 965
49 503
53 544
19 195
61 626
65 667
96 985
77 790
58 595
66 677
74 759
43 441
51 523
59 605
75 769
103 1056
167 1712
419 4295
317 3249
149 1527
97 994
73 748
57 584
49 502
41 420
70 717
62 635
83 850
25 256
46 471
109 1116
59 604
55 563
123 1259
81 829
77 788
73 747
69 706
13 133
87 890
48 491
57 583
22 225
53 542
71 726
49 501
76 777
166 1697
167 1707
77 787
50 511
73 746
55 562
106 1083
37 378
65 664
14 143
75 766
47 480
52 531
19 194
62 633
67 684
77 786
29 296
63 643
39 398
49 500
59 602
79 806
114 1163
239 2438
386 3937
141 1438
86 877
66 673
51 520
41 418
67 683
88 897
26 265
47 479
21 214
58 591
53 540
133 1355
75 764
43 438
27 275
38 387
60 611
126 1283
149 1517
61 621
39 397
28 285
45 458
113 1150
91 926
40 407
23 234
52 529
29 295
35 356
88 895
59 600
77 783
131 1332
6 61
169 1718
91 925
61 620
49 498
37 376
31 315
81 823
69 701
63 640
19 193
51 518
77 782
58 589
175 1777
98 995
46 467
33 335
93 944
87 883
74 751
61 619
75 761
48 487
62 629
104 1055
258 2617
183 1856
85 862
57 578
43 436
65 659
29 294
73 740
81 821
37 375
67 679
15 152
68 689
38 385
23 233
54 547
70 709
47 476
63 638
103 1043
8 81
121 1225
65 658
49 496
74 749
58 587
92 931
59 597
17 172
77 779
43 435
26 263
35 354
53 536
71 718
170 1719
172 1739
73 738
46 465
37 374
28 283
66 667
19 192
48 485
29 293
39 394
59 596
109 1101
10 101
81 818
51 515
72 727
52 525
21 212
53 535
32 323
54 545
87 878
11 111
89 898
45 454
34 343
80 807
58 585
35 353
59 595
143 1442
121 1220
61 615
37 373
25 252
63 635
51 514
116 1169
131 1320
53 534
67 675
27 272
41 413
83 836
155 1561
57 574
72 725
73 735
59 594
15 151
76 765
77 775
47 473
79 795
145 1459
49 493
33 332
67 674
17 171
52 523
88 885
89 895
91 915
37 372
75 754
19 191
58 583
59 593
121 1216
41 412
83 834
64 643
65 653
22 221
45 452
23 231
47 472
24 241
49 492
25 251
51 512
105 1054
80 803
55 552
28 281
29 291
59 592
61 612
94 943
32 321
33 331
34 341
35 351
36 361
75 752
39 391
40 401
42 421
43 431
45 451
47 471
49 491
51 511
53 531
56 561
59 591
62 621
65 651
69 691
74 741
79 791
85 851
92 921
100 1001
109 1091
121 1211
135 1351
153 1531
177 1771
209 2091
256 2561
331 3311
466 4661
790 7901
1 10
1067 10669
550 5499
371 3709
280 2799
225 2249
188 1879
161 1609
141 1409
126 1259
113 1129
103 1029
95 949
87 869
81 809
76 759
71 709
67 669
63 629
60 599
57 569
54 539
52 519
50 499
48 479
46 459
44 439
85 848
41 409
79 788
38 379
37 369
36 359
69 688
67 668
65 648
32 319
31 309
30 299
59 588
57 568
28 279
82 817
53 528
26 259
51 508
99 986
73 727
95 946
70 697
114 1135
45 448
22 219
43 428
85 846
83 826
41 408
20 199
59 587
58 577
19 189
75 746
37 368
91 905
107 1064
53 527
52 517
120 1193
84 835
83 825
49 487
97 964
111 1103
47 467
31 308
61 606
136 1351
89 884
44 437
29 288
43 427
85 844
14 139
69 685
41 407
27 268
40 397
66 655
13 129
90 893
51 506
63 625
87 863
37 367
61 605
133 1319
143 1418
59 585
82 813
58 575
103 1021
34 337
45 446
78 773
210 2081
109 1080
54 535
75 743
53 525
116 1149
73 723
31 307
41 406
61 604
121 1198
10 99
79 782
49 485
68 673
29 287
67 663
19 188
47 465
28 277
37 366
46 455
73 722
145 1434
224 2215
89 880
53 524
79 781
61 603
95 939
60 593
17 168
76 751
42 415
25 247
58 573
41 405
49 484
73 721
145 1432
8 79
103 1017
63 622
47 464
70 691
54 533
23 227
61 602
53 523
113 1115
112 1105
52 513
59 582
22 217
51 503
29 286
36 355
93 917
64 631
92 907
204 2011
258 2543
104 1025
69 680
48 473
75 739
61 601
27 266
67 660
20 197
53 522
79 778
59 581
137 1349
123 1211
58 571
32 315
51 502
19 187
63 620
69 679
81 797
31 305
37 364
43 423
55 541
73 718
115 1131
283 2783
251 2468
113 1111
71 698
53 521
41 403
35 344
29 285
52 511
23 226
40 393
57 560
17 167
62 609
73 717
67 658
50 491
72 707
215 2111
115 1129
60 589
38 373
27 265
43 422
75 736
16 157
69 677
37 363
100 981
89 873
73 716
83 814
31 304
36 353
41 402
51 500
61 598
81 794
126 1235
256 2509
419 4106
154 1509
94 921
69 676
54 529
44 431
73 715
63 617
29 284
77 754
91 891
62 607
19 186
71 695
33 323
47 460
103 1008
135 1321
51 499
37 362
106 1037
55 538
32 313
41 401
59 577
113 1105
9 88
112 1095
67 655
89 870
31 303
53 518
22 215
57 557
48 469
74 723
13 127
82 801
56 547
30 293
47 459
98 957
106 1035
55 537
59 576
21 205
46 449
25 244
54 527
29 283
33 322
37 361
41 400
49 478
57 556
73 712
93 907
133 1297
237 2311
4 39
247 2408
135 1316
95 926
71 692
59 575
51 497
43 419
74 721
66 643
89 867
27 263
50 487
23 224
42 409
80 779
129 1256
53 516
83 808
79 769
15 146
71 691
41 399
26 253
100 973
48 467
81 788
11 107
106 1031
62 603
40 389
29 282
47 457
137 1332
79 768
43 418
25 243
57 554
71 690
46 447
60 583
88 855
172 1671
7 68
122 1185
73 709
52 505
83 806
69 670
55 534
24 233
41 398
75 728
17 165
61 592
71 689
64 621
84 815
57 553
107 1038
10 97
103 999
53 514
43 417
89 863
23 223
59 572
85 824
62 601
192 1861
94 911
55 533
71 688
74 717
61 591
16 155
67 649
35 339
54 523
19 184
60 581
63 610
22 213
47 455
25 242
53 513
28 271
90 871
65 629
71 687
40 387
43 416
49 474
55 532
64 619
76 735
91 880
115 1112
160 1547
265 2562
760 7347
419 4050
206 1991
137 1324
104 1005
83 802
68 657
59 570
53 512
47 454
41 396
38 367
35 338
32 309
29 280
55 531
26 251
49 473
23 222
43 415
83 801
97 936
37 357
54 521
17 164
65 627
79 762
76 733
59 569
14 135
95 916
53 511
64 617
111 1070
36 347
47 453
80 771
11 106
107 1031
63 607
41 395
30 289
68 655
19 183
65 626
73 703
62 597
78 751
51 491
67 645
123 1184
8 77
133 1280
77 741
53 510
37 356
95 914
50 481
113 1087
76 731
34 327
47 452
99 952
13 125
70 673
44 423
31 298
67 644
18 173
59 567
64 615
23 221
51 490
28 269
94 903
71 682
43 413
53 509
63 605
83 797
128 1229
253 2429
472 4531
162 1555
102 979
72 691
57 547
47 451
79 758
69 662
59 566
27 259
49 470
22 211
61 585
56 537
17 163
80 767
46 441
99 949
41 393
77 738
209 2003
115 1102
55 527
74 709
81 776
88 843
121 1159
45 431
26 249
59 565
73 699
47 450
61 584
82 785
145 1388
7 67
142 1359
79 756
58 555
44 421
37 354
30 287
76 727
108 1033
39 373
71 679
16 153
73 698
41 392
25 239
59 564
77 736
52 497
79 755
160 1529
236 2255
92 879
56 535
85 812
67 640
78 745
89 850
91 869
51 487
73 697
53 506
86 821
11 105
112 1069
57 544
81 773
59 563
24 229
61 582
50 477
89 849
13 124
80 763
41 391
97 925
71 677
58 553
163 1554
92 877
47 448
32 305
66 629
17 162
70 667
36 343
55 524
19 181
59 562
61 581
21 200
65 619
67 638
23 219
48 457
25 238
52 495
27 257
85 809
60 571
31 295
33 314
35 333
37 352
39 371
84 799
45 428
49 466
53 504
57 542
63 599
69 656
77 732
87 827
101 960
121 1150
149 1416
193 1834
279 2651
499 4741
2 19
509 4835
281 2669
195 1852
149 1415
121 1149
101 959
87 826
77 731
69 655
63 598
57 541
53 503
49 465
45 427
84 797
39 370
37 351
35 332
33 313
95 901
60 569
85 806
110 1043
52 493
25 237
48 455
94 891
67 635
65 616
21 199
61 578
59 559
19 180
74 701
36 341
70 663
17 161
66 625
81 767
47 445
77 729
15 142
73 691
43 407
28 265
41 388
67 634
132 1249
141 1334
63 596
37 350
85 804
83 785
35 331
46 435
79 747
189 1787
141 1333
64 605
42 397
31 293
51 482
20 189
69 652
78 737
67 633
47 444
65 614
101 954
9 85
133 1256
70 661
52 491
77 727
59 557
25 236
41 387
73 689
16 151
71 670
39 368
85 802
76 717
83 783
67 632
44 415
51 481
72 679
114 1075
289 2725
215 2027
103 971
68 641
54 509
40 377
33 311
85 801
71 669
64 603
19 179
69 650
31 292
43 405
67 631
139 1309
161 1516
65 612
41 386
99 932
46 433
80 753
17 160
56 527
39 367
127 1195
71 668
76 715
59 555
32 301
37 348
42 395
52 489
62 583
82 771
122 1147
222 2087
5 47
193 1814
113 1062
78 733
63 592
53 498
43 404
71 667
94 883
28 263
51 479
23 216
64 601
59 554
18 169
67 629
80 751
75 704
57 535
109 1023
177 1661
73 685
47 441
89 835
97 910
92 863
79 741
66 619
82 769
53 497
77 722
125 1172
8 75
139 1303
75 703
51 478
43 403
97 909
27 253
46 431
103 965
106 993
49 459
30 281
41 384
63 590
129 1208
223 2088
80 749
47 440
36 337
86 805
64 599
39 365
81 758
14 131
87 814
45 421
31 290
48 449
99 926
122 1141
54 505
57 533
117 1094
83 776
43 402
23 215
72 673
101 944
81 757
29 271
61 570
67 626
73 682
79 738
44 411
47 439
53 495
62 579
71 663
83 775
104 971
134 1251
194 1811
347 3239
3 28
349 3257
196 1829
136 1269
103 961
85 793
70 653
61 569
55 513
49 457
43 401
40 373
71 662
34 317
31 289
87 811
81 755
103 960
72 671
69 643
129 1202
41 382
79 736
19 177
54 503
35 326
67 624
16 149
77 717
45 419
29 270
42 391
68 633
146 1359
127 1182
62 577
36 335
59 549
23 214
56 521
76 707
53 493
83 772
173 1609
187 1739
77 716
57 530
37 344
91 846
71 660
61 567
17 158
75 697
41 381
89 827
79 734
31 288
69 641
45 418
59 548
80 743
129 1198
381 3538
193 1792
95 882
67 622
53 492
39 362
32 297
57 529
25 232
43 399
79 733
137 1271
47 436
29 269
69 640
51 473
84 779
205 1901
136 1261
70 649
48 445
63 584
26 241
41 380
56 519
161 1492
109 1010
49 454
34 315
72 667
19 176
61 565
65 602
23 213
50 463
27 250
58 537
97 898
35 324
39 361
90 833
51 472
63 583
75 694
95 879
131 1212
207 1915
555 5134
369 3413
177 1637
117 1082
85 786
69 638
57 527
49 453
86 795
78 721
70 647
62 573
29 268
79 730
96 887
46 425
21 194
59 545
38 351
72 665
17 157
64 591
77 711
73 674
56 517
95 877
13 120
74 683
48 443
35 323
101 932
97 895
84 775
71 655
49 452
67 618
103 950
9 83
149 1374
77 710
50 461
41 378
32 295
78 719
106 977
37 341
51 470
93 857
14 129
75 691
47 433
85 783
71 654
19 175
62 571
67 617
24 221
53 488
92 847
34 313
39 359
44 405
54 497
69 635
89 819
129 1187
234 2153
5 46
201 1849
116 1067
81 745
66 607
51 469
87 800
77 708
67 616
88 809
26 239
73 671
89 818
121 1112
58 533
53 487
101 928
139 1277
59 542
70 643
27 248
38 349
49 450
82 753
236 2167
127 1166
72 661
89 817
67 615
101 927
62 569
113 1037
108 991
57 523
63 578
23 211
52 477
29 266
35 321
41 376
47 431
59 541
83 761
119 1091
251 2301
385 3529
145 1329
91 834
67 614
49 449
43 394
105 962
31 284
81 742
94 861
44 403
101 925
108 989
51 467
109 998
58 531
97 888
13 119
85 778
46 421
33 302
53 485
20 183
67 613
74 677
88 805
34 311
41 375
48 439
69 631
97 887
181 1655
7 64
141 1289
85 777
57 521
93 850
36 329
65 594
80 731
73 667
103 941
96 877
52 475
97 886
188 1717
68 621
38 347
84 767
123 1123
54 493
70 639
86 785
55 502
79 721
135 1232
8 73
145 1323
81 739
57 520
41 374
33 301
58 529
25 228
42 383
76 693
17 155
77 702
43 392
26 237
61 556
79 720
53 483
71 647
125 1139
9 82
127 1157
73 665
101 920
37 337
93 847
75 683
66 601
19 173
67 610
77 701
68 619
88 801
59 537
99 901
10 91
131 1192
71 646
51 464
72 655
83 755
73 664
116 1055
53 482
107 973
97 882
76 691
153 1391
199 1809
78 709
56 509
79 718
57 518
23 209
58 527
82 745
59 536
95 863
12 109
97 881
61 554
37 336
87 790
88 799
38 345
64 581
103 935
13 118
79 717
53 481
67 608
95 862
41 372
69 626
167 1515
113 1025
57 517
72 653
102 925
44 399
89 807
15 136
76 689
46 417
31 281
47 426
111 1006
145 1314
65 589
33 299
50 453
101 915
154 1395
69 625
35 317
53 480
18 163
91 824
92 833
56 507
151 1367
77 697
39 353
79 715
20 181
61 552
62 561
21 190
64 579
65 588
22 199
67 606
68 615
23 208
47 425
95 859
73 660
74 669
126 1139
51 461
26 235
53 479
27 244
55 497
113 1021
86 777
59 533
30 271
92 831
63 569
32 289
33 298
67 605
69 623
71 641
73 659
75 677
77 695
79 713
81 731
42 379
43 388
89 803
46 415
95 857
49 442
51 460
53 478
55 496
57 514
60 541
62 559
65 586
68 613
72 649
75 676
80 721
84 757
90 811
96 865
103 928
111 1000
121 1090
132 1189
145 1306
162 1459
183 1648
211 1900
248 2233
302 2719
385 3466
531 4780
856 7705
2206 19855
1613 14516
749 6740
488 4391
362 3257
288 2591
239 2150
204 1835
178 1601
158 1421
142 1277
129 1160
118 1061
109 980
101 908
95 854
89 800
83 746
79 710
75 674
71 638
68 611
65 584
62 557
59 530
57 512
55 494
53 476
51 458
49 440
47 422
46 413
44 395
43 386
83 745
81 727
79 709
77 691
75 673
73 655
71 637
69 619
67 601
33 296
32 287
63 565
92 825
30 269
59 529
29 260
85 762
83 744
109 977
80 717
105 941
77 690
76 681
99 887
73 654
24 215
47 421
93 833
91 815
45 403
22 197
65 582
64 573
148 1325
83 743
41 367
81 725
119 1065
59 528
58 519
134 1199
94 841
93 832
55 492
109 975
107 957
53 474
87 778
69 617
17 152
84 751
50 447
82 733
65 581
161 1439
111 992
47 420
31 277
46 411
76 679
15 134
104 929
59 527
73 652
72 643
57 509
85 759
14 125
83 741
55 491
68 607
121 1080
40 357
66 589
105 937
13 116
77 687
51 455
101 901
25 223
62 553
86 767
61 544
109 972
12 107
95 847
59 526
82 731
58 517
23 205
57 508
34 303
45 401
67 597
144 1283
241 2147
87 775
54 481
75 668
32 285
74 659
21 187
52 463
31 276
41 365
51 454
81 721
161 1433
259 2305
99 881
59 525
88 783
68 605
77 685
67 596
19 169
85 756
47 418
28 249
102 907
46 409
64 569
91 809
199 1769
242 2151
98 871
62 551
44 391
35 311
61 542
121 1075
43 382
77 684
17 151
76 675
42 373
117 1039
83 737
33 293
41 364
49 435
73 648
105 932
241 2139
239 2121
103 914
71 630
55 488
39 346
101 896
54 479
123 1091
84 745
38 337
68 603
143 1268
127 1126
67 594
37 328
81 718
22 195
51 452
29 257
65 576
79 700
50 443
64 567
85 753
148 1311
7 62
202 1789
104 921
69 611
55 487
41 363
109 965
61 540
27 239
47 416
107 947
113 1000
53 469
112 991
59 522
85 752
13 115
97 858
58 513
77 681
83 734
70 619
19 168
63 557
69 610
25 221
56 495
31 274
37 327
43 380
55 486
67 592
85 751
133 1175
277 2447
395 3489
155 1369
95 839
71 627
53 468
47 415
76 671
64 565
29 256
52 459
23 203
63 556
97 856
91 803
17 150
62 547
45 397
28 247
39 344
50 441
72 635
149 1314
225 1984
93 820
60 529
38 335
92 811
97 855
43 379
91 802
16 141
69 608
90 793
58 511
21 185
89 784
73 643
26 229
57 502
98 863
36 317
41 361
46 405
56 493
71 625
86 757
126 1109
211 1857
5 44
269 2367
139 1223
99 871
74 651
59 519
49 431
44 387
73 642
97 853
29 255
53 466
125 1099
67 589
43 378
100 879
128 1125
52 457
33 290
47 413
89 782
14 123
93 817
51 448
37 325
83 729
101 887
55 483
73 641
91 799
59 518
86 755
176 1545
301 2642
112 983
67 588
49 430
40 351
31 272
53 465
22 193
79 693
35 307
48 421
87 763
230 2017
121 1061
69 605
43 377
30 263
47 412
81 710
17 149
72 631
38 333
59 517
21 184
67 587
71 622
25 219
54 473
29 254
95 832
70 613
78 683
86 753
49 429
57 499
65 569
77 674
97 849
133 1164
201 1759
433 3789
575 5031
227 1986
143 1251
103 901
83 726
67 586
59 516
51 446
43 376
39 341
35 306
66 577
89 778
112 979
77 673
73 638
134 1171
42 367
61 533
19 166
72 629
87 760
83 725
79 690
199 1738
116 1013
56 489
67 585
26 227
63 550
85 742
59 515
92 803
268 2339
139 1213
73 637
51 445
69 602
29 253
47 410
83 724
18 157
61 532
68 593
25 218
57 497
32 279
39 340
46 401
60 523
81 706
123 1072
256 2231
325 2832
129 1124
80 697
59 514
97 845
38 331
69 601
86 749
103 897
89 775
41 357
75 653
17 148
78 679
44 383
98 853
64 557
37 322
104 905
77 670
137 1192
10 87
113 983
73 635
96 835
76 661
56 487
102 887
82 713
36 313
49 426
75 652
179 1556
146 1269
68 591
42 365
100 869
74 643
61 530
125 1086
147 1277
67 582
86 747
54 469
111 964
117 1016
60 521
63 547
22 191
69 599
72 625
25 217
53 460
28 243
59 512
96 833
34 295
71 616
77 668
43 373
46 399
52 451
55 477
64 555
73 633
82 711
100 867
124 1075
160 1387
235 2037
442 3831
3 26
371 3215
215 1863
152 1317
116 1005
95 823
80 693
71 615
62 537
56 485
50 433
91 788
41 355
38 329
35 303
67 580
93 805
29 251
55 476
26 225
75 649
72 623
135 1168
109 943
63 545
20 173
77 666
37 320
54 467
139 1202
116 1003
65 562
110 951
76 657
59 510
101 873
14 121
81 700
53 458
64 553
25 216
61 527
36 311
105 907
80 691
157 1356
239 2064
96 829
63 544
41 354
101 872
79 682
68 587
19 164
65 561
73 630
27 233
62 535
78 673
51 440
67 578
91 785
163 1406
8 69
149 1285
85 733
61 526
45 388
37 319
95 819
79 681
71 612
21 181
76 655
34 293
47 405
73 629
151 1301
174 1499
70 603
44 379
106 913
80 689
67 577
18 155
77 663
41 353
87 749
143 1231
51 439
28 241
61 525
33 284
38 327
43 370
101 869
58 499
73 628
98 843
138 1187
243 2090
5 43
252 2167
142 1221
97 834
77 662
62 533
52 447
89 765
79 679
69 593
91 782
113 971
76 653
71 610
22 189
61 524
95 816
73 627
17 146
80 687
46 395
29 249
70 601
53 455
77 661
161 1382
187 1605
79 678
55 472
74 635
112 961
69 592
164 1407
102 875
45 386
97 832
85 729
33 283
73 626
47 403
54 463
75 643
110 943
201 1723
7 60
163 1397
93 797
65 557
51 437
44 377
37 317
30 257
53 454
122 1045
85 728
39 334
55 471
119 1019
153 1310
73 625
41 351
91 779
84 719
93 796
77 659
52 445
70 599
115 984
304 2601
191 1634
92 787
65 556
47 402
38 325
29 248
78 667
69 590
20 171
71 607
82 701
73 624
95 812
75 641
119 1017
11 94
112 957
68 581
46 393
35 299
83 709
24 205
61 521
87 743
63 538
128 1093
13 111
93 794
54 461
69 589
28 239
71 606
58 495
118 1007
212 1809
77 657
47 401
32 273
49 418
100 853
17 145
70 597
89 759
55 469
93 793
135 1151
59 503
101 861
103 878
107 912
44 375
90 767
23 196
48 409
98 835
102 869
79 673
27 230
56 477
29 247
91 775
95 809
33 281
103 877
72 613
76 647
80 681
84 715
88 749
47 400
100 851
53 451
57 485
61 519
67 570
73 621
79 672
89 757
99 842
113 961
133 1131
159 1352
201 1709
269 2287
407 3460
847 7200
1359 11551
497 4224
305 2592
219 1861
171 1453
141 1198
119 1011
105 892
93 790
83 705
75 637
69 586
63 535
59 501
55 467
51 433
96 815
45 382
43 365
41 348
39 331
37 314
35 297
101 857
64 543
31 263
60 509
114 967
83 704
133 1128
52 441
25 212
73 619
71 602
23 195
67 568
65 551
21 178
82 695
40 339
78 661
19 161
74 627
91 771
53 449
87 737
17 144
66 559
81 686
111 940
47 398
92 779
15 127
88 745
58 491
71 601
28 237
41 347
54 457
93 787
13 110
115 973
63 533
87 736
61 516
24 203
83 702
35 296
46 389
68 575
112 947
11 93
141 1192
75 634
53 448
73 617
31 262
51 431
151 1276
89 752
49 414
29 245
67 566
85 718
56 473
74 625
128 1081
9 76
160 1351
88 743
61 515
43 363
111 937
59 498
25 211
66 557
98 827
73 616
16 135
103 869
55 464
101 852
108 911
99 835
53 447
30 253
37 312
44 371
51 430
65 548
93 784
149 1256
380 3203
257 2166
124 1045
82 691
61 514
47 396
40 337
33 278
59 497
26 219
71 598
64 539
159 1339
107 901
50 421
31 261
43 362
55 463
91 766
247 2079
149 1254
77 648
53 446
70 589
29 244
46 387
80 673
17 143
90 757
56 471
61 513
127 1068
93 782
49 412
27 227
59 496
32 269
106 891
79 664
47 395
52 437
62 521
77 647
102 857
147 1235
272 2285
5 42
248 2083
143 1201
98 823
78 655
63 529
53 445
91 764
81 680
71 596
94 789
89 747
79 663
74 621
23 193
64 537
100 839
95 797
18 151
67 562
80 671
106 889
44 369
70 587
148 1241
203 1702
86 721
107 897
115 964
55 461
118 989
113 947
50 419
29 243
66 553
82 687
98 821
61 511
93 779
157 1315
8 67
179 1499
99 829
67 561
51 427
43 360
35 293
89 745
100 837
46 385
103 862
163 1364
68 569
79 661
101 845
41 343
63 527
96 803
217 1815
179 1497
91 761
58 485
83 694
61 510
136 1137
89 744
39 326
67 560
109 911
14 117
101 844
59 493
76 635
110 919
113 944
99 827
190 1587
71 593
91 760
57 476
117 977
123 1027
63 526
66 551
23 192
72 601
75 626
133 1110
55 459
29 242
61 509
99 826
35 292
111 926
79 659
44 367
47 392
103 859
56 467
62 517
71 592
80 667
95 792
116 967
143 1192
194 1617
302 2517
683 5692
772 6433
319 2658
202 1683
148 1233
118 983
97 808
82 683
73 608
64 533
58 483
52 433
95 791
43 358
40 333
37 308
71 591
99 824
31 258
59 491
28 233
53 441
128 1065
72 599
69 574
22 183
85 707
41 341
79 657
19 158
92 765
89 740
86 715
67 557
147 1222
141 1172
61 507
45 374
29 241
71 590
55 457
81 673
211 1753
153 1271
75 623
49 407
36 299
82 681
23 191
56 465
33 274
43 357
53 440
83 689
133 1104
10 83
137 1137
77 639
57 473
84 697
64 531
27 224
71 589
61 506
112 929
160 1327
75 622
41 340
89 738
127 1053
55 456
31 257
107 887
45 373
52 431
66 547
94 779
143 1185
339 2809
298 2469
137 1135
88 729
67 555
53 439
85 704
71 588
32 265
82 679
25 207
68 563
61 505
133 1101
137 1134
65 538
76 629
127 1051
40 331
51 422
73 604
139 1150
11 91
114 943
70 579
48 397
37 306
89 736
119 984
41 339
56 463
101 835
15 124
79 653
49 405
34 281
53 438
110 909
156 1289
61 504
107 884
111 917
96 793
50 413
27 223
58 479
31 256
66 545
109 900
39 322
43 355
98 809
55 454
63 520
75 619
91 751
115 949
155 1279
247 2038
591 4876
525 4331
233 1922
149 1229
113 932
89 734
73 602
65 536
110 907
49 404
86 709
78 643
107 882
33 272
62 511
29 239
54 445
25 206
71 585
67 552
21 173
80 659
97 799
55 453
89 733
17 140
81 667
47 387
30 247
73 601
56 461
82 675
199 1638
165 1358
74 609
48 395
35 288
57 469
167 1374
97 798
84 691
102 839
40 329
49 403
67 551
103 847
202 1661
338 2779
122 1003
77 633
59 485
41 337
73 600
87 715
78 641
23 189
60 493
125 1027
65 534
107 879
14 115
103 846
61 501
80 657
85 698
71 583
185 1519
100 821
105 862
67 550
24 197
77 632
111 911
92 755
34 279
112 919
83 681
49 402
59 484
69 566
84 689
109 894
159 1304
289 2370
5 41
256 2099
146 1197
101 828
81 664
66 541
56 459
46 377
41 336
113 926
67 549
31 254
83 680
26 213
47 385
89 729
21 172
79 647
37 303
53 434
101 827
16 131
91 745
102 835
70 573
27 221
65 532
87 712
60 491
93 761
203 1661
215 1759
94 769
61 499
89 728
67 548
28 229
73 597
62 507
130 1063
142 1161
74 605
40 327
86 703
23 188
75 613
110 899
93 760
35 286
41 335
47 384
53 433
65 531
89 727
125 1021
209 1707
6 49
253 2066
133 1086
91 743
73 596
55 449
49 400
80 653
105 857
31 253
56 457
106 865
94 767
44 359
82 669
19 155
89 726
83 677
32 261
45 367
71 579
123 1003
13 106
98 799
59 481
79 644
33 269
53 432
153 1247
107 872
47 383
101 823
88 717
95 774
75 611
89 725
55 448
69 562
90 733
139 1132
314 2557
344 2801
148 1205
92 749
71 578
57 464
43 350
115 936
65 529
29 236
51 415
95 773
125 1017
59 480
89 724
67 545
112 911
15 122
83 675
53 431
38 309
84 683
146 1187
54 439
31 252
70 569
86 699
55 447
71 577
95 772
175 1422
8 65
177 1438
97 788
73 593
57 463
41 333
74 601
91 739
108 877
117 950
42 341
59 479
127 1031
162 1315
77 625
43 349
95 771
87 706
96 779
79 641
53 430
71 576
98 795
188 1525
9 73
136 1103
82 665
64 519
46 373
37 300
93 754
103 835
47 381
85 689
19 154
67 543
77 624
29 235
68 551
88 713
59 478
89 721
159 1288
10 81
131 1061
81 656
112 907
41 332
103 834
83 672
73 591
21 170
74 599
85 688
107 866
43 348
65 526
98 793
208 1683
221 1788
100 809
67 542
45 364
34 275
57 461
126 1019
104 841
93 752
82 663
59 477
83 671
167 1350
229 1851
97 784
61 493
86 695
99 800
112 905
88 711
38 307
51 412
77 622
142 1147
248 2003
92 743
53 428
40 323
94 759
122 985
41 331
55 444
97 783
14 113
127 1025
71 573
43 347
101 815
102 823
44 355
74 597
164 1323
151 1218
76 613
46 371
31 250
78 629
63 508
127 1024
209 1685
81 653
49 395
33 266
50 403
84 677
17 137
103 830
52 419
35 282
53 427
107 862
18 145
73 588
92 741
56 451
94 757
19 153
77 620
39 314
59 475
139 1119
121 974
61 491
62 499
104 837
127 1022
64 515
65 523
153 1231
89 716
45 362
91 732
23 185
70 563
71 571
24 193
73 587
74 595
25 201
51 410
103 828
105 844
53 426
27 217
55 442
111 892
85 683
86 691
88 707
89 715
91 731
92 739
94 755
32 257
65 522
33 265
101 811
69 554
35 281
36 289
73 586
75 602
38 305
39 313
40 321
41 329
42 337
43 345
44 353
45 361
46 369
95 762
49 393
50 401
52 417
53 425
55 441
57 457
59 473
61 489
63 505
65 521
67 537
70 561
73 585
76 609
79 633
83 665
87 697
92 737
97 777
102 817
109 873
116 929
124 993
133 1065
144 1153
157 1257
172 1377
190 1521
213 1705
242 1937
281 2249
334 2673
412 3297
537 4297
773 6185
1375 11001
1 8
1449 11591
796 6367
549 4391
419 3351
339 2711
284 2271
245 1959
215 1719
192 1535
173 1383
158 1263
145 1159
134 1071
125 999
116 927
109 871
103 823
97 775
92 735
88 703
84 671
80 639
77 615
73 583
71 567
68 543
65 519
63 503
61 487
59 471
57 455
55 439
54 431
52 415
101 806
49 391
48 383
93 742
91 726
44 351
43 343
42 335
41 327
40 319
79 630
77 614
75 598
37 295
36 287
71 566
104 829
34 271
67 534
98 781
97 773
63 502
31 247
61 486
30 239
59 470
29 231
57 454
141 1123
83 661
82 653
107 852
53 422
26 207
77 613
76 605
25 199
74 589
73 581
24 191
71 565
70 557
23 183
68 541
45 358
111 883
131 1042
65 517
64 509
127 1010
125 994
62 493
102 811
101 803
179 1423
59 469
39 310
58 461
153 1216
132 1049
56 445
37 294
55 437
127 1009
179 1422
71 564
88 699
87 691
69 548
154 1223
152 1207
67 532
83 659
115 913
49 389
97 770
16 127
95 754
63 500
78 619
108 857
46 365
76 603
166 1317
179 1420
74 587
103 817
73 579
130 1031
43 341
57 452
99 785
14 111
111 880
69 547
41 325
68 539
27 214
67 531
93 737
66 523
118 935
13 103
116 919
64 507
89 705
101 800
113 895
112 887
99 784
86 681
61 483
97 768
217 1718
203 1607
95 752
59 467
82 649
35 277
81 641
23 182
80 633
125 989
79 625
56 443
78 617
122 965
11 87
153 1210
87 688
54 427
43 340
32 253
85 672
74 585
21 166
73 577
83 656
134 1059
41 324
51 403
71 561
111 877
241 1904
249 1967
109 861
69 545
49 387
39 308
68 537
29 229
48 379
86 679
19 150
85 671
47 371
103 813
93 734
37 292
83 655
55 434
73 576
109 860
235 1854
332 2619
125 986
80 631
62 489
44 347
114 899
61 481
113 891
95 749
43 339
77 607
162 1277
144 1135
76 599
42 331
92 725
25 197
58 457
33 260
115 906
49 386
57 449
81 638
113 890
209 1646
8 63
167 1315
95 748
71 559
55 433
86 677
109 858
31 244
85 669
100 787
176 1385
61 480
38 299
68 535
98 771
15 118
112 881
67 527
126 991
59 464
125 983
117 920
51 401
109 857
94 739
36 283
79 621
50 393
57 448
78 613
99 778
162 1273
414 3253
307 2412
146 1147
97 762
69 542
55 432
48 377
41 322
34 267
61 479
27 212
74 581
67 526
147 1154
133 1044
53 416
33 259
79 620
59 463
85 667
202 1585
188 1475
84 659
58 455
77 604
32 251
51 400
89 698
19 149
82 643
44 345
94 737
25 196
56 439
31 243
68 533
117 917
43 337
49 384
61 478
73 572
97 760
139 1089
247 1935
6 47
251 1966
137 1073
95 744
77 603
59 462
53 415
88 689
76 595
35 274
93 728
110 861
52 407
144 1127
109 853
103 806
57 446
91 712
17 133
96 751
62 485
73 571
28 219
67 524
89 696
61 477
83 649
149 1165
11 86
126 985
82 641
109 852
87 680
65 508
27 211
70 547
102 797
75 586
187 1461
149 1164
69 539
90 703
95 742
79 617
21 164
68 531
47 367
151 1179
83 648
88 687
98 765
36 281
77 601
87 679
97 757
56 437
66 515
81 632
101 788
136 1061
211 1646
486 3791
509 3970
219 1708
139 1084
104 811
79 616
69 538
59 460
49 382
44 343
39 304
107 834
97 756
121 943
82 639
77 600
24 187
67 522
43 335
81 631
19 148
90 701
52 405
33 257
47 366
61 475
117 911
14 109
121 942
65 506
88 685
97 755
83 646
23 179
78 607
119 926
73 568
41 319
109 848
68 529
104 809
203 1579
9 70
148 1151
85 661
67 521
49 381
40 311
102 793
84 653
75 583
22 171
101 785
92 715
118 917
48 373
74 575
152 1181
13 101
108 839
69 536
43 334
103 800
107 831
47 365
81 629
17 132
123 955
55 427
38 295
59 458
143 1110
130 1009
67 520
71 551
25 194
79 613
83 644
120 931
95 737
103 799
37 287
119 923
86 667
49 380
53 411
61 473
69 535
81 628
97 752
121 938
157 1217
237 1837
469 3635
4 31
315 2441
191 1480
135 1046
107 829
87 674
75 581
63 488
114 883
51 395
90 697
82 635
39 302
35 271
66 511
31 240
58 449
27 209
77 596
73 565
23 178
88 681
42 325
61 472
137 1060
148 1145
72 557
87 673
83 642
64 495
94 727
15 116
116 897
71 549
41 317
67 518
26 201
63 487
37 286
48 371
70 541
103 796
224 1731
249 1924
106 819
73 564
51 394
40 309
98 757
105 811
47 363
83 641
18 139
97 749
61 471
68 525
168 1297
82 633
89 687
103 795
39 301
46 355
53 409
67 517
88 679
116 895
207 1597
7 54
234 1805
129 995
87 671
66 509
111 856
45 347
38 293
69 532
31 239
55 424
151 1164
113 871
106 817
58 447
92 709
17 131
95 732
61 470
71 547
27 208
91 701
37 285
47 362
57 439
87 670
137 1055
10 77
183 1409
93 716
63 485
53 408
76 585
33 254
56 431
125 962
105 808
59 454
36 277
49 377
75 577
140 1077
13 100
107 823
68 523
97 746
71 546
29 223
74 569
61 469
109 838
16 123
99 761
67 515
86 661
89 684
73 561
206 1583
117 899
60 461
104 799
85 653
22 169
69 530
72 553
147 1129
103 791
81 622
28 215
59 453
31 238
65 499
34 261
71 545
77 591
40 307
43 330
46 353
49 376
55 422
58 445
64 491
73 560
82 629
91 698
106 813
127 974
160 1227
211 1618
310 2377
601 4608
3 23
446 3419
263 2016
188 1441
146 1119
119 912
101 774
86 659
77 590
68 521
62 475
56 429
53 406
97 743
91 697
85 651
79 605
111 850
35 268
67 513
32 245
61 467
29 222
55 421
133 1018
101 773
49 375
95 727
158 1209
66 505
106 811
103 788
20 153
77 589
94 719
91 696
71 543
156 1193
167 1277
65 497
48 367
31 237
76 581
104 795
87 665
171 1307
221 1689
95 726
53 405
39 298
64 489
25 191
86 657
133 1016
83 634
58 443
80 611
135 1031
11 84
162 1237
85 649
63 481
93 710
71 542
30 229
79 603
68 519
163 1244
122 931
65 496
73 557
27 206
89 679
35 267
78 595
94 717
59 450
75 572
107 816
179 1365
8 61
221 1685
117 892
85 648
61 465
98 747
82 625
103 785
95 724
108 823
50 381
113 861
160 1219
76 579
123 937
81 617
107 815
86 655
151 1150
13 99
109 830
70 533
44 335
75 571
111 845
49 373
85 647
18 137
95 723
59 449
105 799
87 662
23 175
74 563
79 601
28 213
61 464
33 251
109 829
81 616
91 692
101 768
58 441
68 517
83 631
103 783
133 1011
203 1543
408 3101
732 5563
257 1953
157 1193
112 851
87 661
72 547
62 471
52 395
47 357
42 319
116 881
69 524
32 243
59 448
27 205
76 577
71 539
137 1040
127 964
61 463
134 1017
73 554
124 941
216 1639
80 607
46 349
75 569
128 971
111 842
53 402
65 493
113 857
305 2313
175 1327
91 690
122 925
43 326
105 796
112 849
50 379
107 811
19 144
83 629
45 341
71 538
26 197
59 447
33 250
73 553
87 659
101 765
61 462
75 568
103 780
152 1151
320 2423
464 3513
177 1340
114 863
79 598
65 492
51 386
44 333
37 280
67 507
30 227
53 401
99 749
23 174
62 469
39 295
55 416
87 658
16 121
121 915
73 552
41 310
66 499
25 189
84 635
93 703
77 582
43 325
113 854
70 529
106 801
196 1481
9 68
164 1239
101 763
74 559
56 423
85 642
105 793
125 944
107 808
49 370
109 823
20 151
71 536
51 385
31 234
73 551
95 717
64 483
86 649
174 1313
11 83
134 1011
79 596
57 430
46 347
35 264
59 445
155 1169
109 822
98 739
87 656
113 852
89 671
167 1259
275 2073
106 799
67 505
95 716
69 520
28 211
71 535
43 324
73 550
133 1002
15 113
107 806
62 467
79 595
32 241
81 610
66 497
134 1009
206 1551
87 655
53 399
36 271
55 414
112 843
19 143
78 587
99 745
61 459
103 775
21 158
65 489
44 331
90 677
23 173
71 534
121 910
148 1113
102 767
52 391
133 1000
83 624
85 639
29 218
60 451
31 233
64 481
33 248
68 511
142 1067
109 819
76 571
119 894
41 308
43 323
45 338
47 353
49 368
104 781
55 413
116 871
61 458
65 488
69 518
75 563
81 608
87 653
95 713
105 788
119 893
133 998
155 1163
181 1358
221 1658
283 2123
395 2963
653 4898
1865 13988
1041 7807
511 3832
339 2542
253 1897
203 1522
169 1267
145 1087
127 952
113 847
101 757
93 697
85 637
79 592
73 547
67 502
63 472
120 899
57 427
53 397
51 382
96 719
92 689
88 659
84 629
121 906
39 292
113 846
72 539
35 262
68 509
130 973
95 711
122 913
89 666
29 217
56 419
110 823
106 793
52 389
127 950
98 733
48 359
94 703
23 172
67 501
44 329
86 643
21 157
103 770
101 755
99 740
78 583
19 142
112 837
55 411
36 269
53 396
87 650
189 1412
151 1128
66 493
49 366
32 239
79 590
62 463
92 687
257 1919
148 1105
73 545
101 754
71 530
28 209
69 515
41 306
54 403
93 694
171 1276
271 2022
102 761
63 470
50 373
37 276
61 455
24 179
83 619
94 701
116 865
46 343
68 507
90 671
178 1327
11 82
130 969
86 641
117 872
42 313
73 544
31 231
51 380
91 678
20 149
89 663
49 365
107 797
125 931
105 782
85 633
103 767
65 484
92 685
146 1087
416 3097
241 1794
124 923
79 588
61 454
95 707
77 573
34 253
59 439
159 1183
91 677
107 796
57 424
89 662
201 1495
167 1242
71 528
94 699
101 751
85 632
23 171
76 565
83 617
30 223
67 498
118 877
44 327
51 379
65 483
79 587
107 795
163 1211
345 2563
460 3417
180 1337
117 869
82 609
68 505
54 401
47 349
40 297
106 787
92 683
85 631
26 193
71 527
109 809
102 757
19 141
88 653
50 371
112 831
105 779
43 319
55 408
79 586
151 1120
12 89
137 1016
77 571
53 393
41 304
70 519
29 215
75 556
63 467
114 845
17 126
107 793
56 415
39 289
61 452
149 1104
137 1015
71 526
76 563
27 200
59 437
155 1148
69 511
37 274
121 896
89 659
52 385
57 422
67 496
77 570
97 718
127 940
177 1310
307 2272
5 37
363 2686
193 1428
133 984
103 762
83 614
68 503
58 429
53 392
91 673
124 917
38 281
104 769
94 695
89 658
28 207
51 377
74 547
23 170
87 643
41 303
59 436
95 702
18 133
103 761
116 857
80 591
137 1012
44 325
57 421
83 613
161 1189
13 96
112 827
73 539
47 347
115 849
89 657
76 561
181 1336
113 834
121 893
79 583
153 1129
66 487
119 878
45 332
53 391
69 509
93 686
141 1040
293 2161
435 3208
163 1202
107 789
75 553
59 435
94 693
121 892
35 258
62 457
27 199
100 737
46 339
84 619
217 1599
125 921
68 501
79 582
30 221
71 523
93 685
63 464
85 626
140 1031
11 81
190 1399
102 751
69 508
47 346
119 876
97 714
86 633
189 1391
64 471
39 287
53 390
81 596
165 1214
269 1979
101 743
59 434
45 331
107 787
110 809
48 353
82 603
184 1353
156 1147
71 522
91 669
131 963
77 566
137 1007
163 1198
63 463
43 316
89 654
23 169
95 698
49 360
101 742
133 977
55 404
142 1043
90 661
93 683
99 727
102 749
108 793
38 279
120 881
85 624
91 668
97 712
53 389
56 411
62 455
68 499
74 543
83 609
92 675
107 785
125 917
155 1137
197 1445
272 1995
443 3249
1199 8793
760 5573
364 2669
241 1767
181 1327
142 1041
118 865
103 755
91 667
79 579
73 535
64 469
61 447
55 403
52 381
95 696
89 652
83 608
40 293
37 271
71 520
34 249
65 476
31 227
59 432
143 1047
81 593
78 571
178 1303
97 710
47 344
91 666
22 161
85 622
104 761
101 739
98 717
19 139
111 812
54 395
124 907
86 629
67 490
115 841
16 117
109 797
61 446
45 329
103 753
129 943
113 826
55 402
68 497
120 877
13 95
153 1118
88 643
62 453
85 621
131 957
82 599
23 168
102 745
56 409
33 241
76 555
96 701
63 460
83 606
133 971
343 2504
247 1803
117 854
77 562
57 416
47 343
37 270
64 467
27 197
98 715
44 321
61 445
129 941
17 124
92 671
58 423
41 299
89 649
24 175
79 576
86 627
31 226
69 503
121 882
45 328
52 379
66 481
80 583
108 787
171 1246
367 2674
459 3344
186 1355
116 845
88 641
67 488
113 823
46 335
124 903
71 517
32 233
57 415
107 779
168 1223
68 495
104 757
79 575
187 1361
155 1128
65 473
47 342
105 764
98 713
109 793
91 662
62 451
84 611
139 1011
11 80
180 1309
103 749
70 509
48 349
122 887
100 727
115 836
145 1054
67 487
97 705
71 516
116 843
15 109
124 901
79 574
49 356
34 247
87 632
72 523
148 1075
156 1133
80 581
42 305
65 472
157 1140
119 864
123 893
77 559
27 196
58 421
120 871
97 704
101 733
74 537
39 283
43 312
137 994
51 370
55 399
63 457
71 515
79 573
91 660
111 805
139 1008
187 1356
287 2081
611 4430
861 6242
333 2414
205 1486
149 1080
117 848
97 703
81 587
73 529
65 471
57 413
102 739
94 681
86 623
119 862
37 268
70 507
33 239
62 449
29 210
83 601
79 572
25 181
96 695
46 333
88 637
21 152
101 731
59 427
38 275
55 398
106 767
17 123
115 832
64 463
47 340
137 991
103 745
43 311
56 405
82 593
147 1063
13 94
126 911
74 535
109 788
83 600
127 918
79 571
167 1207
119 860
53 383
115 831
102 737
111 802
89 643
58 419
76 549
103 744
157 1134
454 3279
248 1791
122 881
86 621
68 491
50 361
41 296
73 527
32 231
55 397
101 729
175 1263
83 599
37 267
88 635
65 469
107 772
247 1782
187 1349
89 642
61 440
127 916
33 238
85 613
71 512
147 1060
176 1269
81 584
43 310
67 483
187 1348
101 728
53 382
140 1009
92 663
97 699
107 771
39 281
83 598
93 670
103 742
59 425
69 497
79 569
99 713
124 893
169 1217
279 2009
754 5429
471 3391
226 1627
151 1087
111 799
91 655
76 547
66 475
56 403
51 367
46 331
41 295
113 813
103 741
129 928
88 633
83 597
26 187
73 525
47 338
89 640
21 151
100 719
58 417
37 266
53 381
85 611
197 1416
187 1344
91 654
59 424
113 812
124 891
119 855
65 467
125 898
49 352
71 510
104 747
181 1300
11 79
149 1070
83 596
61 438
50 359
39 280
67 481
28 201
73 524
107 768
79 567
181 1299
176 1263
91 653
57 409
143 1026
86 617
23 165
98 703
52 373
139 997
93 667
99 710
111 796
41 294
47 337
53 380
59 423
71 509
89 638
119 853
167 1197
311 2229
6 43
283 2028
163 1168
115 824
85 609
73 523
61 437
104 745
92 659
80 573
37 265
99 709
149 1067
56 401
131 938
144 1031
69 494
107 766
82 587
19 136
108 773
70 501
83 594
32 229
122 873
58 415
84 601
136 973
13 93
150 1073
85 608
59 422
125 894
33 236
86 615
73 522
153 1094
147 1051
67 479
47 336
101 722
142 1015
61 436
34 243
75 536
89 636
103 736
62 443
76 543
97 693
132 943
216 1543
7 50
309 2207
162 1157
106 757
85 607
64 457
107 764
93 664
79 564
36 257
65 464
29 207
80 571
73 521
139 992
147 1049
59 421
37 264
89 635
67 478
112 799
15 107
158 1127
83 592
53 378
38 271
61 435
130 927
169 1205
77 549
85 606
163 1162
70 499
86 613
47 335
118 841
71 506
103 734
151 1076
311 2216
465 3313
177 1261
113 805
81 577
65 463
106 755
90 641
74 527
33 235
58 413
108 769
192 1367
67 477
42 299
76 541
110 783
17 121
111 790
60 427
43 306
95 676
26 185
87 619
131 932
79 562
44 313
53 377
71 505
98 697
152 1081
350 2489
316 2247
145 1031
91 647
73 519
55 391
46 327
37 263
65 462
177 1258
103 732
47 334
85 604
180 1279
162 1151
67 476
48 341
106 753
126 895
107 760
88 625
108 767
69 490
99 703
159 1129
10 71
211 1498
111 788
81 575
61 433
92 653
113 802
134 951
83 589
52 369
115 816
21 149
74 525
53 376
32 227
75 532
43 305
119 844
76 539
120 851
285 2021
265 1879
122 865
78 553
56 397
45 319
113 801
91 645
80 567
195 1382
104 737
58 411
35 248
82 581
106 751
71 503
119 843
287 2033
229 1622
109 772
73 517
49 347
86 609
99 701
87 616
25 177
88 623
38 269
89 630
64 453
90 637
168 1189
13 92
131 927
79 559
53 375
40 283
67 474
27 191
95 672
41 290
55 389
69 488
125 884
14 99
155 1096
85 601
57 403
43 304
101 714
160 1131
117 827
103 728
74 523
149 1053
15 106
106 749
76 537
46 325
108 763
140 989
47 332
63 445
111 784
16 113
145 1024
81 572
49 346
115 812
116 819
50 353
84 593
186 1313
188 1327
86 607
52 367
122 861
88 621
71 501
125 882
18 127
91 642
55 388
129 910
93 656
75 529
170 1199
153 1079
77 543
97 684
98 691
79 557
179 1262
141 994
81 571
41 289
62 437
104 733
21 148
85 599
107 754
65 458
131 923
199 1402
67 472
45 317
91 641
23 162
93 655
117 824
71 500
191 1345
97 683
49 345
74 521
25 176
76 535
51 359
129 908
131 922
53 373
107 753
27 190
82 577
83 584
28 197
57 401
115 809
117 823
59 415
30 211
91 640
92 647
125 879
63 443
32 225
65 457
33 232
67 471
34 239
69 485
35 246
71 499
36 253
110 773
112 787
38 267
77 541
118 829
40 281
81 569
83 583
42 295
43 302
131 920
89 625
91 639
93 653
95 667
97 681
99 695
101 709
52 365
53 372
54 379
111 779
57 400
58 407
60 421
123 863
63 442
65 456
67 470
69 484
71 498
73 512
76 533
78 547
81 568
84 589
87 610
90 631
94 659
98 687
102 715
107 750
112 785
118 827
125 876
132 925
140 981
149 1044
159 1114
171 1198
184 1289
200 1401
220 1541
243 1702
271 1898
308 2157
355 2486
421 2948
515 3606
664 4649
934 6539
1576 11033
1 7
2193 15350
1121 7846
753 5270
567 3968
455 3184
380 2659
326 2281
286 2001
254 1777
229 1602
208 1455
191 1336
176 1231
164 1147
153 1070
143 1000
135 944
128 895
121 846
115 804
110 769
105 734
100 699
96 671
92 643
89 622
85 594
82 573
80 559
77 538
74 517
72 503
70 489
68 475
66 461
64 447
125 873
61 426
59 412
58 405
56 391
55 384
54 377
105 733
103 719
50 349
49 342
48 335
47 328
46 321
136 949
89 621
87 607
128 893
42 293
124 865
81 565
119 830
39 272
77 537
151 1053
112 781
73 509
36 251
71 495
35 244
69 481
34 237
67 467
33 230
65 453
32 223
95 662
125 871
123 857
91 634
30 209
89 620
117 815
144 1003
57 397
141 982
111 773
55 383
136 947
134 933
53 369
105 731
26 181
77 536
76 529
151 1051
124 863
123 856
73 508
193 1343
119 828
118 821
70 487
162 1127
137 953
68 473
112 779
89 619
22 153
109 758
108 751
107 744
85 591
21 146
104 723
62 431
41 285
81 563
141 980
199 1383
79 549
98 681
97 674
77 535
134 931
246 1709
94 653
56 389
37 257
55 382
73 507
181 1257
179 1243
89 618
53 368
35 243
87 604
69 479
103 715
17 118
135 937
67 465
50 347
149 1034
82 569
114 791
81 562
161 1117
271 1880
95 659
63 437
47 326
140 971
108 749
46 319
61 423
106 735
241 1671
194 1345
89 617
59 409
44 305
102 707
29 201
72 499
100 693
71 492
99 686
211 1462
251 1739
111 769
69 478
96 665
109 755
95 658
175 1212
67 464
40 277
53 367
79 547
118 817
274 1897
220 1523
103 713
64 443
51 353
38 263
63 436
113 782
162 1121
62 429
37 256
86 595
61 422
73 505
121 837
289 1999
251 1736
119 823
71 491
59 408
82 567
35 242
58 401
104 719
23 159
80 553
91 629
34 235
79 546
101 698
67 463
89 615
144 995
11 76
219 1513
109 753
76 525
54 373
43 297
75 518
32 221
85 587
74 511
179 1236
136 939
73 504
83 573
31 214
72 497
41 283
51 352
61 421
91 628
131 904
271 1870
389 2684
149 1028
99 683
69 476
108 745
88 607
146 1007
97 669
29 200
77 531
67 462
105 724
19 131
123 848
66 455
122 841
131 903
121 834
65 448
37 255
46 317
55 379
64 441
91 627
127 875
235 1619
9 62
197 1357
116 799
80 551
62 427
53 365
44 303
114 785
96 661
87 599
26 179
95 654
43 296
60 413
94 647
247 1700
161 1108
76 523
101 695
109 750
92 633
25 172
83 571
91 626
33 227
74 509
90 619
106 729
65 447
81 557
105 722
153 1052
289 1987
8 55
207 1423
127 873
87 598
71 488
55 378
47 323
125 859
109 749
132 907
116 797
54 371
123 845
199 1367
84 577
99 680
91 625
121 831
98 673
188 1291
247 1696
97 666
67 460
89 611
37 254
59 405
103 707
22 151
95 652
51 350
109 748
123 844
65 446
36 247
122 837
93 638
107 734
64 439
78 535
99 679
141 967
225 1543
638 4375
356 2441
174 1193
118 809
90 617
69 473
62 425
103 706
89 610
116 795
143 980
95 651
88 603
27 185
74 507
47 322
87 596
207 1418
153 1048
73 500
86 589
33 226
79 541
105 719
72 493
111 760
241 1650
266 1821
110 753
71 486
103 705
122 835
141 965
83 568
51 349
89 609
260 1779
139 951
82 561
44 301
69 472
194 1327
106 725
56 383
149 1019
99 677
105 718
117 800
43 294
49 335
55 376
128 875
73 499
91 622
115 786
157 1073
259 1770
733 5009
425 2904
209 1428
137 936
107 731
83 567
71 485
59 403
53 362
47 321
41 280
76 519
169 1154
64 437
29 198
81 553
127 867
121 826
201 1372
86 587
103 703
97 662
74 505
125 853
17 116
113 771
62 423
45 307
73 498
28 191
67 457
39 266
89 607
61 416
83 566
116 791
215 1466
11 75
159 1084
93 634
71 484
109 743
87 593
103 702
92 627
27 184
70 477
43 293
59 402
91 620
203 1383
213 1451
101 688
122 831
90 613
132 899
79 538
142 967
215 1464
89 606
47 320
73 497
26 177
109 742
57 388
31 211
98 667
139 946
77 524
41 279
46 313
97 660
56 381
61 415
71 483
81 551
101 687
121 823
161 1095
241 1639
476 3237
5 34
329 2237
199 1353
144 979
109 741
89 605
79 537
69 469
59 401
54 367
93 632
44 299
39 265
73 496
34 231
63 428
121 822
140 951
53 360
101 686
24 163
91 618
110 747
105 713
81 550
233 1582
147 998
71 482
52 353
33 224
80 543
47 319
75 509
103 699
243 1649
233 1581
107 726
65 441
51 346
37 251
97 658
83 563
23 156
101 685
55 373
151 1024
105 712
41 278
91 617
109 739
68 461
95 644
131 888
248 1681
9 61
202 1369
121 820
85 576
67 454
107 725
89 603
111 752
102 691
146 989
53 359
97 657
22 149
123 833
57 386
127 860
83 562
48 325
74 501
100 677
191 1293
381 2579
134 907
82 555
56 379
43 291
73 494
30 203
77 521
47 318
81 548
149 1008
17 115
106 717
72 487
93 629
135 913
80 541
143 967
214 1447
88 595
46 311
71 480
171 1156
129 872
54 365
112 757
178 1203
62 419
161 1088
103 696
144 973
78 527
41 277
131 885
94 635
102 689
57 385
61 412
69 466
77 520
89 601
101 682
121 817
149 1006
193 1303
285 1924
521 3517
4 27
471 3179
267 1802
187 1262
143 965
119 803
99 668
87 587
75 506
67 452
122 823
55 371
51 344
47 317
133 897
82 553
152 1025
109 735
101 681
97 654
31 209
58 391
112 755
27 182
77 519
123 829
119 802
226 1523
88 593
149 1004
103 694
80 539
213 1435
167 1125
72 485
53 357
34 229
83 559
113 761
79 532
139 936
15 101
146 983
86 579
56 377
41 276
67 451
171 1151
115 774
63 424
37 249
85 572
59 397
70 471
103 693
180 1211
11 74
194 1305
106 713
73 491
113 760
91 612
149 1002
98 659
29 195
76 511
112 753
83 558
173 1163
205 1378
97 652
61 410
43 289
93 625
25 168
107 719
57 383
32 215
103 692
39 262
85 571
99 665
113 759
67 450
81 544
102 685
144 967
235 1578
662 4445
374 2511
185 1242
122 819
94 631
73 490
125 839
52 349
45 302
83 557
145 973
100 671
31 208
55 369
79 530
24 161
113 758
106 711
99 664
133 892
109 731
17 114
146 979
78 523
105 704
115 771
125 838
172 1153
64 429
37 248
84 563
104 697
67 449
87 583
117 784
227 1521
10 67
193 1293
113 757
83 556
63 422
96 643
119 797
109 730
122 817
56 375
125 837
23 154
82 549
95 636
36 241
49 328
62 415
88 589
153 1024
13 87
172 1151
94 629
68 455
97 649
113 756
100 669
29 194
74 495
106 709
77 515
125 836
16 107
147 983
83 555
51 341
86 575
124 829
54 361
92 615
206 1377
174 1163
79 528
101 675
104 695
85 568
173 1156
157 1049
69 461
47 314
97 648
25 167
103 688
53 354
137 915
143 955
59 394
121 808
127 848
99 661
34 227
71 474
37 247
117 781
123 821
43 287
135 901
95 634
101 674
107 714
58 387
61 407
67 447
73 487
79 527
88 587
97 647
109 727
124 827
148 987
178 1187
223 1487
304 2027
472 3147
1078 7187
1172 7813
491 3273
311 2073
227 1513
179 1193
149 993
128 853
110 733
98 653
89 593
80 533
74 493
68 453
62 413
59 393
109 726
103 686
97 646
91 606
129 859
41 273
79 526
149 992
108 719
137 912
99 659
32 213
61 406
119 792
142 945
55 366
107 712
26 173
75 499
49 326
95 632
23 153
112 745
66 439
149 991
83 552
143 951
217 1443
97 645
57 379
37 246
91 605
71 472
122 811
17 113
133 884
82 545
48 319
79 525
31 206
76 505
149 990
132 877
101 671
185 1229
14 93
137 910
81 538
53 352
131 870
103 684
89 591
25 166
86 571
97 644
36 239
130 863
105 697
69 458
102 677
157 1042
443 2940
250 1659
118 783
85 564
63 418
145 962
41 272
71 471
30 199
79 524
117 776
87 577
201 1333
179 1187
84 557
111 736
73 484
154 1021
116 769
62 411
35 232
78 517
43 285
51 338
59 391
75 497
99 656
131 868
219 1451
8 53
317 2100
165 1093
109 722
85 563
69 457
114 755
98 649
82 543
37 245
66 437
182 1205
108 715
50 331
92 609
176 1165
160 1059
76 503
89 589
34 225
81 536
107 708
73 483
99 655
190 1257
13 86
148 979
83 549
127 840
145 959
75 496
31 205
80 529
49 324
85 562
157 1038
18 119
113 747
59 390
41 271
64 423
110 727
23 152
97 641
51 337
79 522
28 185
89 588
94 621
170 1123
71 469
38 251
124 819
91 601
101 667
111 733
63 416
141 931
83 548
93 614
118 779
148 977
203 1340
333 2198
943 6224
542 3577
267 1762
177 1168
132 871
107 706
87 574
77 508
67 442
119 785
52 343
47 310
89 587
121 798
37 244
69 455
133 877
123 811
145 956
167 1101
130 857
125 824
71 468
137 903
237 1562
83 547
100 659
134 883
56 369
90 593
192 1265
250 1647
97 639
63 415
46 303
104 685
29 191
70 461
41 270
53 349
65 428
89 586
149 981
425 2798
223 1468
115 757
79 520
55 362
141 928
74 487
31 204
81 533
50 329
88 579
164 1079
216 1421
83 546
109 717
116 763
97 638
26 171
85 559
92 605
33 217
73 480
40 263
47 309
54 355
61 401
75 493
89 585
117 769
159 1045
278 1827
7 46
324 2129
177 1163
121 795
93 611
72 473
65 427
109 716
95 624
81 532
37 243
67 440
127 834
113 742
53 348
99 650
23 151
131 860
62 407
39 256
94 617
71 466
119 781
327 2146
169 1109
89 584
57 374
41 269
66 433
116 761
25 164
84 551
93 610
34 223
77 505
138 905
52 341
70 459
88 577
115 754
187 1226
493 3232
326 2137
155 1016
101 662
83 544
65 426
103 675
85 557
38 249
67 439
154 1009
107 701
49 321
69 452
129 845
20 131
111 727
122 799
82 537
31 203
73 478
42 275
53 347
64 419
86 563
130 851
251 1643
442 2893
156 1021
101 661
68 445
57 373
46 301
116 759
129 844
59 386
131 857
181 1184
85 556
98 641
124 811
50 327
63 412
102 667
167 1092
13 85
171 1118
93 608
67 438
95 621
41 268
69 451
28 183
99 647
114 745
101 660
73 477
118 771
253 1653
227 1483
107 699
139 908
47 307
79 516
32 209
81 529
115 751
83 542
168 1097
308 2011
104 679
70 457
89 581
36 235
91 594
74 483
131 855
19 124
116 757
59 385
139 907
101 659
82 535
187 1220
170 1109
86 561
109 711
67 437
113 737
23 150
94 613
119 776
73 476
148 965
152 991
77 502
79 515
160 1043
137 893
56 365
114 743
29 189
89 580
91 593
157 1023
64 417
163 1062
101 658
103 671
142 925
109 710
113 736
115 749
119 775
41 267
84 547
131 853
45 293
47 306
96 625
100 651
104 677
108 703
57 371
59 384
124 807
65 423
69 449
73 475
77 501
81 527
85 553
91 592
99 644
107 696
115 748
127 826
139 904
155 1008
175 1138
203 1320
239 1554
291 1892
371 2412
515 3348
843 5480
2307 14996
1433 9314
689 4478
453 2944
339 2203
271 1761
225 1462
193 1254
169 1098
149 968
135 877
123 799
113 734
103 669
97 630
89 578
85 552
79 513
75 487
71 461
67 435
128 831
61 396
59 383
112 727
108 701
104 675
100 649
96 623
92 597
45 292
43 279
84 545
121 785
119 772
115 746
37 240
72 467
177 1148
103 668
101 655
130 843
64 415
31 201
91 590
89 577
29 188
85 551
56 363
137 888
160 1037
79 512
77 499
152 985
148 959
73 473
119 771
94 609
23 149
113 732
67 434
153 991
86 557
149 965
208 1347
82 531
101 654
40 259
59 382
97 628
249 1612
169 1094
74 479
55 356
36 233
89 576
123 796
87 563
189 1223
253 1637
100 647
66 427
49 317
113 731
143 925
126 815
62 401
77 498
137 886
15 97
163 1054
88 569
58 375
43 278
71 459
155 1002
125 808
69 446
41 265
54 349
80 517
106 685
197 1273
13 84
154 995
89 575
63 407
50 323
124 801
98 633
85 549
181 1169
155 1001
83 536
94 607
151 975
127 820
103 665
68 439
90 581
134 865
299 1930
372 2401
152 981
97 626
75 484
53 342
137 884
115 742
135 871
113 729
51 329
71 458
131 845
20 129
109 703
69 445
127 819
136 877
125 806
67 432
38 245
132 851
103 664
65 419
83 535
101 651
155 999
299 1927
9 58
205 1321
124 799
88 567
70 451
113 728
95 612
120 773
111 715
127 818
59 380
109 702
216 1391
91 586
107 689
98 631
73 470
105 676
233 1500
231 1487
103 663
71 457
94 605
39 251
62 399
131 843
23 148
99 637
53 341
113 727
187 1203
67 431
37 238
81 521
44 283
51 328
58 373
137 881
86 553
100 643
135 868
212 1363
443 2848
628 4037
243 1562
152 977
110 707
89 572
75 482
61 392
54 347
47 302
127 816
73 469
139 893
92 591
144 925
137 880
149 957
71 456
45 289
64 411
121 777
19 122
126 809
69 443
50 321
112 719
167 1072
74 475
141 905
55 353
79 507
115 738
199 1277
12 77
173 1110
101 648
77 494
53 340
135 866
111 712
99 635
191 1225
75 481
46 295
80 513
114 731
17 109
175 1122
90 577
56 359
134 859
100 641
83 532
171 1096
181 1160
93 596
49 314
76 487
27 173
113 724
59 378
187 1198
101 647
106 679
116 743
121 775
89 570
146 935
52 333
119 762
67 429
77 493
87 557
102 653
122 781
157 1005
217 1389
352 2253
962 6157
588 3763
283 1811
188 1203
143 915
113 723
93 595
83 531
73 467
63 403
111 710
101 646
139 889
43 275
81 518
147 940
104 665
33 211
61 390
117 748
28 179
79 505
51 326
97 620
23 147
110 703
64 409
41 262
59 377
95 607
167 1067
301 1923
103 658
67 428
49 313
111 709
168 1073
75 479
145 926
127 811
83 530
135 862
317 2024
268 1711
125 798
86 549
60 383
47 300
115 734
157 1002
55 351
76 485
181 1155
176 1123
92 587
50 319
79 504
29 185
95 606
103 657
119 759
45 287
98 625
61 389
69 440
85 542
117 746
165 1052
317 2021
8 51
251 1600
147 937
107 682
83 529
67 427
110 701
94 599
43 274
113 720
167 1064
62 395
143 911
181 1153
73 465
46 293
84 535
122 777
19 121
125 796
68 433
49 312
109 694
30 191
71 452
41 261
93 592
63 401
74 471
107 681
184 1171
11 70
245 1559
124 789
91 579
69 439
105 668
83 528
36 229
97 617
86 547
25 159
114 725
64 407
39 248
92 585
67 426
95 604
151 960
14 89
185 1176
101 642
73 464
104 661
121 769
138 877
141 896
127 807
113 718
82 521
167 1061
17 108
122 775
71 451
54 343
37 235
94 597
77 489
137 870
20 127
123 781
63 400
43 273
66 419
112 711
23 146
95 603
121 768
75 476
153 971
185 1174
81 514
84 533
200 1269
119 755
61 387
189 1199
99 628
102 647
178 1129
73 463
38 241
79 501
126 799
44 279
91 577
97 615
103 653
109 691
115 729
121 767
65 412
71 450
77 488
83 526
89 564
98 621
110 697
125 792
143 906
170 1077
209 1324
266 1685
374 2369
620 3927
1847 11698
934 5915
466 2951
313 1982
235 1488
187 1184
157 994
133 842
118 747
106 671
94 595
85 538
79 500
73 462
67 424
64 405
119 753
55 348
52 329
49 310
95 601
89 563
43 272
123 778
117 740
151 955
108 683
105 664
133 841
65 411
189 1195
121 765
59 373
143 904
137 866
134 847
78 493
153 967
172 1087
72 455
47 297
91 575
157 992
195 1232
85 537
104 657
142 897
60 379
98 619
288 1819
168 1061
92 581
54 341
124 783
121 764
51 322
67 423
115 726
243 1534
253 1597
109 688
77 486
106 669
119 751
132 833
158 997
71 448
42 265
55 347
68 429
107 675
172 1085
13 82
179 1129
101 637
75 473
111 700
85 536
36 227
95 599
82 517
197 1242
148 933
79 498
89 561
33 208
76 479
43 271
96 605
63 397
73 460
103 649
153 964
323 2035
467 2942
177 1115
117 737
87 548
67 422
104 655
131 825
158 995
101 636
91 573
27 170
98 617
115 724
105 661
78 491
129 812
17 107
177 1114
92 579
58 365
140 881
106 667
89 560
24 151
127 799
134 843
86 541
31 195
100 629
145 912
83 522
45 283
52 327
59 371
66 415
80 503
101 635
129 811
185 1163
339 2131
7 44
319 2005
179 1125
130 817
95 597
81 509
67 421
113 710
99 622
46 289
163 1024
110 691
135 848
153 961
57 358
82 515
25 157
118 741
68 427
43 270
61 383
97 609
241 1513
209 1312
101 634
65 408
47 295
105 659
29 182
98 615
149 935
91 571
113 709
73 458
95 596
128 803
260 1631
11 69
180 1129
114 715
81 508
59 370
48 301
85 533
37 232
63 395
115 721
223 1398
93 583
149 934
97 608
127 796
86 539
161 1009
15 94
154 965
94 589
64 401
49 307
117 733
155 971
53 332
72 451
129 808
19 119
137 858
80 501
103 645
107 670
88 551
180 1127
188 1177
73 457
50 313
104 651
27 169
112 701
58 363
151 945
128 801
66 413
35 219
74 463
39 244
82 513
43 269
137 857
98 613
106 663
114 713
63 394
67 419
75 469
83 519
95 594
107 669
127 794
151 944
191 1194
255 1594
399 2494
891 5569
1029 6431
425 2656
269 1681
197 1231
153 956
129 806
109 681
93 581
85 531
77 481
69 431
126 787
57 356
53 331
49 306
94 587
86 537
41 256
78 487
37 231
70 437
33 206
95 593
91 568
29 181
112 699
54 337
104 649
25 156
121 755
71 443
113 705
88 549
151 942
248 1547
101 630
59 368
173 1079
93 580
127 792
89 555
191 1191
319 1989
115 717
81 505
111 692
77 480
167 1041
133 829
116 723
142 885
56 349
82 511
121 754
238 1483
425 2648
152 947
100 623
135 841
109 679
83 517
35 218
92 573
79 492
145 903
22 137
97 604
128 797
84 523
31 193
102 635
151 940
89 554
49 305
58 361
76 473
94 585
130 809
202 1257
535 3329
365 2271
176 1095
113 703
86 535
68 423
59 367
50 311
41 255
73 454
169 1051
119 740
55 342
101 628
239 1486
152 945
83 516
97 603
162 1007
51 317
65 404
93 578
135 839
401 2492
215 1336
117 727
75 466
108 671
127 789
113 702
151 938
52 323
71 441
109 677
19 118
157 975
81 503
105 652
153 950
91 565
163 1012
173 1074
77 478
53 329
111 689
179 1111
92 571
131 813
141 875
73 453
39 242
127 788
93 577
49 304
54 335
59 366
133 825
74 459
84 521
99 614
119 738
149 924
199 1234
299 1854
619 3838
1046 6485
376 2331
231 1432
166 1029
131 812
106 657
91 564
81 502
71 440
61 378
56 347
51 316
143 886
87 539
41 254
77 477
36 223
67 415
160 991
119 737
57 353
109 675
26 161
99 613
120 743
115 712
89 551
215 1331
184 1139
79 489
58 359
37 229
90 557
122 755
85 526
149 922
16 99
171 1058
91 563
59 365
145 897
113 699
124 767
27 167
92 569
103 637
163 1008
136 841
60 371
71 439
93 575
148 915
291 1799
468 2893
171 1057
105 649
83 513
61 377
50 309
128 791
106 655
95 587
28 173
101 624
118 729
107 661
79 488
113 698
317 1958
193 1192
91 562
131 809
97 599
143 883
63 389
132 815
23 142
98 605
127 784
81 500
29 179
122 753
64 395
35 216
76 469
41 253
88 543
147 907
53 327
59 364
71 438
83 512
95 586
119 734
149 919
215 1326
377 2325
6 37
409 2522
223 1375
157 968
121 746
97 598
79 487
73 450
61 376
55 339
49 302
135 832
123 758
154 949
105 647
99 610
31 191
87 536
81 499
156 961
219 1349
94 579
157 967
107 659
82 505
158 973
19 117
127 782
70 431
51 314
115 708
173 1065
77 474
148 911
58 357
84 517
123 757
227 1397
13 80
163 1003
98 603
72 443
105 646
125 769
112 689
152 935
139 855
73 449
113 695
20 123
147 904
87 535
161 990
74 455
155 953
169 1039
88 541
95 584
34 209
75 461
41 252
137 842
103 633
117 719
69 424
83 510
97 596
125 768
174 1069
293 1800
7 43
414 2543
211 1296
141 866
106 651
85 522
71 436
64 393
107 657
143 878
43 264
79 485
36 221
65 399
123 755
29 178
80 491
51 313
95 583
205 1258
191 1172
81 497
155 951
37 227
89 546
119 730
82 503
127 779
292 1791
248 1521
113 693
83 509
53 325
91 558
137 840
61 374
107 656
23 141
123 754
131 803
85 521
31 190
101 619
109 668
164 1005
133 815
102 625
118 723
71 435
87 533
111 680
159 974
263 1611
8 49
361 2211
185 1133
129 790
97 594
81 496
65 398
106 649
49 300
172 1053
115 704
140 857
124 759
58 355
108 661
25 153
117 716
67 410
42 257
59 361
76 465
144 881
17 104
162 991
94 575
60 367
43 263
69 422
121 740
26 159
87 532
96 587
35 214
79 483
44 269
97 593
115 703
71 434
89 544
116 709
179 1094
386 2359
532 3251
208 1271
127 776
100 611
73 446
64 391
101 617
46 281
120 733
139 849
65 397
149 910
159 971
75 458
47 287
151 922
123 751
19 116
143 873
86 525
115 702
77 470
135 824
155 946
68 415
39 238
88 537
49 299
59 360
79 482
99 604
149 909
269 1641
10 61
221 1348
131 799
91 555
71 433
61 372
51 311
41 250
72 439
134 817
145 884
135 823
73 445
115 701
21 128
137 835
74 451
53 323
117 713
171 1042
75 457
43 262
54 329
65 396
87 530
120 731
197 1200
11 67
265 1614
133 810
100 609
145 883
56 341
146 889
79 481
34 207
91 554
57 347
103 627
23 140
127 773
139 846
93 566
35 213
82 499
153 931
130 791
83 505
119 724
203 1235
12 73
205 1247
121 736
85 517
61 371
49 298
86 523
37 225
62 377
112 681
25 152
113 687
63 383
38 231
89 541
51 310
141 857
90 547
155 942
402 2443
261 1586
131 796
92 559
66 401
146 887
40 243
107 650
94 571
27 164
95 577
109 662
137 832
55 334
69 419
111 674
181 1099
14 85
169 1026
99 601
71 431
57 346
43 261
72 437
159 965
131 795
73 443
44 267
59 358
89 540
134 813
329 1996
241 1462
121 734
76 461
107 649
46 279
108 655
31 188
78 473
47 285
63 382
95 576
159 964
16 97
161 976
97 588
65 394
49 297
115 697
33 200
83 503
117 709
84 509
135 818
17 103
171 1036
103 624
69 418
139 842
192 1163
123 745
53 321
89 539
125 757
18 109
163 987
91 551
55 333
92 557
167 1011
56 339
75 454
132 799
19 115
134 811
77 466
58 351
39 236
98 593
79 478
119 720
20 121
141 853
81 490
102 617
41 248
62 375
104 629
272 1645
169 1022
85 514
107 647
151 913
65 393
131 792
22 133
111 671
67 405
45 272
68 411
114 689
23 139
116 701
70 423
47 284
95 574
191 1154
169 1021
73 441
49 296
74 447
174 1051
201 1214
76 459
51 308
103 622
233 1407
131 791
79 477
80 483
134 809
190 1147
82 495
138 833
139 839
197 1189
85 513
86 519
173 1044
146 881
59 356
89 537
30 181
91 549
92 555
216 1303
125 754
63 380
191 1152
129 778
65 392
197 1188
100 603
101 609
34 205
103 621
139 838
141 850
71 428
36 217
73 440
184 1109
112 675
113 681
115 693
116 699
118 711
119 717
121 729
122 735
124 747
42 253
85 512
43 259
131 789
133 801
45 271
91 548
139 837
47 283
143 861
97 584
148 891
50 301
51 307
155 933
105 632
107 644
109 656
111 668
113 680
115 692
117 704
60 361
61 367
62 373
127 764
65 391
66 397
68 409
69 415
71 427
145 872
74 445
76 457
78 469
80 481
82 493
84 505
87 523
89 535
92 553
94 565
97 583
101 607
104 625
108 649
111 667
115 691
120 721
125 751
130 781
136 817
142 853
149 895
156 937
164 985
173 1039
184 1105
195 1171
208 1249
223 1339
241 1447
261 1567
285 1711
313 1879
349 2095
393 2359
450 2701
526 3157
633 3799
796 4777
1070 6421
1635 9811
3463 20779
5115 30689
1930 11579
1189 7133
860 5159
673 4037
553 3317
470 2819
408 2447
361 2165
323 1937
293 1757
268 1607
246 1475
228 1367
213 1277
199 1193
187 1121
177 1061
167 1001
159 953
151 905
144 863
138 827
132 791
127 761
122 731
117 701
113 677
109 653
105 629
102 611
99 593
96 575
93 557
90 539
88 527
85 509
83 497
81 485
79 473
77 461
75 449
73 437
72 431
70 419
137 820
67 401
131 784
64 383
63 377
123 736
121 724
119 712
58 347
57 341
56 335
55 329
54 323
160 957
105 628
103 616
101 604
50 299
49 293
145 867
95 568
47 281
46 275
91 544
134 801
133 795
87 520
43 257
85 508
167 998
124 741
122 729
161 962
119 711
157 938
116 693
115 687
113 675
112 669
184 1099
73 436
36 215
107 639
141 842
139 830
69 412
34 203
101 603
100 597
33 197
98 585
97 579
32 191
95 567
94 561
31 185
92 549
152 907
181 1080
149 889
59 352
88 525
29 173
115 686
57 340
113 674
28 167
83 495
55 328
109 650
27 161
107 638
53 316
79 471
183 1091
181 1079
77 459
51 304
101 602
226 1347
149 888
74 441
49 292
73 435
169 1007
215 1281
95 566
118 703
117 697
93 554
277 1650
160 953
91 542
158 941
112 667
89 530
221 1316
197 1173
87 518
108 643
43 256
64 381
106 631
295 1756
167 994
83 494
103 613
41 244
61 363
81 482
161 958
20 119
119 708
79 470
98 583
39 232
58 345
77 458
134 797
19 113
151 898
94 559
56 333
130 773
129 767
55 327
73 434
127 755
343 2039
179 1064
89 529
124 737
141 838
193 1147
122 725
52 309
69 410
103 612
239 1420
288 1711
118 701
84 499
117 695
83 493
33 196
115 683
49 291
65 386
81 481
145 861
16 95
191 1134
111 659
142 843
110 653
125 742
140 831
170 1009
77 457
46 273
61 362
91 540
136 807
346 2053
254 1507
119 706
74 439
59 350
44 261
73 433
131 777
188 1115
72 427
43 255
100 593
128 759
85 504
141 836
323 1915
293 1737
139 824
83 492
124 735
96 569
41 243
68 403
122 723
27 160
94 557
107 634
40 237
146 865
66 391
79 468
118 699
222 1315
13 77
181 1072
116 687
77 456
115 681
140 829
165 977
101 598
88 521
163 965
237 1403
87 515
99 586
37 219
86 509
49 290
61 361
85 503
109 645
181 1071
517 3059
275 1627
143 846
95 562
71 420
59 349
47 278
117 692
35 207
93 550
81 479
150 887
23 136
103 609
57 337
91 538
34 201
79 467
45 266
56 331
67 396
89 526
111 656
177 1046
441 2606
351 2074
164 969
109 644
76 449
65 384
54 319
43 254
75 443
139 821
149 880
138 815
74 437
116 685
21 124
157 927
94 555
52 307
83 490
31 183
103 608
113 667
133 785
51 301
61 360
71 419
91 537
121 714
191 1127
461 2720
409 2413
179 1056
119 702
89 525
69 407
59 348
49 289
127 749
146 861
68 401
155 914
164 967
77 454
48 283
67 395
124 731
314 1851
180 1061
104 613
66 389
47 277
75 442
215 1267
149 878
65 383
139 819
120 707
129 760
101 595
119 701
73 430
91 536
109 642
154 907
271 1596
9 53
305 1796
170 1001
116 683
89 524
71 418
62 365
53 312
44 259
79 465
184 1083
96 565
61 359
139 818
26 153
95 559
112 659
146 859
60 353
94 553
145 853
17 100
178 1047
93 547
135 794
101 594
151 888
159 935
142 835
233 1370
83 488
58 341
124 729
173 1017
74 435
41 241
90 529
106 623
122 717
138 811
81 476
105 617
137 805
201 1181
393 2309
8 47
279 1639
167 981
119 699
95 558
79 464
63 370
55 323
149 875
86 505
39 229
109 640
101 593
31 182
85 499
131 769
100 587
261 1532
176 1033
84 493
99 581
38 223
91 534
121 710
83 487
113 663
233 1367
412 2417
142 833
97 569
67 393
52 305
126 739
133 780
59 346
103 604
213 1249
205 1202
95 557
124 727
80 469
138 809
181 1061
94 551
101 592
187 1096
79 463
43 252
143 838
107 627
121 709
71 416
85 498
99 580
127 744
169 990
260 1523
568 3327
692 4053
279 1634
174 1019
132 773
104 609
83 486
145 849
62 363
55 322
48 281
89 521
41 240
75 439
34 199
95 556
61 357
142 831
27 158
101 591
121 708
114 667
87 509
167 977
20 117
113 661
73 427
53 310
119 696
211 1234
79 462
46 269
59 345
72 421
111 649
163 953
462 2701
266 1555
136 795
97 567
71 415
103 602
45 263
77 450
32 187
115 672
51 298
70 409
108 631
241 1408
234 1367
101 590
63 368
151 882
113 660
94 549
219 1279
156 911
81 473
143 835
149 870
161 940
68 397
142 829
117 683
123 718
135 788
49 286
55 321
61 356
67 391
152 887
91 531
103 601
127 741
163 951
229 1336
391 2281
6 35
503 2934
263 1534
179 1044
137 799
113 659
95 554
77 449
71 414
124 723
112 653
100 583
47 274
129 752
117 682
111 647
204 1189
64 373
93 542
29 169
110 641
52 303
75 437
144 839
23 134
109 635
63 367
143 833
137 798
57 332
91 530
142 827
363 2114
215 1252
113 658
141 821
107 623
118 687
101 588
28 163
123 716
67 390
39 227
89 518
50 291
61 355
83 483
105 611
149 867
281 1635
11 64
214 1245
126 733
93 541
71 413
60 349
49 285
125 727
179 1041
65 378
119 692
27 157
97 564
113 657
43 250
59 343
75 436
123 715
267 1552
309 1796
133 773
85 494
122 709
90 523
37 215
95 552
137 796
100 581
268 1557
194 1127
89 517
115 668
167 970
99 575
203 1179
161 935
83 482
145 842
150 871
160 929
67 389
139 807
149 865
118 685
169 981
133 772
97 563
51 296
56 325
61 354
66 383
76 441
86 499
96 557
111 644
131 760
166 963
216 1253
321 1862
626 3631
5 29
464 2691
274 1589
194 1125
154 893
124 719
104 603
94 545
79 458
74 429
64 371
59 342
54 313
152 881
93 539
44 255
83 481
39 226
73 423
209 1211
131 759
63 365
150 869
198 1147
82 475
53 307
101 585
221 1280
187 1083
91 527
110 637
148 857
62 359
100 579
195 1129
318 1841
128 741
71 411
52 301
85 492
33 191
113 654
47 272
108 625
75 434
103 596
173 1001
14 81
233 1348
121 700
79 457
65 376
51 295
125 723
171 989
60 347
83 480
198 1145
216 1249
101 584
55 318
87 503
32 185
105 607
114 659
132 763
50 289
109 630
68 393
77 445
104 601
131 757
203 1173
437 2525
571 3299
229 1323
148 855
103 595
85 491
67 387
58 335
49 283
89 514
40 231
71 410
164 947
177 1022
84 485
128 739
97 560
229 1322
211 1218
101 583
57 329
127 733
35 202
83 479
48 277
61 352
87 502
113 652
191 1102
13 75
238 1373
134 773
95 548
69 398
155 894
43 248
73 421
133 767
227 1309
77 444
47 271
64 369
81 467
132 761
387 2231
208 1199
106 611
72 415
55 317
131 755
135 778
59 340
101 582
185 1066
277 1596
109 628
67 386
46 265
71 409
121 697
25 144
129 743
133 766
137 789
141 812
207 1192
91 524
95 547
33 190
103 593
107 616
37 213
78 449
41 236
86 495
45 259
143 823
102 587
53 305
57 328
61 351
134 771
73 420
81 466
89 512
97 558
109 627
125 719
145 834
173 995
221 1271
297 1708
453 2605
977 5618
1323 7607
515 2961
323 1857
235 1351
183 1052
151 868
127 730
111 638
99 569
91 523
83 477
75 431
67 385
63 362
59 339
55 316
51 293
98 563
137 787
43 247
82 471
39 224
113 649
109 626
171 982
66 379
128 735
31 178
89 511
143 821
139 798
27 155
104 597
127 729
73 419
119 683
23 132
157 901
88 505
107 614
187 1073
61 350
80 459
156 895
19 109
148 849
91 522
125 717
87 499
34 195
117 671
49 281
113 648
79 453
109 625
214 1227
15 86
161 923
101 579
71 407
56 321
179 1026
108 619
93 533
171 980
193 1106
89 510
100 573
37 212
85 487
48 275
59 338
70 401
92 527
125 716
191 1094
510 2921
359 2056
172 985
117 670
84 481
135 773
113 647
91 521
40 229
109 624
98 561
29 166
105 601
123 704
112 641
83 475
119 681
263 1505
259 1482
115 658
79 452
104 595
43 246
68 389
118 675
25 143
132 755
139 795
89 509
217 1241
135 772
71 406
39 223
85 486
46 263
152 869
113 646
67 383
74 423
88 503
109 623
137 783
179 1023
284 1623
662 3783
647 3697
283 1617
178 1017
136 777
108 617
87 497
73 417
66 377
170 971
52 297
142 811
83 474
197 1125
107 611
100 571
31 177
117 668
55 314
79 451
151 862
24 137
113 645
65 371
41 234
99 565
133 759
92 525
160 913
17 97
197 1124
112 639
139 793
105 599
159 907
71 405
152 867
199 1135
91 519
101 576
37 211
84 479
47 268
161 918
67 382
77 439
107 610
137 781
237 1351
687 3916
353 2012
173 986
123 701
93 530
73 416
116 661
149 849
43 245
119 678
142 809
188 1071
89 507
135 769
125 712
23 131
151 860
82 467
154 877
203 1156
121 689
49 279
111 632
75 427
101 575
153 871
309 1759
419 2385
172 979
107 609
81 461
123 700
97 552
42 239
71 404
129 734
248 1411
103 586
164 933
106 603
138 785
93 529
173 984
16 91
195 1109
115 654
150 853
118 671
86 489
226 1285
124 705
54 307
73 415
111 631
282 1603
231 1313
117 665
139 790
101 574
41 233
63 358
85 483
173 983
267 1517
113 642
69 392
47 267
72 409
122 693
25 142
128 727
131 744
134 761
137 778
28 159
115 653
59 335
121 687
31 176
96 545
99 562
34 193
105 596
108 613
37 210
77 437
40 227
83 471
43 244
89 505
46 261
144 817
101 573
52 295
55 312
58 329
61 346
64 363
67 380
73 414
76 431
82 465
88 499
97 550
103 584
115 652
127 720
142 805
160 907
187 1060
223 1264
274 1553
361 2046
523 2964
955 5412
3 17
896 5077
506 2867
353 2000
269 1524
221 1252
185 1048
161 912
140 793
125 708
113 640
104 589
95 538
89 504
83 470
77 436
71 402
68 385
127 719
121 685
115 651
109 617
156 883
50 283
97 549
138 781
44 249
85 481
41 232
79 447
155 877
111 628
108 611
35 198
102 577
99 560
32 181
93 526
61 345
119 673
29 164
84 475
55 311
81 458
211 1193
179 1012
75 424
49 277
72 407
118 667
23 130
158 893
89 503
109 616
43 243
63 356
103 582
183 1034
20 113
137 774
77 435
57 322
131 740
128 723
145 819
71 401
105 593
173 977
17 96
184 1039
99 559
65 367
161 909
79 446
141 796
200 1129
76 429
45 254
104 587
132 745
87 491
129 728
269 1518
459 2590
165 931
109 615
81 457
120 677
92 519
39 220
103 581
89 502
164 925
261 1472
111 626
61 344
133 750
155 874
130 733
152 857
58 327
69 389
91 513
124 699
201 1133
509 2869
371 2091
173 975
118 665
85 479
137 772
115 648
93 524
41 231
112 631
101 569
30 169
109 614
128 721
117 659
87 490
144 811
19 107
179 1008
103 580
65 366
46 259
73 411
127 715
27 152
116 653
62 349
132 743
183 1030
78 439
43 242
94 529
110 619
59 332
142 799
83 467
99 557
131 737
187 1052
307 1727
8 45
421 2368
221 1243
149 838
109 613
93 523
77 433
130 731
114 641
98 551
45 253
82 461
37 208
103 579
95 534
211 1186
137 770
79 444
50 281
71 399
134 753
21 118
160 899
97 545
55 309
89 500
34 191
115 646
47 264
107 601
133 747
86 483
125 702
216 1213
13 73
226 1269
122 685
96 539
70 393
57 320
44 247
75 421
137 769
31 174
80 449
49 275
67 376
85 477
157 881
18 101
167 937
95 533
136 763
100 561
41 230
64 359
87 488
202 1133
258 1447
97 544
125 701
130 729
107 600
28 157
117 656
61 342
94 527
33 185
104 583
109 611
195 1093
81 454
43 241
91 510
149 835
53 297
58 325
63 353
68 381
151 846
83 465
98 549
108 605
128 717
158 885
198 1109
278 1557
448 2509
1198 6709
782 4379
372 2083
247 1383
182 1019
147 823
122 683
107 599
92 515
82 459
72 403
67 375
62 347
57 319
52 291
146 817
136 761
42 235
121 677
153 856
143 800
69 386
165 923
155 867
150 839
86 481
167 934
211 1180
103 576
174 973
120 671
93 520
203 1135
259 1448
105 587
61 341
100 559
212 1185
151 844
73 408
90 503
158 883
17 95
182 1017
97 542
143 799
109 609
167 933
104 581
249 1391
157 877
70 391
193 1078
94 525
53 296
65 363
89 497
113 631
173 966
389 2172
415 2317
175 977
115 642
91 508
67 374
55 307
141 787
117 653
105 586
31 173
112 625
131 731
119 664
88 491
145 809
19 106
178 993
102 569
64 357
154 859
116 647
97 541
227 1266
163 909
85 474
151 842
158 881
172 959
73 407
193 1076
127 708
47 262
101 563
115 641
129 719
75 418
82 457
103 574
124 691
159 886
229 1276
404 2251
7 39
422 2351
233 1298
163 908
121 674
100 557
86 479
72 401
65 362
58 323
51 284
95 529
169 941
118 657
37 206
104 579
97 540
30 167
113 629
136 757
76 423
122 679
306 1703
177 985
85 473
62 345
218 1213
94 523
55 306
71 395
103 573
183 1018
16 89
185 1029
105 584
73 406
57 317
139 773
148 823
66 367
141 784
25 139
134 745
143 795
93 517
34 189
111 617
120 667
181 1006
147 817
113 628
70 389
79 439
97 539
133 739
187 1039
340 1889
9 50
308 1711
182 1011
128 711
101 561
83 461
65 361
56 311
150 833
132 733
161 894
143 794
67 372
154 855
252 1399
107 594
176 977
118 655
89 494
169 938
20 111
151 838
91 505
122 677
133 738
144 799
31 172
104 577
115 638
137 760
53 294
64 355
75 416
97 538
130 721
207 1148
559 3100
365 2024
178 987
123 682
90 499
68 377
57 316
149 826
127 704
116 643
199 1103
94 521
83 460
131 726
24 133
133 737
85 471
98 543
37 205
87 482
50 277
63 349
76 421
102 565
154 853
336 1861
444 2459
171 947
106 587
80 443
67 371
54 299
177 980
110 609
97 537
181 1002
211 1168
99 548
114 631
144 797
58 321
73 404
103 570
178 985
15 83
227 1256
122 675
92 509
62 343
156 863
126 697
143 791
241 1333
81 448
49 271
66 365
83 459
134 741
338 1869
257 1421
121 669
87 481
123 680
89 492
197 1089
127 702
55 304
74 409
112 619
226 1249
325 1796
135 746
78 431
59 326
139 768
141 779
61 337
103 569
187 1033
359 1983
128 707
86 475
109 602
155 856
67 370
113 624
320 1767
186 1027
94 519
119 657
121 668
98 541
173 955
252 1391
102 563
129 712
131 723
133 734
27 149
110 607
139 767
85 469
143 789
234 1291
89 491
60 331
122 673
250 1379
95 524
97 535
229 1263
134 739
68 375
173 954
142 783
72 397
220 1213
113 623
115 634
39 215
80 441
41 226
84 463
43 237
88 485
45 248
92 507
47 259
145 799
100 551
51 281
53 292
108 595
112 617
116 639
120 661
124 683
128 705
132 727
69 380
71 391
148 815
77 424
81 446
85 468
89 490
93 512
97 534
103 567
109 600
115 633
123 677
133 732
143 787
155 853
169 930
185 1018
205 1128
231 1271
265 1458
309 1700
371 2041
465 2558
623 3427
945 5198
1945 10698
3293 18111
1179 6484
719 3954
517 2843
403 2216
331 1820
281 1545
243 1336
215 1182
193 1061
175 962
159 874
147 808
137 753
127 698
119 654
111 610
105 577
99 544
95 522
91 500
87 478
83 456
79 434
75 412
73 401
140 769
67 368
65 357
63 346
61 335
59 324
57 313
55 302
161 884
104 571
151 829
49 269
96 527
47 258
137 752
133 730
131 719
127 697
125 686
162 889
119 653
39 214
76 417
187 1026
146 801
107 587
35 192
103 565
68 373
200 1097
163 894
64 351
95 521
31 170
122 669
60 329
118 647
29 159
114 625
141 773
83 455
137 751
27 148
106 581
131 718
129 707
102 559
277 1518
173 948
98 537
169 926
119 652
94 515
186 1019
320 1753
113 619
67 367
155 849
109 597
151 827
128 701
296 1621
208 1139
103 564
143 783
101 553
40 219
158 865
78 427
116 635
230 1259
321 1757
131 717
167 914
55 301
91 498
36 197
89 487
53 290
70 383
104 569
172 941
17 93
202 1105
117 640
149 815
115 629
130 711
113 618
32 175
111 607
126 689
109 596
139 760
92 503
137 749
287 1569
418 2285
163 891
103 563
73 399
58 317
144 787
114 623
99 541
183 1000
181 989
97 530
110 601
177 967
149 814
121 661
80 437
106 579
158 863
314 1715
518 2829
193 1054
115 628
89 486
63 344
113 617
137 748
161 879
135 737
61 333
85 464
181 988
251 1370
107 584
59 322
94 513
35 191
116 633
173 944
103 562
57 311
147 802
90 491
123 671
178 971
354 1931
636 3469
229 1249
141 769
97 529
75 409
64 349
53 289
95 518
42 229
73 398
135 736
206 1123
82 447
51 278
71 387
111 605
211 1150
329 1793
129 703
89 485
118 643
127 692
107 583
29 158
125 681
67 365
143 779
161 877
132 719
150 817
56 305
65 354
74 403
92 501
119 648
164 893
254 1383
623 3392
511 2782
232 1263
151 822
115 626
88 479
149 811
61 332
113 615
95 517
43 234
77 419
145 789
195 1061
93 506
143 778
134 729
25 136
141 767
157 854
107 582
180 979
155 843
73 397
89 484
153 832
361 1963
295 1604
135 734
87 473
126 685
149 810
172 935
140 761
62 337
108 587
200 1087
260 1413
122 663
76 413
136 739
113 614
30 163
127 690
67 364
178 967
155 842
125 679
183 994
146 793
109 592
123 668
137 744
79 429
93 505
107 581
128 695
170 923
247 1341
450 2443
7 38
418 2269
236 1281
166 901
131 711
103 559
89 483
75 407
68 369
61 331
54 293
148 803
134 727
167 906
113 613
106 575
33 179
125 678
59 320
85 461
189 1025
253 1372
97 526
116 629
45 244
64 347
83 450
140 759
387 2098
202 1095
107 580
69 374
50 271
81 439
143 775
229 1241
105 569
117 634
141 764
55 298
67 363
79 428
103 558
163 883
295 1598
12 65
221 1197
137 742
101 547
77 417
118 639
53 287
135 731
152 823
70 379
157 850
249 1348
104 563
121 655
155 839
63 341
97 525
148 801
386 2089
260 1407
124 671
90 487
129 698
95 514
39 211
100 541
144 779
105 568
259 1401
225 1217
115 622
71 384
49 265
76 411
130 703
27 146
113 611
59 319
91 492
32 173
133 719
69 373
180 973
153 827
121 654
42 227
89 481
47 254
151 816
109 589
119 643
129 697
139 751
77 416
87 470
97 524
107 578
127 686
147 794
182 983
242 1307
347 1874
632 3413
5 27
588 3175
333 1798
233 1258
178 961
148 799
123 664
108 583
93 502
83 448
151 815
68 367
63 340
58 313
164 885
101 545
48 259
134 723
167 901
119 642
38 205
109 588
104 561
33 178
94 507
61 329
117 631
28 151
135 728
79 426
51 275
74 399
143 771
23 124
156 841
87 469
105 566
41 221
100 539
136 733
95 512
149 803
437 2355
229 1234
121 652
152 819
116 625
129 695
111 598
31 167
137 738
119 641
44 237
101 544
127 684
83 447
109 587
174 937
369 1987
437 2353
177 953
112 603
86 463
133 716
107 576
47 253
81 436
34 183
123 662
144 775
76 409
118 635
223 1200
281 1512
113 608
71 382
50 269
79 425
137 737
29 156
95 511
66 355
177 952
156 839
127 683
188 1011
151 812
114 613
130 699
77 414
93 500
109 586
133 715
189 1016
301 1618
781 4198
547 2940
259 1392
171 919
131 704
99 532
83 446
75 403
126 677
110 591
51 274
137 736
164 881
113 607
35 188
97 521
62 333
116 623
27 145
154 827
73 392
46 247
111 596
84 451
122 655
236 1267
334 1793
125 671
87 467
117 628
177 950
109 585
229 1229
161 864
71 381
153 821
134 719
145 778
115 617
137 735
85 456
107 574
162 869
283 1518
11 59
289 1550
168 901
113 606
91 488
69 370
58 311
152 815
130 697
119 638
241 1292
97 520
86 461
136 729
25 134
139 745
89 477
103 552
39 209
92 493
53 284
67 359
95 509
123 659
221 1184
14 75
241 1291
129 691
87 466
73 391
163 873
45 241
121 648
107 573
31 166
110 589
127 680
113 605
65 348
99 530
150 803
439 2350
241 1290
122 653
88 471
125 669
145 776
165 883
131 701
57 305
77 412
117 626
217 1161
323 1728
123 658
83 444
169 904
43 230
109 583
89 476
135 722
23 123
141 754
95 508
121 647
124 663
101 540
205 1096
211 1128
107 572
55 294
84 449
171 914
235 1256
90 481
61 326
125 668
32 171
99 529
102 545
207 1106
143 764
73 390
38 203
117 625
120 641
208 1111
85 454
44 235
91 486
191 1020
147 785
103 550
53 283
56 299
115 614
121 646
127 678
133 710
71 379
74 395
80 427
86 459
92 491
98 523
104 555
113 603
125 667
137 731
152 811
173 923
200 1067
236 1259
287 1531
365 1947
509 2715
833 4443
2315 12347
1381 7365
670 3573
442 2357
331 1765
265 1413
220 1173
190 1013
166 885
148 789
133 709
121 645
109 581
103 549
94 501
88 469
82 437
155 826
73 389
70 373
131 698
125 666
119 634
171 911
55 293
159 847
101 538
49 261
141 751
135 719
132 703
126 671
123 655
40 213
77 410
188 1001
145 772
71 378
173 921
167 889
164 873
96 511
31 165
152 809
149 793
87 463
143 761
277 1474
109 580
134 713
131 697
103 548
278 1479
172 915
97 516
119 633
163 867
69 367
113 601
267 1420
239 1271
107 569
148 787
104 553
41 218
161 856
79 420
117 622
212 1127
19 101
149 792
92 489
127 675
143 760
124 659
226 1201
86 457
51 271
67 356
99 526
131 696
259 1376
445 2364
173 919
109 579
77 409
167 887
45 239
119 632
103 547
29 154
129 685
71 377
155 823
139 738
55 292
68 361
81 430
120 637
172 913
380 2017
452 2399
192 1019
114 605
88 467
137 727
111 589
183 971
121 642
36 191
95 504
59 313
105 557
197 1045
332 1761
125 663
79 419
56 297
122 647
33 175
109 578
119 631
182 965
149 790
116 615
136 721
83 440
103 546
133 705
193 1023
373 1977
10 53
277 1468
167 885
117 620
97 514
77 408
124 657
161 853
47 249
84 445
158 837
138 731
64 339
91 482
226 1197
179 948
98 519
115 609
193 1022
61 323
78 413
112 593
197 1043
17 90
194 1027
109 577
75 397
58 307
140 741
188 995
65 344
89 471
185 979
319 1688
127 672
79 418
141 746
117 619
31 164
131 693
69 365
183 968
121 640
128 677
187 989
149 788
111 587
125 661
139 735
80 423
94 497
108 571
129 682
164 867
227 1200
381 2014
7 37
564 2981
284 1501
193 1020
144 761
116 613
95 502
81 428
74 391
127 671
173 914
53 280
145 766
131 692
124 655
39 206
71 375
135 713
32 169
121 639
57 301
82 433
157 829
25 132
118 623
68 359
111 586
147 776
61 322
79 417
115 607
241 1272
425 2243
155 818
101 533
65 343
159 839
123 649
105 554
250 1319
156 823
167 881
109 575
40 211
91 480
164 865
62 327
73 385
95 501
128 675
183 965
348 1835
11 58
257 1355
158 833
114 601
173 912
70 369
59 311
155 817
133 701
159 838
174 917
163 859
89 469
167 880
301 1586
119 627
67 353
149 785
138 727
56 295
71 374
86 453
131 690
236 1243
15 79
214 1127
124 653
94 495
64 337
162 853
132 695
117 616
34 179
87 458
53 279
72 379
110 579
186 979
19 100
175 921
99 521
141 742
103 542
42 221
107 563
88 463
134 705
23 121
165 868
96 505
123 647
127 668
104 547
212 1115
220 1157
112 589
58 305
89 468
244 1283
159 836
66 347
101 531
35 184
109 573
113 594
39 205
82 431
211 1109
133 699
184 967
98 515
51 268
161 846
114 599
122 641
130 683
138 725
75 394
79 415
87 457
95 499
103 541
115 604
131 688
147 772
175 919
207 1087
263 1381
355 1864
547 2872
1187 6232
1537 8069
609 3197
381 2000
277 1454
217 1139
181 950
153 803
133 698
117 614
105 551
97 509
89 467
81 425
150 787
69 362
65 341
61 320
57 299
110 577
155 813
49 257
94 493
45 236
86 451
41 215
119 624
115 603
218 1143
107 561
103 540
33 173
128 671
62 325
120 629
29 152
141 739
83 435
54 283
79 414
179 938
25 131
121 634
71 372
163 854
113 592
155 812
130 681
277 1451
248 1299
122 639
80 419
156 817
173 906
169 885
148 775
127 665
89 466
123 644
242 1267
17 89
166 869
98 513
145 759
111 581
47 246
77 403
167 874
253 1324
103 539
116 607
43 225
155 811
125 654
82 429
95 497
147 769
251 1313
13 68
256 1339
152 795
100 523
74 387
61 319
157 821
131 685
118 617
35 183
92 481
57 298
79 413
145 758
22 115
185 967
97 507
128 669
137 716
115 601
31 162
133 695
71 371
191 998
129 674
138 721
107 559
58 303
67 350
161 841
94 491
121 632
166 867
247 1290
526 2747
707 3692
275 1436
176 919
131 684
104 543
86 449
68 355
59 308
109 569
141 736
132 689
155 809
73 381
137 715
247 1289
87 454
55 287
78 407
124 647
23 120
175 913
106 553
60 313
97 506
37 193
88 459
51 266
116 605
79 412
107 558
149 777
275 1434
14 73
215 1121
131 683
89 464
136 709
108 563
47 245
80 417
146 761
217 1131
85 443
52 271
71 370
109 568
166 865
19 99
195 1016
119 620
81 422
105 547
43 224
110 573
91 474
139 724
24 125
149 776
178 927
183 953
82 427
140 729
29 151
121 630
63 328
97 505
34 177
107 557
112 583
39 203
122 635
127 661
137 713
142 739
103 536
54 281
59 307
123 640
69 359
74 385
163 848
89 463
99 515
114 593
134 697
159 827
194 1009
249 1295
359 1867
629 3271
5 26
686 3567
376 1955
256 1331
196 1019
161 837
136 707
116 603
101 525
91 473
81 421
76 395
137 712
127 660
117 608
163 847
51 265
97 504
46 239
87 452
41 213
118 613
113 587
36 187
103 535
98 509
191 992
181 940
88 457
57 296
109 566
213 1106
229 1189
99 514
120 623
47 244
68 353
89 462
152 789
21 109
163 846
100 519
137 711
95 493
206 1069
127 659
143 742
122 633
85 441
117 607
181 939
517 2682
267 1385
139 721
91 472
134 695
161 835
43 223
113 586
97 503
151 783
27 140
119 617
65 337
141 731
38 197
87 451
49 254
169 876
131 679
82 425
104 539
137 710
203 1052
445 2306
589 3052
237 1228
149 772
105 544
83 430
72 373
172 891
50 259
89 461
39 202
106 549
67 347
123 637
28 145
129 668
73 378
45 233
107 554
141 730
96 497
130 673
283 1465
397 2055
159 823
108 559
74 383
57 295
137 709
223 1154
166 859
86 445
132 683
23 119
190 983
98 507
127 657
133 688
110 569
255 1319
180 931
93 481
99 512
204 1055
146 755
76 393
199 1029
129 667
135 698
147 760
53 274
112 579
124 641
136 703
77 398
83 429
95 491
113 584
131 677
161 832
209 1080
293 1514
503 2599
6 31
619 3198
325 1679
223 1152
169 873
139 718
115 594
97 501
85 439
79 408
140 723
128 661
116 599
159 821
49 253
92 475
43 222
123 635
117 604
37 191
105 542
99 511
223 1151
180 929
87 449
56 289
106 547
181 934
344 1775
119 614
69 356
157 810
151 779
63 325
82 423
139 717
310 1599
298 1537
127 655
89 459
121 624
51 263
115 593
243 1253
141 727
77 397
45 232
103 531
58 299
71 366
97 500
136 701
214 1103
591 3046
345 1778
176 907
111 572
85 438
131 675
164 845
197 1015
125 644
112 577
33 170
119 613
139 716
126 649
93 479
153 788
393 2024
227 1169
107 551
154 793
114 587
215 1107
74 381
128 659
27 139
142 731
88 453
156 803
163 839
177 911
75 386
157 808
171 880
137 705
151 777
55 283
117 602
131 674
76 391
83 427
97 499
118 607
139 715
181 931
258 1327
454 2335
7 36
512 2633
281 1445
190 977
148 761
120 617
99 509
85 437
149 766
135 694
121 622
107 550
50 257
93 478
43 221
79 406
151 776
209 1074
101 519
94 483
181 930
254 1305
109 560
131 673
124 637
95 488
139 714
22 113
191 981
103 529
140 719
96 493
207 1063
163 837
141 724
119 611
149 765
97 498
142 729
247 1268
15 77
218 1119
128 657
98 503
68 349
53 272
91 467
243 1247
137 703
61 313
84 431
153 785
23 118
169 867
100 513
131 672
139 713
116 595
31 159
132 677
70 359
187 959
164 841
133 682
196 1005
157 805
118 605
134 687
79 405
87 446
103 528
135 692
175 897
247 1266
471 2414
8 41
385 1973
225 1153
161 825
121 620
105 538
89 456
73 374
65 333
57 292
106 543
139 712
131 671
197 1009
74 379
140 717
33 169
91 466
58 297
83 425
158 809
25 128
142 727
159 814
109 558
42 215
101 517
135 691
93 476
127 650
246 1259
17 87
179 916
111 568
77 394
60 307
146 747
155 793
69 353
121 619
277 1417
191 977
87 445
61 312
131 670
35 179
114 583
123 629
229 1171
150 767
115 588
62 317
71 363
89 455
107 547
134 685
179 915
287 1467
719 3675
559 2857
262 1339
172 879
127 649
100 511
82 419
73 373
183 935
55 281
147 751
175 894
120 613
37 189
102 521
65 332
121 618
28 143
159 812
75 383
169 863
113 577
66 337
104 531
161 822
19 97
219 1118
124 633
153 781
115 587
48 245
77 393
164 837
29 148
126 643
68 347
146 745
166 847
88 449
49 250
167 852
128 653
79 403
99 505
119 607
159 811
259 1321
619 3157
531 2708
241 1229
161 821
121 617
91 464
152 775
132 673
112 571
51 260
133 678
41 209
72 367
103 525
31 158
145 739
83 423
52 265
73 372
115 586
241 1228
368 1875
137 698
95 484
127 647
138 703
117 596
32 163
107 545
75 382
43 219
97 494
54 275
65 331
76 387
98 499
120 611
175 891
296 1507
11 56
342 1741
188 957
133 677
100 509
78 397
67 341
56 285
146 743
169 860
79 402
181 921
193 982
91 463
137 697
103 524
172 875
23 117
150 763
81 412
58 295
93 473
35 178
152 773
129 656
47 239
165 839
130 661
83 422
107 544
143 727
227 1154
575 2923
409 2079
193 981
133 676
97 493
158 803
61 310
110 559
184 935
123 625
37 188
99 503
62 315
112 569
212 1077
288 1463
113 574
151 767
101 513
38 193
127 645
191 970
115 584
141 716
90 457
116 589
168 853
324 1645
13 66
235 1193
144 731
105 533
79 401
66 335
53 269
93 472
40 203
107 543
161 817
148 751
27 137
149 756
163 827
109 553
41 208
96 487
55 279
69 350
97 492
125 634
209 1060
545 2764
337 1709
169 857
113 573
85 431
128 649
157 796
186 943
158 801
72 365
159 806
29 147
131 664
73 370
205 1039
103 522
59 299
74 375
104 527
149 755
284 1439
15 76
196 993
121 613
91 461
137 694
107 542
46 233
77 390
139 704
31 157
140 709
78 395
47 238
110 557
142 719
95 481
143 724
303 1534
481 2435
177 896
113 572
81 410
65 329
49 248
82 415
148 749
33 167
116 587
133 673
117 592
151 764
101 511
152 769
339 1715
358 1811
154 779
103 521
69 349
173 875
139 703
157 794
35 177
88 445
53 268
71 359
89 450
143 723
287 1451
379 1916
163 824
91 460
73 369
55 278
92 465
37 187
130 657
56 283
75 379
94 475
170 859
19 96
229 1157
115 581
77 389
58 293
97 490
39 197
98 495
59 298
79 399
119 601
259 1308
341 1722
141 712
182 919
61 308
102 515
41 207
103 520
145 732
104 525
188 949
21 106
169 853
106 535
64 323
150 757
194 979
65 328
87 439
131 661
395 1993
221 1115
111 560
67 338
112 565
203 1024
68 343
91 459
183 923
23 116
139 701
93 469
117 590
47 237
71 358
95 479
215 1084
337 1699
121 610
73 368
171 862
123 620
99 499
149 751
25 126
151 761
76 383
178 897
128 645
103 519
207 1043
261 1315
105 529
132 665
186 937
80 403
161 811
27 136
136 685
137 690
193 972
111 559
223 1123
225 1133
113 569
199 1002
86 433
144 725
29 146
117 589
147 740
148 745
149 750
30 151
121 609
152 765
92 463
185 931
218 1097
94 473
63 317
127 639
32 161
129 649
65 327
131 659
33 166
133 669
67 337
135 679
34 171
103 518
69 347
174 875
211 1061
106 533
107 538
36 181
109 548
183 920
221 1111
149 749
75 377
189 950
153 769
77 387
194 975
157 789
79 397
40 201
121 608
122 613
41 206
83 417
167 839
127 638
128 643
43 216
87 437
44 221
89 447
179 899
136 683
137 688
139 698
140 703
142 713
143 718
145 728
195 979
99 497
50 251
101 507
51 256
155 778
105 527
53 266
107 537
163 818
55 276
167 838
113 567
57 286
58 291
117 587
119 597
121 607
61 306
62 311
63 316
64 321
194 973
131 657
133 667
68 341
69 346
70 351
71 356
72 361
147 737
149 747
76 381
77 386
79 396
80 401
82 411
83 416
85 426
173 867
88 441
90 451
92 461
94 471
96 481
98 491
100 501
103 516
105 526
108 541
110 551
113 566
116 581
119 596
122 611
126 631
129 646
133 666
138 691
142 711
147 736
152 761
157 786
163 816
169 846
176 881
183 916
191 956
200 1001
209 1046
219 1096
231 1156
244 1221
258 1291
274 1371
292 1461
313 1566
336 1681
364 1821
397 1986
436 2181
484 2421
543 2716
620 3101
721 3606
862 4311
1071 5356
1415 7076
2084 10421
3953 19766
1 5
3183 15914
1849 9244
1303 6514
1006 5029
819 4094
691 3454
597 2984
526 2629
470 2349
425 2124
388 1939
357 1784
330 1649
307 1534
287 1434
270 1349
254 1269
240 1199
228 1139
217 1084
207 1034
198 989
189 944
181 904
174 869
168 839
162 809
156 779
151 754
146 729
141 704
137 684
133 664
129 644
125 624
122 609
119 594
116 579
113 564
110 549
107 534
105 524
102 509
100 499
98 489
96 479
94 469
92 459
90 449
88 439
86 429
85 424
83 414
163 813
80 399
79 394
77 384
76 379
75 374
147 733
72 359
71 354
70 349
69 344
68 339
67 334
66 329
65 324
64 319
63 314
62 309
123 613
121 603
119 593
59 294
58 289
115 573
113 563
56 279
166 827
109 543
54 269
160 797
105 523
52 259
103 513
152 757
151 752
99 493
49 244
97 483
48 239
95 473
47 234
93 463
46 229
91 453
45 224
134 667
177 881
131 652
130 647
43 214
85 423
211 1050
125 622
124 617
41 204
81 403
161 801
199 990
79 393
196 975
155 771
77 383
191 950
151 751
75 373
149 741
221 1099
183 910
109 542
36 179
107 532
177 880
176 875
174 865
173 860
103 512
34 169
135 671
67 333
100 497
33 164
131 651
163 810
97 482
225 1118
191 949
95 472
157 780
125 621
31 154
123 611
153 760
91 452
181 899
299 1485
119 591
59 293
88 437
146 725
29 144
115 571
143 710
142 705
113 561
281 1395
195 968
111 551
193 958
137 680
109 541
325 1613
188 933
107 531
133 660
132 655
105 521
209 1037
285 1414
129 640
77 382
51 253
76 377
101 501
251 1245
249 1235
124 615
74 367
49 243
122 605
97 481
169 838
24 119
167 828
95 471
118 585
47 233
117 580
93 461
162 803
23 114
183 907
91 451
68 337
158 783
157 778
67 332
111 550
177 877
22 109
175 867
109 540
65 322
151 748
193 956
171 847
85 421
127 629
232 1149
377 1867
146 723
187 926
62 307
103 510
41 203
102 505
142 703
101 500
141 698
361 1787
259 1282
139 688
79 391
59 292
98 485
39 193
136 673
58 287
77 381
115 569
172 851
19 94
227 1123
132 653
169 836
131 648
149 737
167 826
203 1004
92 455
55 272
73 361
109 539
163 806
415 2052
287 1419
143 707
89 440
71 351
53 262
88 435
193 954
192 949
87 430
52 257
69 341
86 425
120 593
205 1013
17 84
237 1171
135 667
84 415
67 331
167 825
133 657
116 573
33 163
148 731
82 405
49 242
179 884
81 400
97 479
161 795
305 1506
495 2444
191 943
111 548
79 390
63 311
110 543
172 849
78 385
171 844
31 153
108 533
123 607
46 227
107 528
137 676
91 449
121 597
181 893
406 2003
419 2067
179 883
119 587
89 439
133 656
162 799
191 942
117 577
73 360
160 789
29 143
130 641
72 355
158 779
186 917
157 774
128 631
156 769
99 488
141 695
253 1247
14 69
279 1375
153 754
111 547
83 409
69 340
55 271
96 473
41 202
109 537
163 803
149 734
27 133
148 729
94 463
107 527
227 1118
133 655
146 719
119 586
145 714
92 453
118 581
157 773
287 1413
13 64
285 1403
155 763
116 571
90 443
141 694
115 566
51 251
89 438
38 187
139 684
63 310
88 433
163 802
25 123
162 797
87 428
62 305
136 669
37 182
123 605
184 905
110 541
61 300
73 359
97 477
121 595
169 831
277 1362
12 59
347 1706
179 880
131 644
95 467
154 757
130 639
165 811
47 231
129 634
117 575
35 172
128 629
58 285
81 398
127 624
242 1189
333 1636
126 619
80 393
57 280
91 447
193 948
181 889
79 388
169 830
146 717
213 1046
123 604
145 712
89 437
111 545
144 707
221 1085
463 2273
714 3505
263 1291
164 805
120 589
98 481
76 373
65 319
173 849
97 476
226 1109
118 579
182 893
171 839
245 1202
117 574
191 937
127 623
95 466
137 672
326 1599
283 1388
136 667
94 461
125 613
187 917
114 559
207 1015
196 961
103 505
113 554
41 201
133 652
194 951
112 549
193 946
71 348
91 446
111 544
141 691
191 936
311 1524
10 49
459 2249
229 1122
159 779
119 583
99 485
79 387
69 338
59 289
157 769
186 911
127 622
39 191
107 524
165 808
126 617
29 142
135 661
77 377
173 847
115 563
67 328
105 514
162 793
390 1909
294 1439
142 695
85 416
66 323
160 783
169 827
75 367
131 641
28 137
149 729
93 455
102 499
213 1042
157 768
83 406
46 225
101 494
55 269
183 895
137 670
82 401
100 489
118 577
154 753
208 1017
343 1677
1000 4889
521 2547
260 1271
179 875
134 655
107 523
89 435
151 738
133 650
115 562
53 259
97 474
44 215
79 386
149 728
35 171
131 640
61 298
87 425
165 806
26 127
147 718
95 464
112 547
43 210
103 503
60 293
77 376
111 542
179 874
434 2119
314 1533
161 786
110 537
76 371
59 288
101 493
42 205
109 532
92 449
142 693
25 122
183 893
108 527
141 688
149 727
157 766
33 161
107 522
189 922
238 1161
131 639
139 678
155 756
57 278
122 595
138 673
81 395
89 434
105 512
129 629
161 785
225 1097
369 1799
969 4724
647 3154
311 1516
207 1009
151 736
119 580
103 502
87 424
150 731
134 653
118 575
55 268
149 726
180 877
86 419
39 190
148 721
70 341
132 643
31 151
147 716
85 414
54 263
77 375
123 599
261 1271
291 1417
130 633
84 409
61 297
137 667
38 185
91 443
53 258
121 589
83 404
98 477
143 696
263 1280
15 73
247 1202
142 691
97 472
149 725
119 579
52 253
89 433
237 1153
170 827
155 754
140 681
103 501
169 822
22 107
183 890
117 569
73 355
51 248
131 637
109 530
283 1376
181 880
94 457
65 316
137 666
36 175
115 559
122 593
43 209
93 452
50 243
107 520
178 865
64 311
71 345
163 792
92 447
106 515
127 617
148 719
190 923
267 1297
442 2147
1289 6261
678 3293
342 1661
230 1117
174 845
139 675
118 573
97 471
173 840
76 369
69 335
62 301
172 835
103 500
48 233
89 432
171 830
157 762
75 364
143 694
34 165
129 626
61 296
88 427
169 820
27 131
155 752
175 849
121 587
161 781
67 325
87 422
127 616
287 1392
373 1809
153 742
93 451
73 354
53 257
86 417
185 897
277 1343
112 543
125 606
46 223
164 795
131 635
157 761
98 475
137 664
202 979
436 2113
552 2675
227 1100
136 659
110 533
84 407
129 625
58 281
148 717
167 809
77 373
141 683
32 155
115 557
134 649
172 833
70 339
89 431
146 707
317 1535
367 1777
158 765
101 489
145 702
107 518
44 213
113 547
163 789
119 576
294 1423
231 1118
106 513
137 663
56 271
118 571
211 1021
223 1079
99 479
173 837
179 866
191 924
80 387
166 803
178 861
141 682
202 977
159 769
116 561
61 295
67 324
73 353
79 382
91 440
103 498
115 556
133 643
163 788
199 962
265 1281
397 1919
799 3862
1535 7419
521 2518
317 1532
227 1097
179 865
143 691
125 604
107 517
95 459
83 401
77 372
71 343
65 314
59 285
165 797
153 739
194 937
135 652
129 623
41 198
117 565
111 536
35 169
134 647
163 787
93 449
180 869
29 140
139 671
81 391
52 251
75 362
98 473
190 917
23 111
155 748
109 526
63 304
103 497
40 193
97 468
57 275
74 357
91 439
142 685
244 1177
17 82
215 1037
130 627
96 463
141 680
107 516
45 217
118 569
101 487
157 757
28 135
123 593
162 781
106 511
39 188
128 617
139 670
161 776
61 294
133 641
83 400
105 506
127 612
182 877
292 1407
11 53
423 2038
214 1031
148 713
115 554
93 448
153 737
131 631
109 525
49 236
87 419
163 785
179 862
103 496
157 756
146 703
27 130
178 857
97 467
183 881
242 1165
145 698
59 284
75 361
91 438
139 669
219 1054
16 77
277 1333
149 717
101 486
154 741
122 587
196 943
127 611
37 178
132 635
153 736
137 659
100 481
163 784
457 2198
236 1135
131 630
89 428
115 553
47 226
120 577
99 476
151 726
26 125
161 774
83 399
57 274
88 423
150 721
31 149
129 620
67 322
103 495
36 173
149 716
77 370
200 961
169 812
133 639
46 221
97 466
51 245
107 514
173 831
61 293
66 317
71 341
76 365
81 389
91 437
101 485
111 533
126 605
141 677
166 797
201 965
251 1205
341 1637
526 2525
1156 5549
1419 6811
574 2755
359 1723
264 1267
209 1003
169 811
144 691
129 619
114 547
99 475
183 878
84 403
153 734
143 686
133 638
123 590
172 825
54 259
103 494
49 235
93 446
225 1079
127 609
122 585
39 187
112 537
180 863
175 839
267 1280
97 465
63 302
121 580
237 1136
227 1088
111 532
135 647
183 877
77 369
125 599
341 1634
235 1126
115 551
158 757
110 527
43 206
105 503
62 297
181 867
138 661
233 1116
19 91
185 886
109 522
161 771
123 589
189 905
85 407
217 1039
212 1015
113 541
127 608
155 742
169 809
136 651
89 426
117 560
173 828
313 1498
14 67
261 1249
149 713
107 512
79 378
65 311
116 555
190 909
125 598
37 177
134 641
157 751
143 684
106 507
221 1057
23 110
147 703
101 483
133 636
142 679
119 569
279 1334
169 808
178 851
114 545
41 196
91 435
191 913
109 521
59 282
68 325
77 368
86 411
104 497
131 626
167 798
248 1185
437 2088
9 43
427 2040
238 1137
166 793
130 621
103 492
179 855
76 363
67 320
58 277
107 511
49 234
89 425
209 998
151 721
71 339
133 635
31 148
177 845
84 401
53 253
128 611
97 463
163 778
427 2038
233 1112
123 587
79 377
57 272
92 439
197 940
223 1064
83 396
179 854
157 749
61 291
74 353
87 415
113 539
165 787
269 1283
13 62
342 1631
186 887
121 577
95 453
151 720
125 596
56 267
142 677
43 205
116 553
103 491
223 1063
227 1082
107 510
124 591
47 224
111 529
145 691
98 467
132 629
234 1115
17 81
242 1153
140 667
89 424
72 343
55 262
93 443
207 986
173 824
97 462
139 662
181 862
143 681
290 1381
340 1619
151 719
88 419
67 319
159 757
163 776
71 338
96 457
196 933
25 119
154 733
79 376
187 890
137 652
112 533
257 1223
236 1123
120 571
62 295
95 452
194 923
235 1118
103 490
177 842
181 861
189 899
78 371
160 761
250 1189
86 409
221 1051
139 661
143 680
151 718
155 737
110 523
57 271
179 851
126 599
134 637
142 675
150 713
158 751
85 404
93 442
97 461
109 518
117 556
129 613
145 689
161 765
189 898
221 1050
269 1278
341 1620
477 2266
777 3691
2149 10208
1303 6189
631 2997
415 1971
311 1477
247 1173
207 983
179 850
155 736
139 660
123 584
115 546
103 489
95 451
178 845
83 394
154 731
146 693
138 655
130 617
185 878
59 280
169 802
161 764
51 242
98 465
47 223
137 650
133 631
211 1001
82 389
160 759
191 906
74 351
109 517
35 166
136 645
66 313
97 460
190 901
244 1157
120 569
205 972
143 678
112 531
274 1299
239 1133
104 493
77 365
50 237
123 583
96 455
142 673
395 1872
226 1071
111 526
153 725
172 815
233 1104
145 687
164 777
141 668
99 469
156 739
365 1729
338 1601
148 701
110 521
72 341
178 843
140 663
121 573
34 161
151 715
83 393
49 232
113 535
143 677
94 445
124 587
184 871
379 1794
551 2608
206 975
131 620
101 478
71 336
127 601
153 724
179 847
190 899
175 828
93 440
145 686
26 123
193 913
115 544
63 298
100 473
248 1173
159 752
85 402
48 227
107 506
59 279
70 331
81 383
103 487
125 591
180 851
279 1319
741 3503
502 2373
238 1125
161 761
117 553
95 449
157 742
135 638
175 827
51 241
91 430
171 808
189 893
178 841
98 463
185 874
29 137
134 633
76 359
217 1025
159 751
65 307
83 392
119 562
209 987
18 85
259 1223
133 628
97 458
140 661
165 779
190 897
197 930
68 321
93 439
168 793
25 118
182 859
107 505
139 656
146 689
121 571
313 1477
167 788
103 486
110 519
39 184
124 585
131 618
46 217
99 467
53 250
113 533
127 599
208 981
155 731
169 797
95 448
109 514
130 613
158 745
207 976
284 1339
466 2197
1369 6454
717 3380
360 1697
241 1136
178 839
143 674
122 575
101 476
94 443
80 377
73 344
66 311
59 278
111 523
52 245
97 457
45 212
128 603
121 570
38 179
107 504
169 796
131 617
31 146
148 697
86 405
55 259
79 372
127 598
247 1163
377 1775
137 645
89 419
65 306
147 692
222 1045
99 466
58 273
75 353
109 513
143 673
279 1313
17 80
214 1007
129 607
95 447
139 654
166 781
193 908
159 748
71 334
125 588
233 1096
280 1317
118 555
155 729
101 475
175 823
195 917
84 395
178 837
151 710
218 1025
124 583
144 677
164 771
97 456
127 597
157 738
227 1067
417 1960
10 47
393 1847
223 1048
153 719
123 578
103 484
83 390
73 343
63 296
169 794
149 700
182 855
162 761
76 357
142 667
33 155
122 573
145 681
191 897
79 371
125 587
286 1343
312 1465
128 601
82 385
59 277
95 446
203 953
229 1075
85 399
183 859
160 751
62 291
75 352
88 413
114 535
166 779
270 1267
13 61
367 1722
198 929
133 624
107 502
81 380
68 319
55 258
97 455
223 1046
155 727
71 333
129 605
274 1285
219 1027
103 483
193 905
45 211
151 708
61 286
77 361
93 436
141 661
237 1111
16 75
291 1364
163 764
115 539
83 389
67 314
220 1031
137 642
121 567
35 164
124 581
143 670
181 848
73 342
111 520
149 698
339 1588
402 1883
174 815
117 548
79 370
60 281
101 473
41 192
104 487
63 295
85 398
129 604
305 1428
333 1559
135 632
91 426
69 323
210 983
166 777
72 337
122 571
247 1156
328 1535
128 599
78 365
184 861
134 627
109 510
193 903
28 131
143 669
87 407
59 276
121 566
214 1001
251 1174
96 449
65 304
99 463
303 1417
173 809
176 823
108 505
293 1370
151 706
77 360
157 734
243 1136
83 388
169 790
175 818
89 416
46 215
141 659
193 902
150 701
205 958
107 500
55 257
113 528
177 827
61 285
189 883
131 612
137 640
143 668
149 696
155 724
82 383
85 397
91 425
97 453
100 467
109 509
115 537
124 579
133 621
145 677
157 733
172 803
193 901
217 1013
250 1167
292 1363
352 1643
448 2091
607 2833
952 4443
2197 10253
2282 10649
968 4517
614 2865
449 2095
356 1661
293 1367
251 1171
218 1017
194 905
173 807
158 737
143 667
134 625
125 583
116 541
107 499
101 471
95 443
92 429
86 401
163 760
157 732
74 345
71 331
68 317
133 620
127 592
183 853
59 275
171 797
165 769
53 247
103 480
50 233
97 452
47 219
138 643
135 629
217 1011
85 396
208 969
161 750
79 368
155 722
263 1225
111 517
108 503
213 992
207 964
102 475
166 773
131 610
32 149
157 731
154 717
151 703
119 554
264 1229
229 1066
113 526
139 647
191 889
81 377
159 740
26 121
205 954
101 470
75 349
49 228
121 563
167 777
118 549
256 1191
365 1698
158 735
89 414
66 307
152 707
43 200
106 493
146 679
103 479
143 665
283 1316
437 2032
177 823
117 544
77 358
57 265
94 437
205 953
202 939
91 423
54 251
125 581
88 409
122 567
173 804
377 1752
439 2040
184 855
116 539
82 381
65 302
113 525
48 223
79 367
141 655
31 144
169 785
183 850
121 562
45 209
104 483
191 887
73 339
188 873
129 599
171 794
325 1509
14 65
277 1286
165 766
109 506
176 817
148 687
120 557
198 919
92 427
39 181
142 659
64 297
89 413
139 645
314 1457
261 1211
111 515
86 399
219 1016
133 617
36 167
119 552
83 385
47 218
105 487
58 269
69 320
80 371
91 422
113 524
157 728
223 1034
399 1850
11 51
349 1618
206 955
140 649
107 496
181 839
74 343
200 927
115 533
52 241
93 431
41 190
153 709
71 329
131 607
281 1302
199 922
109 505
128 593
49 227
185 857
87 403
106 491
182 843
486 2251
293 1357
141 653
103 477
149 690
111 514
46 213
119 551
173 801
127 588
370 1713
197 912
116 537
151 699
97 449
167 773
288 1333
113 523
121 560
43 199
137 634
196 907
161 745
59 273
126 583
142 657
83 384
91 421
107 495
131 606
155 717
203 939
299 1383
539 2493
8 37
493 2280
277 1281
197 911
149 689
125 578
109 504
93 430
77 356
69 319
130 601
114 527
53 245
98 453
45 208
127 587
119 550
37 171
140 647
169 781
95 439
153 707
29 134
166 767
187 864
129 596
171 790
71 328
92 425
155 716
365 1686
307 1418
139 642
97 448
131 605
55 254
89 411
191 882
251 1159
115 531
128 591
47 217
107 494
193 891
73 337
185 854
125 577
164 757
268 1237
13 60
395 1823
200 923
135 623
109 503
83 383
70 323
57 263
101 466
44 203
119 549
75 346
137 632
31 143
142 655
80 369
178 821
165 761
67 309
85 392
121 558
211 973
18 83
293 1351
149 687
95 438
77 355
59 272
100 461
41 189
146 673
64 295
87 401
133 613
248 1143
396 1825
143 659
97 447
125 576
51 235
130 599
107 493
219 1009
341 1571
117 539
150 691
155 714
127 585
33 152
170 783
175 806
109 502
223 1027
157 723
81 373
167 769
177 815
91 419
48 221
101 465
53 244
111 511
179 824
63 290
131 603
141 649
151 695
83 382
88 405
98 451
108 497
118 543
133 612
153 704
183 842
218 1003
273 1256
373 1716
578 2659
1298 5971
1477 6794
612 2815
387 1780
282 1297
222 1021
182 837
157 722
137 630
122 561
107 492
97 446
92 423
82 377
77 354
72 331
67 308
62 285
119 547
223 1025
161 740
151 694
146 671
183 841
89 409
42 193
121 556
79 363
190 873
217 997
106 487
170 781
165 758
32 147
123 565
150 689
204 937
113 519
167 767
27 124
157 721
103 473
125 574
49 225
191 877
93 427
137 629
269 1235
391 1795
149 684
105 482
144 661
161 739
178 817
251 1152
95 436
56 257
129 592
90 413
124 569
175 803
396 1817
437 2005
182 835
114 523
177 812
143 656
109 500
46 211
121 555
179 821
162 743
29 133
157 720
99 454
181 830
193 885
176 807
94 431
53 243
183 839
142 651
89 408
113 518
137 628
197 903
341 1563
12 55
367 1682
199 912
139 637
103 472
91 417
146 669
122 559
55 252
98 449
43 197
117 536
74 339
136 623
31 142
143 655
81 371
181 829
169 774
69 316
88 403
145 664
259 1186
19 87
216 989
121 554
83 380
64 293
109 499
45 206
116 531
168 769
123 563
305 1396
267 1222
137 627
85 389
59 270
92 421
224 1025
238 1089
106 485
186 851
193 883
207 947
87 398
228 1043
148 677
209 956
115 526
61 279
68 311
75 343
82 375
89 407
103 471
117 535
138 631
173 791
222 1015
313 1431
530 2423
7 32
702 3209
366 1673
247 1129
184 841
149 681
128 585
107 489
93 425
86 393
151 690
137 626
188 859
58 265
109 498
51 233
95 434
44 201
125 571
118 539
229 1046
178 813
104 475
164 749
157 717
30 137
173 790
83 379
189 863
129 589
175 799
122 557
237 1082
453 2068
154 703
108 493
147 671
101 461
179 817
211 963
94 429
55 251
126 575
87 397
103 470
151 689
279 1273
16 73
265 1209
153 698
105 479
162 739
130 593
212 967
139 634
41 187
107 488
66 301
91 415
166 757
25 114
209 953
109 497
143 652
211 962
127 579
297 1354
179 816
188 857
120 547
43 196
95 433
199 907
113 515
61 278
70 319
79 360
88 401
106 483
124 565
160 729
214 975
340 1549
772 3517
803 3658
344 1567
218 993
164 747
128 583
110 501
92 419
157 715
139 633
121 551
56 255
103 469
47 214
132 601
123 560
38 173
105 478
67 305
96 437
212 965
368 1675
136 619
78 355
176 801
167 760
69 314
89 405
129 587
249 1133
20 91
191 869
111 505
162 737
122 555
51 232
133 605
113 514
299 1360
197 896
104 473
188 855
199 905
179 814
148 673
53 241
181 823
139 632
86 391
97 441
119 541
163 741
240 1091
449 2041
11 50
343 1559
200 909
145 659
112 509
90 409
79 359
68 309
182 827
103 468
241 1095
127 577
197 895
186 845
234 1063
94 427
59 268
83 377
107 486
203 922
24 109
181 822
109 495
146 663
159 722
135 613
37 168
124 563
137 622
213 967
176 799
139 631
165 749
102 463
141 640
193 876
362 1643
13 59
301 1366
184 835
132 599
199 903
80 363
67 304
175 794
149 676
136 617
41 186
110 499
166 753
125 567
265 1202
267 1211
127 576
71 322
114 517
43 195
101 458
58 263
204 925
88 399
118 535
163 739
268 1215
15 68
317 1437
167 757
122 553
92 417
139 630
62 281
156 707
220 997
79 358
143 648
32 145
177 802
194 879
130 589
213 965
66 299
83 376
100 453
151 684
253 1146
17 77
257 1164
155 702
104 471
157 711
123 557
53 240
89 403
161 729
271 1227
127 575
201 910
129 584
167 756
112 507
169 765
378 1711
382 1729
173 783
116 525
78 353
196 887
99 448
179 810
181 819
101 457
204 923
82 371
124 561
229 1036
21 95
191 864
107 484
86 389
65 294
153 692
243 1099
178 805
157 710
113 511
205 927
23 104
186 841
117 529
71 321
119 538
48 217
194 877
98 443
148 669
25 113
227 1026
127 574
77 348
181 818
131 592
185 836
160 723
27 122
191 863
110 497
139 628
197 890
85 384
172 777
29 131
147 664
89 402
60 271
91 411
153 691
31 140
157 709
95 429
161 727
130 587
33 149
167 754
101 456
171 772
173 781
35 158
107 483
72 325
146 659
37 167
113 510
76 343
154 695
275 1241
119 537
121 546
41 185
125 564
127 573
43 194
131 591
133 600
45 203
92 415
186 839
143 645
145 654
247 1114
100 451
51 230
104 469
53 239
108 487
222 1001
169 762
116 523
59 266
120 541
124 559
63 284
65 293
132 595
136 613
140 631
144 649
148 667
152 685
156 703
160 721
83 374
85 383
176 793
91 410
188 847
97 437
101 455
105 473
109 491
113 509
119 536
125 563
131 590
137 617
143 644
151 680
161 725
171 770
183 824
195 878
211 950
229 1031
249 1121
275 1238
305 1373
343 1544
393 1769
461 2075
555 2498
699 3146
941 4235
1447 6512
3117 14027
4251 19129
1651 7429
1025 4612
743 3343
583 2623
479 2155
407 1831
355 1597
313 1408
281 1264
255 1147
233 1048
215 967
199 895
185 832
173 778
163 733
155 697
145 652
139 625
131 589
125 562
121 544
115 517
111 499
107 481
103 463
99 445
95 427
184 827
89 400
172 773
83 373
81 364
79 355
152 683
148 665
144 647
140 629
69 310
67 301
65 292
128 575
124 557
61 274
179 804
116 521
57 256
112 503
218 979
161 723
157 705
155 696
202 907
149 669
49 220
96 431
47 211
139 624
137 615
223 1001
88 395
217 974
170 763
84 377
166 745
203 911
80 359
119 534
39 175
115 516
76 341
187 839
294 1319
109 489
179 803
142 637
35 157
138 619
68 305
101 453
200 897
262 1175
130 583
64 287
95 426
157 704
31 139
153 686
91 408
60 269
89 399
176 789
29 130
143 641
85 381
197 883
139 623
110 493
191 856
27 121
160 717
106 475
131 587
233 1044
77 345
102 457
202 905
25 112
173 775
98 439
73 327
169 757
167 748
71 318
94 421
163 730
393 1760
297 1330
136 609
90 403
67 300
155 694
44 197
109 488
151 676
107 479
149 667
296 1325
460 2059
166 743
103 461
82 367
61 273
101 452
40 179
139 622
158 707
137 613
175 783
116 519
192 859
515 2304
321 1436
150 671
112 501
74 331
129 577
146 653
127 568
307 1373
161 720
89 398
53 237
123 550
157 702
104 465
138 617
223 997
17 76
321 1435
168 751
117 523
83 371
66 295
115 514
49 219
81 362
145 648
369 1649
175 782
111 496
126 563
47 210
109 487
62 277
77 344
107 478
137 612
197 880
422 1885
613 2738
238 1063
148 661
103 460
88 393
131 585
58 259
101 451
43 192
114 509
71 317
127 567
239 1067
349 1558
125 558
166 741
110 491
233 1040
177 790
95 424
54 241
121 540
147 656
93 415
119 531
145 647
223 995
444 1981
804 3587
284 1267
167 745
128 571
102 455
165 736
139 620
113 504
50 223
137 611
124 553
37 165
135 602
159 709
146 651
109 486
157 700
421 1877
251 1119
131 584
83 370
59 263
94 419
164 731
35 156
116 517
81 361
265 1181
149 664
217 967
125 557
68 303
79 352
101 450
123 548
156 695
222 989
376 1675
11 49
449 2000
240 1069
163 726
130 579
205 913
86 383
75 334
64 285
170 757
148 659
137 610
42 187
115 512
73 325
135 601
31 138
206 917
113 503
133 592
224 997
71 316
91 405
131 583
211 939
20 89
249 1108
149 663
89 396
69 307
118 525
225 1001
78 347
107 476
223 992
328 1459
125 556
163 725
105 467
181 805
237 1054
123 547
132 587
244 1085
103 458
56 249
186 827
139 618
157 698
92 409
110 489
128 569
155 689
209 929
308 1369
605 2689
9 40
421 1871
250 1111
178 791
142 631
115 511
97 431
167 742
149 662
131 582
61 271
165 733
199 884
138 613
43 191
120 533
188 835
179 795
34 151
127 564
152 675
143 635
193 857
159 706
384 1705
241 1070
116 515
91 404
173 768
148 657
262 1163
98 435
57 253
130 577
162 719
105 466
153 679
249 1105
16 71
327 1451
167 741
119 528
87 386
71 315
181 803
149 661
133 590
39 173
140 621
163 723
147 652
108 479
177 785
23 102
237 1051
122 541
175 776
129 572
53 235
83 368
143 634
383 1698
217 962
97 430
67 297
104 461
326 1445
155 687
81 359
169 749
227 1006
95 421
51 226
109 483
58 257
123 545
137 607
151 669
165 731
93 412
100 443
121 536
135 598
163 722
205 908
275 1218
408 1807
828 3667
1475 6532
523 2316
313 1386
229 1014
180 797
145 642
124 549
110 487
96 425
171 757
157 695
143 633
129 571
237 1049
169 748
155 686
148 655
228 1009
87 385
207 916
233 1031
113 500
106 469
172 761
33 146
125 553
151 668
203 898
85 376
163 721
397 1756
227 1004
123 544
168 743
116 513
45 199
109 482
64 283
83 367
121 535
178 787
368 1627
449 1985
183 809
126 557
88 389
69 305
169 747
181 800
81 358
143 632
31 137
167 738
105 464
117 517
43 190
141 623
153 676
177 782
67 296
79 349
91 402
115 508
151 667
211 932
355 1568
12 53
401 1771
221 976
149 658
113 499
190 839
77 340
65 287
118 521
53 234
94 415
217 958
193 852
181 799
99 437
157 693
29 128
191 843
104 459
196 865
213 940
155 684
235 1037
143 631
97 428
131 578
199 878
454 2003
447 1972
192 847
124 547
90 397
73 322
185 816
151 666
134 591
39 172
139 613
222 979
144 635
105 463
149 657
369 1627
335 1477
159 701
93 410
71 313
169 745
223 983
76 335
103 454
184 811
27 119
167 736
199 877
145 639
150 661
123 542
283 1247
229 1009
101 445
69 304
143 630
37 163
153 674
79 348
163 718
42 185
131 577
183 806
193 850
99 436
52 229
109 480
57 251
181 797
129 568
206 907
72 317
77 339
82 361
179 788
97 427
107 471
117 515
132 581
147 647
167 735
197 867
237 1043
302 1329
407 1791
632 2781
1442 6345
1573 6921
658 2895
418 1839
303 1333
243 1069
198 871
168 739
148 651
133 585
118 519
108 475
98 431
181 796
83 365
78 343
73 321
68 299
194 853
121 532
58 255
111 488
53 233
101 444
48 211
139 611
134 589
296 1301
124 545
119 523
38 167
147 646
180 791
104 457
203 892
325 1428
127 558
155 681
150 659
117 514
201 883
28 123
163 716
186 817
130 571
51 224
74 325
97 426
143 628
304 1335
363 1594
156 685
110 483
151 663
105 461
187 821
223 979
100 439
59 259
77 338
95 417
131 575
221 970
18 79
319 1400
157 689
121 531
85 373
67 294
165 724
227 996
80 351
142 623
328 1439
230 1009
106 465
75 329
207 908
189 829
101 443
57 250
70 307
83 364
96 421
122 535
174 763
265 1162
668 2929
528 2315
242 1061
164 719
125 548
99 434
159 697
133 583
167 732
154 675
222 973
81 355
115 504
34 149
191 837
89 390
254 1113
131 574
173 758
118 517
202 885
21 92
260 1139
134 587
92 403
71 311
171 749
179 784
79 346
137 600
282 1235
269 1178
124 543
161 705
169 740
177 775
37 162
119 521
127 556
45 197
143 626
151 661
167 731
175 766
130 569
215 941
77 337
178 779
101 442
117 512
141 617
173 757
221 967
317 1387
573 2507
8 35
571 2498
323 1413
227 993
171 748
139 608
115 503
99 433
91 398
158 691
142 621
193 844
59 258
110 481
51 223
94 411
180 787
207 905
199 870
113 494
288 1259
202 883
97 424
62 271
89 389
143 625
359 1569
262 1145
127 555
173 756
119 520
46 201
111 485
65 284
84 367
122 533
179 782
407 1778
410 1791
182 795
125 546
87 380
68 297
166 725
226 987
79 345
109 476
259 1131
281 1227
131 572
71 310
112 489
41 179
134 585
145 633
52 227
115 502
137 598
74 323
181 790
107 467
129 563
173 755
261 1139
492 2147
11 48
366 1597
223 973
157 685
124 541
102 445
171 746
149 650
127 554
58 253
152 663
47 205
130 567
119 519
335 1461
169 737
97 423
61 266
86 375
136 593
286 1247
389 1696
164 715
89 388
64 279
103 449
220 959
209 911
92 401
251 1094
120 523
67 292
81 353
109 475
137 597
193 841
333 1451
14 61
339 1477
185 806
129 562
101 440
160 697
132 575
59 257
104 453
45 196
121 527
76 331
138 601
31 135
203 884
110 479
127 553
48 209
113 492
65 283
82 357
116 505
150 653
252 1097
17 74
309 1345
173 753
122 531
88 383
71 309
179 779
145 631
128 557
37 161
168 731
94 409
57 248
211 918
97 422
137 596
237 1031
20 87
243 1057
143 622
103 448
146 635
169 735
149 648
281 1222
109 474
221 961
201 874
158 687
342 1487
348 1513
164 713
95 413
72 313
170 739
222 965
75 326
101 439
179 778
26 113
211 917
107 465
81 352
55 239
139 604
113 491
200 869
29 126
148 643
90 391
61 265
93 404
157 682
32 139
163 708
99 430
169 734
137 595
35 152
178 773
181 786
111 482
225 977
231 1003
117 508
120 521
41 178
167 725
85 369
217 942
179 777
91 395
47 204
144 625
147 638
203 881
103 447
53 230
109 473
56 243
174 755
180 781
62 269
127 551
133 577
68 295
71 308
74 321
77 334
80 347
83 360
86 373
181 785
95 412
101 438
107 464
113 490
119 516
125 542
134 581
146 633
155 672
170 737
185 802
206 893
230 997
260 1127
299 1296
353 1530
431 1868
557 2414
779 3376
1304 5651
3 13
1903 8246
958 4151
643 2786
481 2084
388 1681
322 1395
277 1200
241 1044
217 940
193 836
178 771
163 706
151 654
139 602
130 563
121 524
115 498
109 472
103 446
97 420
94 407
88 381
85 368
82 355
155 671
149 645
216 935
70 303
67 290
131 567
125 541
61 264
177 766
171 740
168 727
162 701
211 913
153 662
150 649
242 1047
95 411
279 1207
135 584
132 571
43 186
169 731
83 359
203 878
237 1025
117 506
114 493
225 973
256 1107
108 467
176 761
139 601
34 147
167 722
99 428
65 281
127 549
220 951
338 1461
121 523
90 389
59 255
87 376
143 618
339 1465
249 1076
137 592
81 350
240 1037
131 566
181 782
128 553
253 1093
447 1931
172 743
97 419
72 311
166 717
257 1110
185 799
160 691
113 488
179 773
487 2103
305 1317
151 652
107 462
148 639
167 721
145 626
41 177
101 436
60 259
139 600
98 423
136 587
212 915
592 2555
320 1381
168 725
111 479
165 712
127 548
54 233
89 384
159 686
35 151
156 673
86 371
239 1031
169 729
67 289
83 358
99 427
147 634
211 910
499 2152
493 2126
221 953
141 608
109 470
77 332
138 595
167 720
151 651
209 901
193 832
103 444
161 694
29 125
187 806
100 431
71 306
155 668
42 181
139 599
207 892
178 767
68 293
81 349
94 405
120 517
159 685
250 1077
510 2197
738 3179
283 1219
179 771
127 547
101 435
88 379
137 590
62 267
111 478
49 211
85 366
121 521
36 155
167 719
95 409
59 254
82 353
105 452
174 749
23 99
263 1132
148 637
181 779
135 581
56 241
89 383
155 667
33 142
142 611
185 796
119 512
43 185
139 598
149 641
222 955
179 770
136 585
229 985
176 757
103 443
123 529
153 658
203 873
293 1260
573 2464
10 43
407 1750
247 1062
177 761
137 589
117 503
97 417
164 705
144 619
191 821
57 245
104 447
245 1053
178 765
84 361
195 838
286 1229
138 593
64 275
91 391
145 623
280 1203
341 1465
152 653
98 421
186 799
203 872
193 829
105 451
200 859
78 335
95 408
146 627
214 919
537 2306
432 1855
194 833
126 541
92 395
75 322
191 820
157 674
140 601
41 176
106 455
65 279
89 382
137 588
233 1000
24 103
199 854
127 545
79 339
189 811
141 605
117 502
210 901
31 133
162 695
169 725
176 755
183 785
38 163
121 519
128 549
263 1128
142 609
149 639
52 223
111 476
243 1042
66 283
139 596
153 656
167 716
94 403
108 463
122 523
136 583
164 703
199 853
262 1123
374 1603
654 2803
7 30
704 3017
389 1667
270 1157
207 887
165 707
137 587
123 527
109 467
95 407
169 724
155 664
141 604
194 831
60 257
113 484
53 227
99 424
191 818
177 758
85 364
163 698
305 1306
110 471
71 304
135 578
263 1126
249 1066
121 518
146 625
253 1083
82 351
132 565
207 886
25 107
193 826
118 505
161 689
111 475
240 1027
190 813
165 706
201 860
79 338
115 492
151 646
259 1108
18 77
299 1279
155 663
119 509
83 355
65 278
112 479
47 201
123 526
76 325
134 573
308 1317
272 1163
127 543
167 714
109 466
189 808
251 1073
91 389
193 825
164 701
175 748
135 577
157 671
179 765
106 453
128 547
172 735
238 1017
403 1722
11 47
477 2038
257 1098
180 769
136 581
114 487
92 393
81 346
70 299
247 1055
107 457
203 867
181 773
85 363
196 837
322 1375
137 585
226 965
152 649
115 491
219 935
26 111
197 841
119 508
160 683
108 461
190 811
220 939
97 414
56 239
127 542
157 670
187 798
116 495
161 687
281 1199
15 64
394 1681
199 849
139 593
109 465
173 738
143 610
177 755
211 900
181 772
83 354
151 644
34 145
155 661
87 371
53 226
125 533
72 307
201 857
148 631
224 955
19 81
308 1313
156 665
118 503
80 341
202 861
164 699
187 797
275 1172
107 456
65 277
88 375
134 571
249 1061
23 98
188 801
119 507
169 720
123 524
50 213
127 541
181 771
131 558
320 1363
301 1282
139 592
85 362
201 856
147 626
120 511
244 1039
345 1469
128 545
163 694
167 711
136 579
35 149
179 762
183 779
113 481
191 813
238 1013
121 515
125 532
43 183
133 566
137 583
47 200
145 617
149 634
208 885
161 685
224 953
173 736
181 770
63 268
130 553
205 872
71 302
75 319
79 336
83 353
87 370
95 404
99 421
107 455
115 489
123 523
135 574
147 625
163 693
183 778
207 880
239 1016
287 1220
351 1492
459 1951
659 2801
1167 4960
4 17
1245 5291
681 2894
469 1993
361 1534
289 1228
245 1041
209 888
185 786
165 701
149 633
137 582
125 531
117 497
109 463
101 429
93 395
89 378
166 705
158 671
150 637
142 603
69 293
65 276
126 535
240 1019
175 743
167 709
216 917
155 658
151 641
290 1231
94 399
229 972
176 747
86 365
168 713
324 1375
119 505
193 819
189 802
329 1396
107 454
70 297
103 437
202 857
326 1383
128 543
157 666
153 649
120 509
178 755
29 123
170 721
112 475
137 581
54 229
79 335
104 441
179 759
454 1925
271 1149
146 619
96 407
188 797
209 886
205 869
180 763
155 657
109 462
151 640
277 1174
21 89
206 873
122 517
181 767
139 589
215 911
135 572
287 1216
207 877
93 394
258 1093
127 538
72 305
195 826
123 521
191 809
378 1601
693 2935
251 1063
149 631
115 487
81 343
209 885
111 470
252 1067
171 724
77 326
137 580
257 1088
313 1325
133 563
176 745
116 491
288 1219
185 783
155 656
56 237
194 821
151 639
95 402
108 457
147 622
199 842
342 1447
13 55
425 1798
230 973
152 643
126 533
100 423
161 681
135 571
61 258
157 664
48 203
131 554
118 499
258 1091
232 981
127 537
149 630
193 816
79 334
123 520
189 799
475 2008
317 1340
163 689
97 410
75 317
181 765
190 803
84 355
146 617
394 1665
226 955
102 431
71 300
111 469
40 169
169 714
89 376
285 1204
156 659
165 697
125 528
67 283
76 321
85 359
94 397
112 473
130 549
157 663
211 891
301 1271
517 2183
9 38
572 2415
311 1313
221 933
167 705
131 553
113 477
95 401
86 363
77 325
68 287
186 785
168 709
159 671
191 806
91 384
214 903
237 1000
114 481
178 751
137 578
32 135
215 907
119 502
142 599
243 1025
78 329
101 426
170 717
377 1590
359 1514
152 641
106 447
143 603
60 253
97 409
208 877
310 1307
125 527
139 586
51 215
116 489
209 881
79 333
93 392
121 510
163 687
261 1100
625 2634
551 2322
243 1024
159 670
117 493
192 809
164 691
136 573
169 712
155 653
268 1129
127 535
113 476
212 893
349 1470
151 636
85 358
52 219
123 518
71 299
90 379
128 539
204 859
470 1979
404 1701
195 821
119 501
181 762
143 602
167 703
148 623
43 181
110 463
67 282
91 383
139 585
235 989
24 101
197 829
125 526
77 324
130 547
241 1014
82 345
111 467
256 1077
382 1607
150 631
92 387
63 265
97 408
165 694
34 143
141 593
180 757
112 471
229 963
239 1005
122 513
127 534
44 185
137 576
142 597
49 206
103 433
54 227
167 702
59 248
123 517
64 269
69 290
143 601
153 643
163 685
89 374
94 395
104 437
114 479
124 521
134 563
154 647
174 731
199 836
239 1004
294 1235
379 1592
549 2306
989 4154
5 21
981 4120
546 2293
381 1600
291 1222
236 991
201 844
171 718
151 634
136 571
121 508
111 466
101 424
96 403
177 743
81 340
76 319
218 915
137 575
193 810
61 256
117 491
56 235
107 449
51 214
148 621
143 600
46 193
133 558
128 537
41 172
159 667
77 323
149 625
36 151
175 734
103 432
232 973
129 541
222 931
398 1669
150 629
88 369
57 239
140 587
109 457
161 675
395 1656
281 1178
151 633
99 415
193 809
214 897
162 679
183 767
157 658
110 461
173 725
320 1341
520 2179
205 859
121 507
179 750
137 574
211 884
95 398
206 863
275 1152
127 532
143 599
53 222
191 800
154 645
101 423
117 490
181 758
309 1294
16 67
331 1386
187 783
123 515
198 829
75 314
134 561
220 921
145 607
43 180
156 653
70 293
97 406
151 632
367 1536
281 1176
146 611
92 385
65 272
103 431
255 1067
201 841
212 887
136 569
256 1071
109 456
60 251
202 845
153 640
93 389
104 435
126 527
170 711
236 987
390 1631
11 46
556 2325
281 1175
193 807
149 623
116 485
94 393
83 347
72 301
194 811
172 719
211 882
189 790
89 372
206 861
301 1258
106 443
67 280
95 397
151 631
375 1567
269 1124
129 539
174 727
118 493
253 1057
152 635
169 706
141 589
79 330
113 472
147 614
232 969
555 2318
448 1871
210 877
142 593
108 451
165 689
131 547
57 238
97 405
217 906
263 1098
103 430
63 263
86 359
109 455
178 743
500 2087
305 1273
144 601
98 409
75 313
179 747
185 772
81 338
139 580
255 1064
383 1598
151 630
93 388
64 267
99 413
204 851
35 146
146 609
76 317
117 488
41 171
170 709
88 367
229 955
194 809
153 638
53 221
112 467
59 246
189 788
136 567
71 296
77 321
83 346
89 371
101 421
220 917
125 521
137 571
155 646
185 771
221 921
281 1171
383 1596
611 2546
1457 6071
1333 5554
589 2454
379 1579
277 1154
223 929
181 754
157 654
139 579
121 504
109 454
97 404
91 379
164 683
152 633
213 887
67 279
189 787
177 737
226 941
159 662
153 637
239 995
92 383
178 741
295 1228
123 512
117 487
228 949
290 1207
105 437
68 283
99 412
161 670
31 129
180 749
118 491
143 595
193 803
81 337
106 441
181 753
25 104
244 1015
119 495
94 391
69 287
157 653
44 183
107 445
63 262
145 603
101 420
139 578
215 894
595 2474
374 1555
184 765
127 528
89 370
70 291
121 503
51 212
217 902
115 478
243 1010
333 1384
141 586
77 320
122 507
45 187
148 615
219 910
129 536
71 295
84 349
207 860
123 511
175 727
253 1051
513 2131
904 3755
319 1325
202 839
137 569
111 461
183 760
157 652
131 544
59 245
105 436
46 191
171 710
79 328
145 602
343 1424
218 905
119 494
139 577
53 220
126 523
166 689
113 469
153 635
293 1216
20 83
247 1025
147 610
107 444
154 639
181 751
208 863
215 892
195 809
101 419
155 643
317 1315
331 1373
142 589
88 365
210 871
156 647
129 535
299 1240
245 1016
109 452
75 311
157 651
41 170
130 539
137 568
48 199
151 626
158 655
172 713
179 742
131 543
69 286
76 315
83 344
90 373
104 431
111 460
132 547
153 634
181 750
223 924
293 1214
426 1765
811 3360
7 29
659 2730
379 1570
267 1106
211 874
169 700
148 613
127 526
113 468
99 410
177 733
163 675
149 617
135 559
64 265
121 501
221 915
157 650
50 207
143 592
136 563
43 178
122 505
194 803
151 625
36 149
137 567
166 687
159 658
123 509
181 749
29 120
196 811
109 451
211 873
284 1175
175 724
73 302
95 393
139 575
271 1121
22 91
213 881
125 517
184 761
140 579
59 244
96 397
207 856
311 1286
126 521
141 583
52 215
119 492
67 277
82 339
209 864
127 525
187 773
322 1331
15 62
368 1521
203 839
143 591
113 467
83 343
219 905
121 500
53 219
144 595
129 533
38 157
175 723
99 409
61 252
84 347
107 442
176 727
406 1677
353 1458
169 698
100 413
77 318
185 764
193 797
85 351
147 607
333 1375
256 1057
132 545
171 706
109 450
226 933
281 1160
125 516
133 549
47 194
149 615
157 648
173 714
181 747
134 553
71 293
79 326
87 359
198 817
111 458
135 557
159 656
191 788
247 1019
359 1481
647 2669
8 33
633 2611
353 1456
249 1027
193 796
153 631
129 532
113 466
97 400
89 367
81 334
73 301
65 268
122 503
57 235
106 437
49 202
139 573
131 540
254 1047
197 812
189 779
181 746
173 713
33 136
190 783
91 375
207 853
141 581
83 342
133 548
258 1063
25 103
192 791
117 482
159 655
176 725
151 622
42 173
143 589
160 659
194 799
76 313
93 383
127 523
195 803
348 1433
17 70
281 1157
162 667
111 457
94 387
214 881
60 247
103 424
189 778
241 992
112 461
233 959
216 889
173 712
485 1996
269 1107
139 572
87 358
209 860
157 646
131 539
341 1403
219 901
114 469
202 831
211 868
185 761
97 399
53 218
168 691
62 255
133 547
151 621
169 695
187 769
107 440
125 514
152 625
188 773
251 1032
386 1587
827 3400
1126 4629
442 1817
271 1114
199 818
154 633
127 522
109 448
191 785
173 711
155 637
137 563
247 1015
174 715
211 867
147 604
46 189
129 530
83 341
194 797
37 152
139 571
167 686
158 649
121 497
205 842
28 115
215 883
131 538
75 308
122 501
47 193
113 464
66 271
85 349
104 427
161 661
256 1051
19 78
295 1211
162 665
124 509
86 353
67 275
115 472
48 197
125 513
77 316
135 554
222 911
29 119
155 636
97 398
68 279
107 439
263 1079
205 841
215 882
137 562
49 201
108 443
59 242
128 525
148 607
79 324
188 771
109 447
129 529
159 652
209 857
299 1226
549 2251
10 41
491 2013
281 1152
201 824
151 619
121 496
212 869
91 373
81 332
71 291
193 791
173 709
163 668
194 795
92 377
215 881
277 1135
113 463
72 295
134 549
227 930
393 1610
145 594
83 340
135 553
229 938
198 811
167 684
115 471
178 729
367 1503
473 1937
200 819
116 475
95 389
201 823
233 954
191 782
85 348
149 610
32 131
203 831
107 438
75 307
161 659
43 176
140 573
151 618
227 929
184 753
141 577
76 311
87 356
109 446
131 536
164 671
219 896
329 1346
747 3056
826 3379
353 1444
221 904
166 679
133 544
111 454
89 364
78 319
212 867
123 503
56 229
101 413
191 781
259 1059
124 507
113 462
181 740
34 139
159 650
91 372
57 233
137 560
183 748
126 515
218 891
23 94
265 1083
150 613
104 425
139 568
58 237
93 380
163 666
35 143
187 764
199 813
129 527
47 192
153 625
224 915
189 772
71 290
83 339
95 388
119 486
143 584
203 829
299 1221
659 2691
805 3287
325 1327
205 837
157 641
121 494
97 396
85 347
73 298
195 796
171 698
159 649
233 951
86 351
123 502
37 151
173 706
99 404
62 253
87 355
112 457
187 763
25 102
263 1073
138 563
88 359
214 873
164 669
139 567
38 155
165 673
89 363
242 987
166 677
179 730
141 575
167 681
193 787
116 473
155 632
207 844
350 1427
13 53
482 1965
248 1011
170 693
131 534
105 428
171 697
145 591
66 269
172 701
252 1027
93 379
173 705
307 1251
107 436
67 273
94 383
148 603
256 1043
473 1927
176 717
217 884
231 941
109 444
191 778
260 1059
137 558
206 839
179 729
69 281
152 619
97 395
111 452
153 623
223 908
391 1592
14 57
365 1486
211 859
155 631
113 460
184 749
156 635
128 521
57 232
157 639
186 757
43 175
115 468
72 293
101 411
188 765
29 118
189 769
102 415
73 297
117 476
44 179
147 598
162 659
192 781
74 301
89 362
104 423
134 545
194 789
344 1399
15 61
376 1529
211 858
151 614
106 431
91 370
76 309
61 248
107 435
199 809
215 874
200 813
108 439
170 691
31 126
202 821
109 443
78 317
172 699
251 1020
110 447
63 256
79 321
95 386
127 516
175 711
271 1101
751 3051
433 1759
225 914
145 589
113 459
178 723
146 593
179 727
163 662
229 930
213 865
115 467
214 869
380 1543
149 605
83 337
183 743
267 1084
117 475
218 885
84 341
118 479
152 617
237 962
611 2480
460 1867
222 901
137 556
103 418
86 349
69 280
121 491
52 211
226 917
122 495
297 1205
228 925
123 499
141 572
53 215
124 503
231 937
196 795
125 507
179 726
341 1383
18 73
271 1099
163 661
109 442
91 369
73 296
183 742
202 819
92 373
203 823
352 1427
130 527
149 604
56 227
131 531
169 685
113 458
151 612
284 1151
19 77
305 1236
172 697
115 466
173 701
135 547
58 235
97 393
175 709
39 158
137 555
157 636
59 239
79 320
99 401
139 563
219 887
539 2183
381 1543
181 733
121 490
182 737
142 575
61 247
102 413
266 1077
226 915
103 417
62 251
228 923
104 421
146 591
251 1016
21 85
274 1109
148 599
106 429
85 344
64 259
107 433
279 1129
194 785
108 437
217 878
87 352
131 530
197 797
527 2132
331 1339
177 716
111 449
156 631
67 271
157 635
45 182
158 639
68 275
91 368
114 461
183 740
459 1856
346 1399
162 655
116 469
163 659
187 756
211 853
212 857
189 764
166 671
119 481
191 772
479 1936
313 1265
169 683
97 392
73 295
122 493
49 198
123 497
74 299
124 501
174 703
424 1713
326 1317
151 610
101 408
76 307
178 719
230 929
77 311
103 416
155 626
337 1361
391 1579
157 634
105 424
79 319
238 961
186 751
80 323
134 541
215 868
27 109
217 876
109 440
82 331
192 775
193 779
83 335
139 561
251 1013
28 113
169 682
113 456
142 573
57 230
229 924
115 464
202 815
29 117
175 706
117 472
147 593
59 238
89 359
149 601
299 1206
331 1335
151 609
91 367
61 246
153 617
123 496
247 996
404 1629
156 629
94 379
63 254
95 383
159 641
351 1415
257 1036
129 520
162 653
163 657
131 528
230 927
364 1467
133 536
167 673
235 947
135 544
237 955
307 1237
137 552
172 693
173 697
139 560
35 141
211 850
106 427
71 286
143 576
287 1156
253 1019
109 439
73 294
110 443
258 1039
260 1047
112 451
75 302
151 608
38 153
191 769
192 773
116 467
194 781
313 1260
118 475
79 318
159 640
40 161
161 648
81 326
163 656
41 165
165 664
83 334
167 672
42 169
127 511
85 342
214 861
259 1042
130 523
131 527
44 177
133 535
89 358
224 901
226 909
91 366
183 736
277 1114
232 933
140 563
47 189
142 571
143 575
289 1162
97 390
195 784
246 989
99 398
249 1001
151 607
152 611
51 205
103 414
207 832
209 840
158 635
53 213
107 430
54 217
163 655
219 880
166 667
167 671
225 904
170 683
229 920
173 695
233 936
176 707
237 952
179 719
181 727
182 731
184 739
62 249
125 502
63 253
191 767
193 775
65 261
131 526
199 799
67 269
135 542
205 823
69 277
139 558
141 566
71 285
72 289
145 582
147 590
223 895
75 301
76 305
77 309
155 622
157 630
159 638
161 646
163 654
165 662
167 670
169 678
171 686
87 349
88 353
89 357
90 361
183 734
93 373
94 377
191 766
97 389
98 393
100 401
101 405
103 413
104 417
106 425
108 433
109 437
111 445
113 453
115 461
117 469
119 477
121 485
123 493
126 505
128 513
131 525
133 533
136 545
139 557
141 565
144 577
148 593
151 605
154 617
158 633
162 649
166 665
170 681
174 697
179 717
184 737
189 757
194 777
200 801
206 825
213 853
220 881
227 909
235 941
243 973
252 1009
262 1049
273 1093
284 1137
297 1189
310 1241
325 1301
342 1369
360 1441
380 1521
403 1613
429 1717
458 1833
491 1965
529 2117
575 2301
628 2513
693 2773
772 3089
871 3485
1001 4005
1175 4701
1423 5693
1804 7217
2463 9853
3881 15525
9147 36589
8834 35335
3824 15295
2440 9759
1792 7167
1416 5663
1170 4679
997 3987
869 3475
770 3079
691 2763
627 2507
574 2295
529 2115
491 1963
457 1827
428 1711
403 1611
380 1519
360 1439
342 1367
325 1299
310 1239
297 1187
284 1135
273 1091
262 1047
253 1011
244 975
235 939
227 907
220 879
213 851
206 823
200 799
195 779
189 755
184 735
179 715
175 699
170 679
166 663
162 647
158 631
155 619
151 603
148 591
145 579
142 567
139 555
136 543
134 535
131 523
128 511
126 503
124 495
122 487
119 475
117 467
115 459
227 906
112 447
110 439
108 431
106 423
105 419
103 411
203 810
100 399
197 786
97 387
96 383
189 754
93 371
92 367
91 363
179 714
177 706
87 347
86 343
85 339
84 335
83 331
82 327
81 323
80 319
79 315
78 311
232 925
153 610
151 602
224 893
74 295
73 291
145 578
143 570
212 845
70 279
139 554
137 546
68 271
202 805
133 530
66 263
131 522
194 773
64 255
127 506
63 251
187 745
185 737
184 733
182 725
241 960
119 474
59 235
117 466
58 231
115 458
57 227
170 677
225 896
167 665
166 661
219 872
163 649
54 215
107 426
53 211
158 629
157 625
259 1031
103 410
307 1222
152 605
151 601
50 199
149 593
148 589
293 1166
97 386
193 768
239 951
95 378
189 752
234 931
93 370
185 736
46 183
137 545
136 541
45 179
134 533
89 354
221 879
219 871
218 867
130 517
43 171
171 680
85 338
169 672
42 167
125 497
83 330
165 656
41 163
122 485
81 322
161 640
40 159
159 632
79 314
118 469
313 1244
233 926
116 461
192 763
153 608
38 151
151 600
188 747
112 445
186 739
37 147
147 584
183 727
109 433
181 719
36 143
179 711
178 707
177 703
141 560
316 1255
244 969
139 552
69 274
103 409
171 679
34 135
203 806
101 401
67 266
100 397
166 659
33 131
230 913
131 520
163 647
162 643
129 512
257 1020
415 1647
159 631
95 377
63 250
94 373
125 496
280 1111
340 1349
154 611
92 365
61 242
152 603
121 480
211 837
30 119
179 710
119 472
148 587
59 234
88 349
117 464
233 924
29 115
173 686
115 456
143 567
57 226
142 563
113 448
169 670
477 1891
251 995
139 551
83 329
138 547
247 979
82 325
109 432
163 646
460 1823
296 1173
134 531
187 741
133 527
53 210
132 523
79 313
131 519
209 828
26 103
233 923
129 511
180 713
128 507
281 1113
178 705
76 301
101 400
151 598
301 1192
499 1976
199 788
124 491
173 685
123 487
270 1069
171 677
73 289
97 384
121 479
217 859
24 95
263 1041
143 566
95 376
71 281
118 467
47 186
164 649
187 740
163 645
116 459
185 732
369 1460
459 1816
183 724
114 451
91 360
68 269
113 447
45 178
157 621
179 708
156 617
200 791
133 526
221 874
22 87
307 1214
153 605
109 431
87 344
65 257
108 427
237 937
236 933
107 423
64 253
85 336
106 419
148 585
253 1000
21 83
293 1158
167 660
229 905
83 328
207 818
165 652
144 569
41 162
184 727
102 403
61 241
223 881
101 399
141 557
201 794
461 1821
499 1971
219 865
139 549
99 391
79 312
197 778
157 620
137 541
293 1157
214 845
97 383
213 841
193 762
77 304
96 379
134 529
191 754
381 1504
683 2696
246 971
151 596
113 446
169 667
206 813
56 221
149 588
130 513
241 951
277 1093
129 509
147 580
55 217
128 505
164 647
200 789
127 501
181 714
343 1353
18 71
305 1203
179 706
125 493
89 351
231 911
124 489
53 209
141 556
211 832
193 761
35 138
157 619
87 343
139 548
277 1092
121 477
224 883
86 339
120 473
154 607
239 942
511 2014
594 2341
254 1001
152 599
118 465
185 729
151 595
184 725
167 658
283 1115
133 524
116 457
182 717
33 130
181 713
197 776
131 516
49 193
163 642
179 705
146 575
178 701
113 445
145 571
193 760
337 1327
16 63
367 1445
207 815
143 563
111 437
174 685
142 559
63 248
110 433
298 1173
172 677
78 307
109 429
171 673
31 122
201 791
108 425
77 303
169 665
46 181
153 602
229 901
198 779
76 299
91 358
121 476
151 594
211 830
376 1479
15 59
389 1530
209 822
149 586
119 468
89 350
237 932
133 523
59 232
103 405
235 924
249 979
117 460
248 975
131 515
189 743
29 114
217 853
130 511
173 680
115 452
201 790
272 1069
100 393
214 841
185 727
71 279
156 613
99 389
113 444
155 609
211 829
351 1379
14 55
475 1866
251 986
167 656
125 491
208 817
83 326
221 868
124 487
289 1135
151 593
137 538
301 1182
191 750
109 428
68 267
95 373
149 585
311 1221
445 1747
175 687
121 475
161 632
174 683
147 577
40 157
173 679
93 365
252 989
172 675
185 726
145 569
250 981
197 773
118 463
144 565
196 769
300 1177
677 2656
779 3056
324 1271
207 812
155 608
116 455
103 404
167 655
141 553
64 251
115 451
51 200
140 549
216 847
203 796
367 1439
139 545
164 643
214 839
88 345
138 541
213 835
25 98
262 1027
137 537
199 780
149 584
223 874
235 921
210 823
345 1352
123 482
86 337
233 913
208 815
110 431
61 239
207 811
158 619
182 713
109 427
133 521
169 662
229 897
349 1367
853 3341
731 2863
323 1265
215 842
155 607
131 513
107 419
178 697
154 603
201 787
248 971
165 646
153 599
47 184
129 505
199 779
152 595
35 137
198 775
221 865
151 591
197 771
81 317
104 407
150 587
288 1127
23 90
241 943
149 583
103 403
217 849
57 223
148 579
125 489
193 755
34 133
181 708
192 751
124 485
259 1013
236 923
101 395
56 219
179 700
67 262
145 567
167 653
189 739
111 434
133 520
166 649
221 864
342 1337
705 2756
1099 4296
406 1587
252 985
186 727
142 555
120 469
98 383
87 340
76 297
206 805
184 719
173 676
205 801
97 379
226 883
247 965
118 461
257 1004
139 543
267 1043
405 1582
149 582
202 789
138 539
53 207
127 496
169 660
211 824
158 617
242 945
21 82
325 1269
178 695
115 449
167 652
73 285
177 691
239 933
218 851
114 445
207 808
31 121
196 765
103 402
72 281
113 441
236 921
256 999
133 519
143 558
51 199
112 437
61 238
132 515
71 277
81 316
91 355
101 394
121 472
141 550
181 706
241 940
351 1369
681 2656
10 39
489 1907
289 1127
209 815
159 620
139 542
228 889
99 386
168 655
227 885
69 269
128 499
59 230
108 421
49 191
186 725
88 343
166 647
39 152
146 569
175 682
165 643
126 491
184 717
29 113
251 978
135 526
183 713
125 487
317 1235
163 635
182 709
153 596
191 744
124 483
181 705
295 1149
19 74
313 1219
180 701
123 479
189 736
151 588
245 954
160 623
47 183
122 475
75 292
103 401
159 619
411 1600
289 1125
149 580
93 362
223 868
167 650
139 541
37 144
194 755
120 467
129 502
267 1039
193 751
101 393
55 214
174 677
64 249
137 533
228 887
82 319
91 354
209 813
118 459
145 564
172 669
208 809
289 1124
442 1719
1000 3889
1124 4371
467 1816
296 1151
215 836
170 661
143 556
125 486
107 416
187 727
169 657
151 587
204 793
257 999
177 688
221 859
203 789
97 377
229 890
255 991
123 478
193 750
149 579
35 136
201 781
96 373
218 847
148 575
87 338
139 540
243 944
26 101
225 874
121 470
95 369
69 268
112 435
327 1270
189 734
103 400
60 233
137 532
171 664
205 796
128 497
196 761
332 1289
17 66
365 1417
195 757
144 559
110 427
169 656
211 819
59 229
160 621
143 555
42 163
151 586
176 683
226 877
92 357
142 551
267 1036
25 97
208 807
133 516
191 741
141 547
58 225
91 353
124 481
289 1121
305 1183
140 543
181 702
189 733
197 764
41 159
131 508
229 888
286 1109
204 791
163 632
57 221
122 473
65 252
211 818
154 597
170 659
186 721
105 407
121 469
137 531
161 624
185 717
233 903
321 1244
489 1895
1073 4158
1359 5266
543 2104
343 1329
247 957
199 771
159 616
135 523
119 461
214 829
95 368
87 337
79 306
71 275
134 519
63 244
118 457
55 213
102 395
196 759
274 1061
133 515
125 484
242 937
265 1026
109 422
70 271
101 391
163 631
349 1351
302 1169
147 569
85 329
139 538
54 209
131 507
177 685
123 476
192 743
422 1633
452 1749
199 770
130 503
84 325
145 561
221 855
99 383
213 824
395 1528
129 499
91 352
250 967
174 673
257 994
151 584
181 700
113 437
143 553
188 727
308 1191
833 3221
532 2057
262 1013
172 665
127 491
209 808
82 317
149 576
186 719
223 862
245 947
89 344
163 630
385 1488
207 800
229 885
155 599
199 769
81 313
103 398
147 568
257 993
22 85
293 1132
161 622
117 452
168 649
197 761
226 873
233 900
211 815
109 421
167 645
399 1541
297 1147
152 587
94 363
65 251
166 641
137 529
389 1502
223 861
115 444
79 305
165 637
43 166
136 525
93 359
293 1131
157 606
164 633
57 220
121 467
64 247
206 795
149 575
241 930
85 328
191 737
106 409
113 436
127 490
148 571
169 652
204 787
253 976
330 1273
484 1867
890 3433
7 27
776 2993
447 1724
314 1211
244 941
195 752
167 644
146 563
125 482
111 428
104 401
187 721
173 667
159 613
145 559
69 266
193 744
179 690
172 663
268 1033
103 397
247 952
185 713
89 343
171 659
41 158
157 605
191 736
184 709
143 551
415 1599
231 890
129 497
156 601
61 235
88 339
115 443
196 755
27 104
263 1013
128 493
101 389
74 285
168 647
47 181
114 439
67 258
154 593
107 412
147 566
207 797
467 1798
533 2052
233 897
153 589
113 435
166 639
199 766
232 893
192 739
86 331
152 585
284 1093
310 1193
145 558
191 735
125 481
309 1189
197 758
105 404
59 227
131 504
229 881
85 327
209 804
124 477
163 627
215 827
332 1277
826 3177
695 2673
318 1223
201 773
149 573
123 473
97 373
84 323
226 869
129 496
58 223
161 619
148 569
45 173
122 469
77 296
109 419
205 788
32 123
179 688
115 442
217 834
287 1103
172 661
191 734
159 611
197 757
127 488
184 707
355 1364
19 73
272 1045
177 680
120 461
183 703
145 557
63 242
107 411
239 918
245 941
113 434
69 265
94 361
144 553
219 841
25 96
281 1079
156 599
106 407
218 837
249 956
199 764
87 334
149 572
304 1167
347 1332
161 618
99 380
68 261
105 403
179 687
37 142
154 591
197 756
123 472
252 967
221 848
227 871
141 541
49 188
153 587
159 610
226 867
116 445
61 234
195 748
207 794
73 280
231 886
164 629
176 675
97 372
103 395
115 441
127 487
139 533
157 602
175 671
205 786
247 947
307 1177
409 1568
613 2350
1225 4696
2429 9311
815 3124
491 1882
353 1353
275 1054
227 870
191 732
167 640
149 571
131 502
119 456
107 410
101 387
184 705
172 659
160 613
148 567
71 272
201 770
189 724
242 927
171 655
165 632
312 1195
100 383
194 743
276 1057
135 517
129 494
293 1122
240 919
117 448
76 291
146 559
286 1095
309 1183
134 513
163 624
64 245
93 356
151 578
267 1022
29 111
197 754
110 421
81 310
185 708
231 884
202 773
173 662
121 463
167 639
328 1255
23 88
224 857
132 505
195 746
149 570
63 241
103 394
223 853
377 1442
137 524
154 589
57 218
131 501
239 914
91 348
125 478
159 608
261 998
584 2233
589 2252
249 952
164 627
130 497
96 367
79 302
203 776
169 646
152 581
45 172
163 623
191 730
174 665
129 493
241 921
28 107
207 791
123 470
162 619
67 256
106 405
223 852
323 1234
128 489
89 340
239 913
211 806
172 657
61 233
205 783
155 592
177 676
199 760
116 443
138 527
171 653
226 863
336 1283
655 2501
11 42
467 1783
280 1069
203 775
159 607
126 481
104 397
93 355
82 313
71 271
131 500
60 229
109 416
256 977
234 893
87 332
125 477
315 1202
255 973
141 538
233 889
157 599
211 805
173 660
335 1278
421 1606
178 679
124 473
167 637
183 698
156 595
43 164
145 553
161 614
59 225
134 511
166 633
198 755
123 469
171 652
251 957
523 1994
757 2886
293 1117
181 690
133 507
101 385
85 324
223 850
122 465
281 1071
196 747
90 343
164 625
37 141
206 785
95 362
211 804
195 743
79 301
100 381
142 541
205 781
415 1581
551 2099
215 819
152 579
110 419
157 598
68 259
162 617
47 179
167 636
73 278
172 655
125 476
229 872
26 99
265 1009
135 514
109 415
140 533
57 217
145 552
207 788
181 689
429 1633
284 1081
129 491
98 373
67 255
103 392
175 666
36 137
185 704
113 430
195 742
159 605
41 156
169 643
87 331
179 681
46 175
143 544
148 563
51 194
158 601
163 620
229 871
117 445
61 232
127 483
203 772
71 270
147 559
157 597
81 308
86 327
91 346
197 749
106 403
111 422
121 460
131 498
146 555
161 612
181 688
206 783
236 897
281 1068
341 1296
441 1676
626 2379
1081 4108
5 19
1324 5031
699 2656
479 1820
364 1383
294 1117
244 927
209 794
184 699
164 623
149 566
134 509
124 471
114 433
213 809
99 376
94 357
89 338
84 319
79 300
74 281
143 543
202 767
261 991
187 710
241 915
172 653
167 634
265 1006
103 391
250 949
191 725
93 353
181 687
44 167
127 482
83 315
161 611
39 148
190 721
112 425
73 277
107 406
209 793
34 129
165 626
97 368
223 846
155 588
213 808
179 679
411 1559
314 1191
140 531
193 732
135 512
53 201
183 694
77 292
101 383
149 565
245 929
24 91
283 1073
163 618
115 436
158 599
244 925
153 580
325 1232
191 724
105 398
62 235
143 542
181 686
119 451
157 595
233 883
575 2179
508 1925
223 845
147 557
109 413
90 341
71 269
123 466
52 197
137 519
203 769
151 572
382 1447
278 1053
146 553
80 303
127 481
47 178
155 587
169 640
61 231
211 799
164 621
192 727
117 443
145 549
201 761
313 1185
691 2616
737 2790
317 1200
205 776
149 564
121 458
200 757
251 950
144 545
246 931
167 632
51 193
139 526
213 806
199 753
37 140
171 647
97 367
217 821
143 541
83 314
129 488
175 662
336 1271
23 87
239 904
147 556
101 382
78 295
188 711
252 953
87 329
119 450
215 813
32 121
201 760
105 397
73 276
114 431
237 896
337 1274
132 499
141 533
291 1100
159 601
168 635
59 223
127 480
213 805
77 291
249 941
95 359
104 393
122 461
140 529
167 631
203 767
266 1005
383 1447
698 2637
9 34
652 2463
373 1409
256 967
202 763
166 627
139 525
121 457
103 389
94 355
85 321
76 287
210 793
192 725
241 910
165 623
156 589
49 185
138 521
218 823
209 789
40 151
151 570
182 687
173 653
133 502
226 853
31 117
177 668
115 434
84 317
243 917
181 683
203 766
172 649
119 449
163 615
317 1196
22 83
255 962
167 630
224 845
79 298
136 513
57 215
149 562
127 479
267 1007
398 1501
153 577
201 758
131 494
48 181
157 592
170 641
257 969
209 788
161 607
187 705
113 426
139 524
178 671
243 916
399 1504
13 49
576 2171
290 1093
199 750
147 554
121 456
203 765
177 667
151 569
194 731
181 682
211 795
99 373
185 697
331 1247
116 437
73 275
103 388
163 614
313 1179
377 1420
167 629
107 403
77 290
171 644
47 177
158 595
175 659
145 546
81 305
98 369
132 497
183 689
285 1073
727 2737
514 1935
242 911
157 591
123 463
195 734
161 606
199 749
237 892
203 764
93 350
169 636
38 143
173 651
97 365
215 809
198 745
80 301
101 380
143 538
206 775
479 1802
508 1911
214 805
151 568
109 410
155 583
67 252
113 425
297 1117
209 786
117 440
238 895
96 361
146 549
271 1019
25 94
254 955
154 579
104 391
79 297
187 703
245 921
83 312
112 421
170 639
431 1620
323 1214
149 560
211 793
153 575
219 823
95 357
161 605
425 1597
268 1007
136 511
173 650
177 665
144 541
292 1097
300 1127
152 571
78 293
119 447
242 909
291 1093
127 477
217 815
221 830
274 1029
139 522
143 537
49 184
151 567
155 582
53 199
163 612
224 841
232 871
179 672
248 931
191 717
199 747
203 762
142 533
73 274
77 289
158 593
166 623
174 653
182 683
97 364
101 379
214 803
113 424
121 454
129 484
137 514
149 559
161 604
173 649
189 709
213 799
237 889
269 1009
313 1174
377 1414
469 1759
617 2314
913 3424
1757 6589
4 15
1347 5051
791 2966
559 2096
431 1616
355 1331
299 1121
259 971
227 851
203 761
183 686
167 626
155 581
143 536
135 506
127 476
119 446
111 416
210 787
99 371
95 356
178 667
170 637
83 311
79 296
75 281
146 547
209 783
67 251
130 487
63 236
122 457
59 221
114 427
224 839
216 809
106 397
51 191
149 558
145 543
286 1071
184 689
90 337
133 498
43 161
168 629
207 775
121 453
238 891
347 1299
152 569
187 700
183 685
144 539
424 1587
241 902
136 509
167 625
229 857
97 363
159 595
469 1755
275 1029
151 565
89 333
205 767
201 752
85 318
112 419
193 722
436 1631
374 1399
158 591
104 389
77 288
127 475
50 187
173 647
73 273
169 632
119 445
188 703
349 1305
23 86
226 845
134 501
199 744
153 572
65 243
107 400
233 871
355 1327
145 542
164 613
263 983
80 299
99 370
118 441
175 654
270 1009
783 2926
414 1547
205 766
148 553
110 411
163 609
72 269
178 665
53 198
140 523
208 777
189 706
34 127
219 818
117 437
83 310
181 676
309 1154
113 422
64 239
143 534
173 646
203 758
124 463
154 575
214 799
364 1359
15 56
476 1777
251 937
176 657
131 489
101 377
86 321
228 851
127 474
295 1101
153 571
235 877
220 821
313 1168
149 556
175 653
160 597
212 791
145 541
275 1026
26 97
219 817
141 526
89 332
215 802
226 843
100 373
211 787
37 138
159 593
207 772
133 496
48 179
155 578
166 619
59 220
129 481
221 824
81 302
92 343
103 384
125 466
147 548
180 671
246 917
356 1327
730 2721
1327 4946
458 1707
282 1051
205 764
161 600
128 477
223 831
95 354
84 313
230 857
135 503
62 231
113 421
266 991
193 719
91 339
171 637
40 149
189 704
109 406
69 257
98 365
127 473
243 905
29 108
192 715
134 499
181 674
123 458
217 808
253 942
112 417
65 242
148 551
184 685
119 443
155 577
245 912
497 1850
709 2639
277 1031
169 629
133 495
97 361
79 294
140 521
226 841
104 387
233 867
283 1053
111 413
68 253
161 599
118 439
168 625
318 1183
25 93
232 863
132 491
189 703
139 517
57 212
146 543
210 781
153 569
377 1402
327 1216
135 502
103 383
71 264
110 409
227 844
358 1331
124 461
85 316
177 658
46 171
145 539
152 565
53 197
166 617
173 643
187 695
194 721
208 773
74 275
236 877
169 628
183 680
102 379
109 405
123 457
137 509
158 587
179 665
214 795
263 977
347 1289
501 1861
907 3369
7 26
871 3235
493 1831
339 1259
262 973
213 791
178 661
157 583
136 505
122 453
108 401
101 375
94 349
167 620
80 297
73 271
139 516
257 954
184 683
288 1069
111 412
319 1184
201 746
97 360
232 861
263 976
128 475
204 757
159 590
38 141
183 679
107 397
69 256
100 371
131 486
286 1061
489 1814
179 664
117 434
227 842
306 1135
189 701
79 293
103 382
151 560
247 916
24 89
305 1131
161 597
113 419
89 330
65 241
171 634
147 545
41 152
181 671
99 367
273 1012
191 708
75 278
92 341
109 404
143 530
194 719
330 1223
17 63
435 1612
231 856
163 604
241 893
95 352
78 289
139 515
288 1067
105 389
237 878
291 1078
115 426
71 263
98 363
125 463
206 763
27 100
280 1037
145 537
209 774
155 574
229 848
101 374
212 785
37 137
195 722
205 759
131 485
272 1007
245 907
104 385
275 1018
181 670
191 707
144 533
77 285
87 322
97 359
224 829
127 470
157 581
187 692
247 914
347 1284
617 2283
10 37
633 2342
353 1306
243 899
193 714
153 566
133 492
113 418
196 725
176 651
156 577
209 773
199 736
179 662
169 625
308 1139
245 906
139 514
43 159
205 758
195 721
185 684
142 525
274 1013
419 1549
155 573
211 780
145 536
56 207
135 499
181 669
125 462
171 632
286 1057
23 85
266 983
151 558
105 388
82 303
141 521
272 1005
95 351
131 484
347 1282
265 979
121 447
85 314
183 676
49 181
160 591
235 868
199 735
75 277
251 927
101 373
114 421
140 517
179 661
257 949
439 1621
13 48
549 2027
289 1067
198 731
159 587
120 443
107 395
175 646
149 550
68 251
123 454
55 203
152 561
139 513
265 978
281 1037
113 417
71 262
100 369
129 476
245 904
29 107
219 808
132 487
177 653
193 712
164 605
45 166
151 557
167 616
61 225
215 793
170 627
202 745
125 461
173 638
237 874
461 1700
16 59
355 1309
211 778
147 542
115 424
99 365
233 859
67 247
118 435
220 811
239 881
86 317
121 446
226 833
35 129
194 715
213 785
143 527
54 199
127 468
73 269
92 339
111 409
149 549
225 829
453 1669
725 2671
269 991
174 641
117 431
98 361
79 291
199 733
221 814
101 372
224 825
41 151
145 534
167 615
63 232
233 858
107 394
151 556
217 799
481 1771
487 1793
223 821
135 497
204 751
160 589
254 935
163 600
47 173
166 611
191 703
169 622
122 449
172 633
297 1093
25 92
228 839
153 563
103 379
78 287
184 677
53 195
134 493
190 699
137 504
221 813
28 103
255 938
143 526
202 743
146 537
59 217
239 879
121 445
183 673
31 114
251 923
127 467
96 353
65 239
164 603
133 489
269 989
411 1511
173 636
105 386
71 261
108 397
182 669
37 136
188 691
114 419
194 713
157 577
397 1459
203 746
123 452
209 768
169 621
43 158
175 643
89 327
181 665
46 169
141 518
144 529
291 1069
199 731
101 371
257 944
211 775
107 393
55 202
168 617
171 628
293 1076
119 437
61 224
125 459
64 235
131 481
67 246
207 760
213 782
73 268
149 547
155 569
79 290
82 301
85 312
88 323
91 334
94 345
97 356
100 367
209 767
109 400
227 833
118 433
124 455
130 477
136 499
145 532
154 565
163 598
172 631
184 675
196 719
214 785
232 851
253 928
280 1027
313 1148
355 1302
409 1500
484 1775
592 2171
760 2787
1066 3909
1780 6527
3 11
2612 9577
1316 4825
878 3219
662 2427
530 1943
440 1613
380 1393
332 1217
296 1085
266 975
242 887
221 810
206 755
191 700
179 656
167 612
158 579
149 546
140 513
134 491
128 469
122 447
116 425
223 817
107 392
205 751
98 359
95 348
92 337
89 326
86 315
83 304
243 890
157 575
228 835
74 271
145 531
210 769
68 249
133 487
65 238
127 465
62 227
121 443
59 216
174 637
227 831
221 809
109 399
53 194
156 571
153 560
50 183
197 721
97 355
238 871
279 1021
138 505
135 494
267 977
261 955
129 472
211 772
208 761
41 150
161 589
199 728
117 428
193 706
38 139
187 684
111 406
73 267
108 395
213 779
35 128
207 757
102 373
236 863
166 607
131 479
195 713
32 117
221 808
125 457
93 340
61 223
151 552
209 764
148 541
293 1071
519 1897
200 731
113 413
84 307
194 709
301 1100
136 497
188 687
133 486
211 771
601 2196
335 1224
179 654
228 833
176 643
124 453
222 811
268 979
121 442
72 263
95 347
141 515
187 683
394 1439
572 2089
227 829
135 493
201 734
155 566
66 241
109 398
195 712
364 1329
149 544
169 617
272 993
83 303
103 376
123 449
183 668
323 1179
20 73
337 1230
197 719
137 500
97 354
77 281
134 489
57 208
151 551
131 478
205 748
37 135
165 602
91 332
145 529
54 197
125 456
71 259
88 321
105 383
139 507
173 631
275 1003
581 2119
694 2531
286 1043
184 671
133 485
215 784
181 660
147 536
65 237
113 412
305 1112
223 813
206 751
189 689
141 514
265 966
31 113
200 729
107 390
76 277
121 441
256 933
284 1035
104 379
222 809
250 911
205 747
160 583
188 685
216 787
129 470
171 623
241 878
381 1388
1109 4040
599 2182
291 1060
193 703
151 550
123 448
204 743
176 641
148 539
67 244
120 437
53 193
145 528
223 812
170 619
39 142
181 659
103 375
64 233
153 557
203 739
139 506
239 870
25 91
336 1223
161 586
111 404
86 313
208 757
219 797
97 353
169 615
36 131
227 826
119 433
83 302
177 644
47 171
152 553
163 593
58 211
127 462
69 251
229 833
171 622
193 702
113 411
135 491
157 571
201 731
267 971
421 1531
982 3571
987 3589
426 1549
272 989
206 749
162 589
129 469
225 818
96 349
85 309
233 847
137 498
63 229
115 418
219 796
249 905
238 865
134 487
339 1232
235 854
112 407
71 258
172 625
131 476
251 912
30 109
229 832
139 505
188 683
128 465
275 999
215 781
117 425
68 247
87 316
106 385
144 523
182 661
334 1213
19 69
388 1409
198 719
141 512
103 374
84 305
149 541
241 875
111 403
341 1238
211 766
119 432
246 893
100 363
154 559
289 1049
27 98
224 813
143 519
89 323
151 548
283 1027
97 352
167 606
377 1368
288 1045
148 537
191 693
121 439
207 751
43 156
137 497
94 341
247 896
212 769
110 399
59 214
185 671
67 243
142 515
75 272
83 301
91 330
99 359
107 388
123 446
139 504
155 562
187 678
227 823
291 1055
395 1432
651 2360
1771 6420
1093 3962
533 1932
349 1265
261 946
213 772
173 627
149 540
133 482
117 424
210 761
93 337
85 308
162 587
146 529
69 250
130 471
61 221
114 413
220 797
204 739
98 355
188 681
45 163
172 623
82 297
119 431
230 833
436 1579
177 641
103 373
66 239
161 583
124 449
182 659
530 1919
311 1126
166 601
108 391
79 286
179 648
50 181
121 438
71 257
163 590
113 409
155 561
218 789
449 1625
643 2327
244 883
160 579
118 427
173 626
207 749
186 673
309 1118
233 843
123 445
191 691
34 123
217 785
115 416
81 293
128 463
47 170
154 557
167 604
60 217
133 481
73 264
86 311
99 358
112 405
138 499
177 640
242 875
372 1345
918 3319
772 2791
356 1287
226 817
174 629
135 488
109 394
96 347
83 300
223 806
197 712
241 871
215 777
101 365
233 842
339 1225
119 430
75 271
106 383
168 607
292 1055
452 1633
173 625
111 401
80 289
178 643
49 177
165 596
183 661
219 791
85 307
103 372
139 502
193 697
301 1087
877 3167
473 1708
239 863
167 603
244 881
95 343
77 278
136 491
59 213
159 574
141 509
346 1249
228 823
105 379
233 841
215 776
87 314
110 397
179 646
294 1061
23 83
304 1097
166 599
120 433
171 617
74 267
176 635
51 184
130 469
79 285
107 386
163 588
331 1194
537 1937
201 725
117 422
89 321
211 761
216 779
94 339
160 577
325 1172
368 1327
170 613
104 375
71 256
109 393
185 667
38 137
195 703
119 429
205 739
167 602
43 155
177 638
91 328
139 501
48 173
149 537
255 919
313 1128
164 591
169 609
58 209
121 436
63 227
131 472
68 245
141 508
224 807
78 281
161 580
171 616
181 652
191 688
201 724
108 389
231 832
123 443
133 479
148 533
158 569
178 641
198 713
223 803
258 929
303 1091
368 1325
473 1703
668 2405
1118 4025
5 18
1602 5767
812 2923
547 1969
412 1483
327 1177
277 997
237 853
207 745
182 655
167 601
152 547
137 493
127 457
239 860
112 403
209 752
97 349
92 331
87 313
251 903
159 572
226 813
72 259
139 500
263 946
191 687
305 1097
119 428
57 205
166 597
161 579
52 187
151 543
146 525
47 169
183 658
89 320
131 471
341 1226
247 888
121 435
79 284
153 550
264 949
402 1445
143 514
106 381
69 248
101 363
165 593
325 1168
411 1477
187 672
214 769
150 539
59 212
145 521
199 715
140 503
221 794
27 97
292 1049
157 564
103 370
76 273
125 449
272 977
218 783
120 431
235 844
93 334
115 413
181 650
313 1124
22 79
325 1167
171 614
127 456
188 675
144 517
61 219
161 578
139 499
256 919
368 1321
134 481
95 341
263 944
185 664
202 725
163 585
197 707
124 445
158 567
209 750
379 1360
17 61
420 1507
233 836
165 592
131 470
97 348
80 287
143 513
63 226
109 391
201 721
305 1094
121 434
75 269
104 373
162 581
278 997
29 104
215 771
128 459
169 606
70 251
111 398
193 692
41 147
176 631
94 337
200 717
277 993
118 423
65 233
142 509
243 871
89 319
101 362
125 448
149 534
185 663
245 878
377 1351
797 2856
1099 3938
427 1530
271 971
199 713
151 541
127 455
218 781
91 326
249 892
146 523
67 240
122 437
55 197
153 548
239 856
227 813
375 1343
160 573
265 949
179 641
136 487
260 931
31 111
205 734
143 512
81 290
131 469
50 179
169 605
188 673
226 809
88 315
107 383
145 519
202 723
373 1335
19 68
349 1249
197 705
140 501
223 798
83 297
147 526
64 229
109 390
199 712
341 1220
161 576
258 923
168 601
123 440
175 626
331 1184
26 93
241 862
137 490
196 701
144 515
59 211
151 540
217 776
158 565
356 1273
337 1205
172 615
106 379
73 261
113 404
233 833
40 143
167 597
87 311
134 479
47 168
195 697
101 361
263 940
223 797
115 411
61 218
129 461
68 243
143 511
232 829
82 293
89 318
96 343
103 368
227 811
124 443
138 493
159 568
180 643
208 743
257 918
320 1143
439 1568
684 2443
1608 5743
1577 5632
681 2432
436 1557
317 1132
254 907
212 757
177 632
156 557
142 507
128 457
114 407
207 739
193 689
179 639
165 589
230 821
72 257
137 489
65 232
123 439
58 207
167 596
160 571
51 182
146 521
139 496
271 967
301 1074
125 446
81 289
118 421
266 949
437 1559
178 635
104 371
67 239
164 585
127 453
217 774
30 107
293 1045
143 510
196 699
219 781
242 863
235 838
205 731
175 624
221 788
145 517
237 845
651 2321
407 1451
200 713
131 467
193 688
232 827
62 221
163 581
140 499
257 916
367 1308
172 613
94 335
204 727
236 841
197 702
229 816
87 310
103 367
135 481
167 595
231 823
407 1450
16 57
441 1571
249 887
169 602
137 488
105 374
89 317
73 260
130 463
57 203
155 552
237 844
221 787
41 146
148 527
173 616
66 235
248 883
116 413
166 591
291 1036
25 89
284 1011
159 566
109 388
84 299
202 719
270 961
93 331
127 452
229 815
34 121
179 637
111 395
77 274
120 427
249 886
310 1103
138 491
147 523
303 1078
217 772
113 402
61 217
131 466
70 249
149 530
167 594
185 658
203 722
115 409
124 441
151 537
169 601
214 761
268 953
376 1337
619 2201
1780 6329
965 3431
479 1703
317 1127
236 839
191 679
164 583
137 487
119 423
110 391
193 686
175 622
157 558
74 263
204 725
251 892
177 629
56 199
159 565
150 533
47 167
179 636
217 771
123 437
237 842
38 135
181 643
105 373
67 238
163 579
125 444
183 650
415 1474
397 1410
194 689
107 380
78 277
127 451
274 973
216 767
118 419
69 245
247 877
109 387
149 529
189 671
349 1239
20 71
351 1246
191 678
131 465
111 394
162 575
71 252
122 433
326 1157
184 653
215 763
113 401
175 621
330 1171
445 1579
166 589
104 369
250 887
188 667
157 557
42 149
179 635
95 337
148 525
53 188
117 415
245 869
203 720
75 266
161 571
183 649
108 383
119 422
141 500
174 617
218 773
306 1085
482 1709
1296 4595
860 3049
409 1450
266 943
200 709
167 592
134 475
112 397
101 358
90 319
79 280
147 521
261 925
182 645
57 202
263 932
149 528
46 163
173 613
208 737
116 411
186 659
466 1651
269 953
129 457
94 333
271 960
201 712
83 294
107 379
155 549
227 804
587 2079
421 1491
205 726
133 471
194 687
146 517
61 216
159 563
135 478
209 740
37 131
198 701
211 747
137 485
237 839
263 931
113 400
63 223
139 492
76 269
89 315
102 361
115 407
141 499
180 637
245 867
375 1327
869 3075
886 3135
379 1341
249 881
184 651
145 513
119 421
199 704
173 612
227 803
67 237
188 665
229 810
257 909
95 336
136 481
341 1206
274 969
151 534
248 877
166 587
222 785
153 541
293 1036
28 99
211 746
127 449
99 350
71 251
114 403
200 707
43 152
144 509
101 357
333 1177
189 668
277 979
161 569
191 675
118 417
133 470
178 629
253 894
448 1583
15 53
467 1650
257 908
182 643
137 484
229 809
92 325
246 869
139 491
62 219
171 604
156 551
47 166
173 611
205 724
190 671
143 505
271 957
529 1868
177 625
113 399
81 286
130 459
49 173
164 579
181 639
66 233
232 819
183 646
117 413
151 533
202 713
321 1133
797 2813
597 2107
274 967
189 667
138 487
104 367
87 307
157 554
193 681
176 621
53 187
142 501
214 755
161 568
449 1584
271 956
127 448
91 321
201 709
294 1037
129 455
241 850
93 328
112 395
150 529
226 797
454 1601
19 67
306 1079
192 677
135 476
213 751
175 617
215 758
255 899
217 765
99 349
179 631
40 141
181 638
101 356
223 786
204 719
82 289
103 363
124 437
187 659
292 1029
21 74
380 1339
212 747
149 525
107 377
86 303
216 761
174 613
153 539
329 1159
243 856
111 391
245 863
157 553
203 715
136 479
182 641
343 1208
23 81
278 979
163 574
117 412
94 331
71 250
119 419
215 757
313 1102
121 426
73 257
98 345
123 433
173 609
373 1313
677 2383
227 799
152 535
102 359
77 271
129 454
337 1186
183 644
210 739
185 651
133 468
214 753
484 1703
407 1432
191 672
247 869
83 292
139 489
56 197
141 496
85 299
114 401
201 707
491 1727
350 1231
176 619
118 415
238 837
269 946
151 531
91 320
153 538
246 865
31 109
219 770
126 443
95 334
64 225
161 566
227 798
196 689
493 1733
299 1051
134 471
101 355
68 239
171 601
138 485
278 977
457 1606
177 622
107 376
72 253
109 383
183 643
405 1423
261 917
150 527
189 664
191 671
154 541
427 1500
236 829
119 418
80 281
121 425
244 857
371 1303
166 583
84 295
127 446
256 899
303 1064
131 460
88 309
178 625
45 158
182 639
92 323
186 653
47 165
190 667
96 337
194 681
49 172
149 523
151 530
51 179
206 723
104 365
263 923
214 751
108 379
273 958
222 779
112 393
57 200
173 607
175 614
297 1042
120 421
61 214
124 435
250 877
191 670
258 905
197 691
266 933
203 712
69 242
140 491
71 249
144 505
221 775
75 263
152 533
233 817
79 277
160 561
164 575
83 291
85 298
87 305
265 929
180 631
184 645
188 659
192 673
99 347
101 354
103 361
212 743
109 382
111 389
115 403
117 410
121 424
125 438
127 445
131 459
135 473
141 494
145 508
149 522
155 543
161 564
167 585
173 606
181 634
189 662
197 690
207 725
217 760
227 795
241 844
255 893
271 949
289 1012
309 1082
333 1166
359 1257
393 1376
431 1509
479 1677
539 1887
615 2153
717 2510
859 3007
1071 3749
1423 4981
2119 7417
4151 14529
2 7
2967 10384
1761 6163
1251 4378
971 3398
793 2775
671 2348
581 2033
513 1795
459 1606
415 1452
379 1326
349 1221
323 1130
301 1053
281 983
263 920
249 871
235 822
223 780
213 745
203 710
193 675
185 647
177 619
171 598
165 577
159 556
153 535
147 514
143 500
139 486
135 472
131 458
127 444
123 430
119 416
117 409
113 395
111 388
216 755
105 367
103 360
200 699
196 685
192 671
188 657
184 643
180 629
176 615
172 601
253 884
83 290
245 856
160 559
235 821
77 269
152 531
223 779
73 255
144 503
71 248
209 730
205 716
203 709
199 695
197 688
193 674
191 667
250 873
185 646
61 213
120 419
59 206
175 611
173 604
57 199
112 391
222 775
273 953
108 377
214 747
263 918
104 363
206 719
51 178
151 527
149 520
345 1204
194 677
96 335
143 499
47 164
186 649
92 321
137 478
45 157
223 778
221 771
131 457
260 907
385 1343
170 593
84 293
125 436
289 1008
367 1280
162 565
281 980
119 415
197 687
39 136
193 673
115 401
76 265
113 394
187 652
37 129
220 767
109 380
253 882
179 624
142 495
247 861
35 122
173 603
103 359
239 833
169 589
235 819
167 582
464 1617
328 1143
163 568
97 338
225 784
223 777
95 331
157 547
250 871
31 108
215 749
122 425
91 317
211 735
269 937
89 310
118 411
176 613
379 1320
462 1609
201 700
114 397
85 296
141 491
56 195
139 484
83 289
110 383
164 571
353 1229
646 2249
214 745
133 463
106 369
79 275
183 637
52 181
181 630
77 268
179 623
127 442
202 703
377 1312
623 2168
223 776
148 515
98 341
171 595
194 675
169 588
48 167
167 581
190 661
236 821
94 327
140 487
186 647
347 1207
23 80
297 1033
182 633
249 866
90 313
224 779
245 852
266 925
287 998
285 991
153 532
174 605
216 751
86 299
107 372
128 445
191 664
338 1175
21 73
355 1234
187 650
145 504
103 358
82 285
143 497
61 212
263 914
141 490
341 1185
299 1039
139 483
158 549
59 205
137 476
78 271
97 337
116 403
154 535
211 733
382 1327
19 66
378 1313
207 719
150 521
112 389
93 323
74 257
129 448
294 1021
201 698
91 316
127 441
235 816
36 125
197 684
125 434
142 493
301 1045
229 795
193 670
70 243
87 302
104 361
121 420
155 538
223 774
376 1305
17 59
474 1645
253 878
168 583
134 465
217 753
183 635
149 517
66 229
115 399
213 739
326 1131
130 451
81 281
113 392
177 614
497 1724
303 1051
143 496
111 385
79 274
173 600
47 163
203 704
109 378
62 215
139 482
77 267
261 905
107 371
122 423
152 527
212 735
317 1099
677 2347
958 3321
373 1293
238 825
163 565
133 461
221 766
191 662
161 558
277 960
189 655
58 201
260 901
144 499
402 1393
243 842
114 395
71 246
170 589
127 440
183 634
379 1313
489 1694
209 724
125 433
97 336
69 239
179 620
151 523
438 1517
259 897
136 471
149 516
365 1264
175 606
188 651
281 973
227 786
173 599
199 689
119 412
145 502
171 592
223 772
327 1132
626 2167
13 45
492 1703
284 983
206 713
154 533
128 443
217 751
191 661
165 571
76 263
202 699
239 827
113 391
313 1083
237 820
224 775
211 730
198 685
37 128
246 851
135 467
159 550
61 211
146 505
85 294
109 377
157 543
277 958
24 83
347 1200
179 619
131 453
190 657
225 778
260 899
212 733
94 325
164 567
304 1051
466 1611
186 643
116 401
81 280
173 598
46 159
195 674
103 356
217 750
239 826
125 432
68 235
226 781
169 584
191 660
213 736
123 425
145 501
167 577
211 729
277 957
420 1451
871 3009
1417 4895
515 1779
317 1095
229 791
185 639
152 525
130 449
108 373
97 335
86 297
236 815
214 739
331 1143
181 625
170 587
53 183
148 511
232 801
221 763
42 145
157 542
188 649
73 252
104 359
166 573
321 1108
516 1781
206 711
113 390
82 283
133 459
337 1163
224 773
193 666
304 1049
91 314
111 383
151 521
211 728
371 1280
20 69
369 1273
209 721
149 514
109 376
89 307
227 783
187 645
167 576
49 169
176 607
205 707
185 638
136 469
223 769
542 1869
357 1231
183 631
125 431
163 562
67 231
105 362
143 493
371 1279
275 948
161 555
85 293
132 455
320 1103
244 841
103 355
215 741
345 1189
121 417
65 224
139 479
74 255
157 541
175 603
193 665
211 727
119 410
137 472
155 534
182 627
218 751
272 937
380 1309
596 2053
1496 5153
1186 4085
547 1884
349 1202
259 892
205 706
178 613
151 520
133 458
115 396
106 365
185 637
255 878
79 272
219 754
201 692
192 661
296 1019
113 389
269 926
251 864
242 833
138 475
310 1067
292 1005
120 413
77 265
111 382
179 616
349 1201
399 1373
161 554
220 757
152 523
59 203
143 492
84 289
109 375
159 547
284 977
25 86
316 1087
166 571
116 399
91 313
223 767
173 595
255 877
230 791
41 141
180 619
98 337
212 729
244 839
130 447
308 1059
89 306
105 361
121 416
169 581
217 746
345 1186
889 3056
663 2279
311 1069
199 684
151 519
119 409
103 354
87 299
300 1031
197 677
236 811
259 890
243 835
133 457
250 859
452 1553
179 615
101 347
225 773
209 718
85 292
108 371
154 529
200 687
430 1477
720 2473
260 893
168 577
122 419
175 601
76 261
182 625
53 182
189 649
83 285
113 388
173 594
323 1109
547 1878
217 745
127 436
97 333
67 230
171 587
141 484
252 865
37 127
192 659
118 405
287 985
169 580
433 1486
227 779
234 803
146 501
350 1201
211 724
109 374
341 1170
181 621
188 645
267 916
209 717
223 765
79 271
165 566
179 614
193 662
207 710
114 391
121 415
135 463
149 511
170 583
198 679
233 799
282 967
352 1207
485 1663
779 2671
1948 6679
1531 5249
698 2393
453 1553
341 1169
271 929
222 761
194 665
166 569
152 521
131 449
124 425
110 377
103 353
96 329
89 305
82 281
157 538
218 747
279 956
197 675
251 860
237 812
169 579
54 185
209 716
101 346
195 668
416 1425
134 459
87 298
127 435
327 1120
313 1072
153 524
186 637
252 863
106 363
172 589
469 1606
323 1106
158 541
217 743
151 517
59 202
144 493
85 291
248 849
189 647
319 1092
26 89
253 866
149 510
220 753
168 575
258 883
116 397
296 1013
289 989
154 527
173 592
275 941
230 787
185 633
121 414
159 544
216 739
368 1259
19 65
430 1471
221 756
164 561
126 431
195 667
157 537
69 236
119 407
219 749
281 961
131 448
81 277
112 383
205 701
453 1549
353 1207
167 571
105 359
253 865
191 653
160 547
43 147
227 776
239 817
153 523
55 188
177 605
256 875
213 728
79 270
170 581
194 663
115 393
127 434
163 557
199 680
259 885
391 1336
799 2730
1385 4732
497 1698
305 1042
221 755
173 591
137 468
238 813
101 345
89 304
166 567
219 748
272 929
183 625
171 584
53 181
147 502
229 782
176 601
41 140
193 659
111 379
70 239
169 577
227 775
186 635
331 1130
597 2038
220 751
133 454
179 611
75 256
121 413
305 1041
293 1000
155 529
172 587
269 918
223 761
177 604
211 720
131 447
165 563
233 795
403 1375
17 58
464 1583
260 887
175 597
141 481
107 365
90 307
236 805
202 689
241 822
263 897
246 839
134 457
251 856
39 133
178 607
100 341
222 757
266 907
227 774
188 641
127 433
171 583
281 958
699 2383
467 1592
225 767
159 542
115 392
93 317
71 242
120 409
218 743
49 167
174 593
76 259
179 610
130 443
184 627
400 1363
572 1949
221 753
140 477
199 678
231 787
263 896
209 712
91 310
123 419
219 746
32 109
261 889
165 562
101 344
308 1049
175 596
143 487
254 865
37 126
190 647
116 395
79 269
121 412
247 841
425 1447
173 589
89 303
136 463
371 1263
240 817
245 834
151 514
52 177
161 548
166 565
57 194
176 599
181 616
315 1072
129 439
67 228
139 473
72 245
226 769
159 541
82 279
87 296
271 922
189 643
102 347
107 364
112 381
122 415
259 881
137 466
152 517
162 551
177 602
197 670
222 755
252 857
292 993
347 1180
422 1435
552 1877
787 2676
1372 4665
5 17
1563 5314
843 2866
578 1965
438 1489
358 1217
298 1013
258 877
228 775
203 690
183 622
168 571
153 520
143 486
133 452
123 418
113 384
108 367
103 350
191 649
274 931
88 299
83 282
161 547
229 778
73 248
141 479
68 231
131 445
63 214
184 625
237 805
285 968
111 377
270 917
260 883
255 866
149 506
48 163
187 635
91 309
134 455
263 893
339 1151
167 567
81 275
119 404
195 662
38 129
223 757
147 499
180 611
246 835
104 353
170 577
401 1361
358 1215
160 543
221 750
155 526
61 207
150 509
206 699
145 492
229 777
537 1822
387 1313
191 648
135 458
186 631
209 709
181 614
51 173
125 424
74 251
171 580
217 736
143 485
235 797
488 1655
616 2089
248 841
156 529
110 373
87 295
151 512
64 217
105 356
146 495
392 1329
264 895
141 478
159 539
59 200
195 661
77 261
172 583
113 383
131 444
185 627
257 871
509 1725
18 61
355 1203
211 715
157 532
121 410
188 637
85 288
286 969
183 620
165 559
49 166
178 603
209 708
191 647
142 481
204 691
31 105
292 989
168 569
106 359
75 254
119 403
207 701
44 149
189 640
101 342
215 728
298 1009
127 430
70 237
153 518
179 606
205 694
122 413
135 457
174 589
226 765
317 1073
564 1909
13 44
580 1963
320 1083
229 775
177 599
138 467
237 802
99 335
271 917
159 538
279 944
193 653
60 203
274 927
154 521
47 159
175 592
209 707
196 663
149 504
251 849
34 115
225 761
123 416
89 301
199 673
55 186
131 443
76 257
97 328
118 399
160 541
223 754
454 1535
21 71
302 1021
197 666
134 453
205 693
163 551
71 240
121 409
271 916
279 943
129 436
79 267
108 365
166 561
282 953
29 98
240 811
153 517
219 740
161 544
301 1017
103 348
177 598
362 1223
341 1152
156 527
201 679
209 706
172 581
45 152
188 635
98 331
151 510
53 179
167 564
175 591
61 206
130 439
69 233
146 493
239 807
85 287
271 915
194 655
109 368
117 395
133 449
149 503
173 584
197 665
237 800
293 989
389 1313
589 1988
1189 4013
2195 7408
763 2575
459 1549
331 1117
259 874
211 712
179 604
155 523
139 469
123 415
115 388
206 695
190 641
174 587
241 813
75 253
142 479
67 226
126 425
303 1022
228 769
110 371
314 1059
247 833
239 806
137 462
266 897
379 1278
164 553
199 671
191 644
148 499
288 971
35 118
202 681
132 445
159 536
62 209
151 509
205 691
143 482
197 664
413 1392
532 1793
208 701
154 519
100 337
246 829
192 647
165 556
46 155
203 684
111 374
65 219
149 502
84 283
103 347
141 475
179 603
255 859
540 1819
866 2917
315 1061
201 677
144 485
231 778
280 943
155 522
68 229
117 394
215 724
324 1091
128 431
79 266
109 367
169 569
259 872
30 101
251 845
161 542
101 340
243 818
183 616
153 515
317 1067
339 1141
134 451
93 313
197 663
52 175
167 562
178 599
326 1097
137 461
307 1033
85 286
181 609
107 360
118 397
140 471
162 545
195 656
250 841
360 1211
613 2062
11 37
773 2600
410 1379
278 935
212 713
168 565
146 491
124 417
215 723
193 649
171 575
229 770
218 733
196 659
185 622
337 1133
268 901
152 511
47 158
224 753
213 716
202 679
155 521
299 1005
457 1536
169 568
230 773
158 531
61 205
147 494
197 662
247 830
186 625
311 1045
25 84
314 1055
189 635
253 850
89 299
153 514
64 215
270 907
142 477
298 1001
365 1226
170 571
92 309
145 487
53 178
173 581
187 628
282 947
229 769
176 591
204 685
232 779
137 460
179 601
235 789
347 1165
725 2434
1165 3911
437 1467
269 903
199 668
157 527
129 433
216 725
188 631
160 537
73 245
132 443
59 198
163 547
149 500
284 953
301 1010
121 406
76 255
183 614
138 463
231 775
31 104
296 993
172 577
110 369
79 265
127 426
271 909
305 1023
113 379
243 815
212 711
82 275
181 607
116 389
133 446
184 617
252 845
456 1529
17 57
428 1435
241 808
173 580
139 466
105 352
88 295
159 533
267 895
125 419
54 181
199 667
91 305
128 429
239 801
37 124
205 687
131 439
151 506
322 1079
191 640
211 707
174 583
214 717
137 459
177 593
277 928
617 2067
643 2154
283 948
183 613
143 479
103 345
83 278
146 489
63 211
169 566
149 499
364 1219
281 941
152 509
175 586
287 961
244 817
201 673
135 452
204 683
365 1222
23 77
325 1088
187 626
141 472
95 318
167 559
265 887
170 569
49 164
222 743
124 415
75 251
101 338
127 425
205 686
439 1469
575 1924
237 793
159 532
107 358
81 271
136 455
55 184
194 649
84 281
113 378
142 475
258 863
29 97
293 980
177 592
119 398
241 806
273 913
215 719
93 311
125 418
221 739
32 107
291 973
163 545
99 331
166 555
236 789
102 341
172 575
312 1043
423 1414
178 595
108 361
254 849
184 615
149 498
301 1006
459 1534
193 645
117 391
79 264
120 401
243 812
454 1517
167 558
211 705
214 715
217 725
44 147
179 598
226 755
138 461
279 932
285 952
144 481
147 491
247 825
303 1012
153 511
156 521
53 177
162 541
165 551
333 1112
171 571
174 581
59 197
180 601
183 611
313 1045
127 424
65 217
133 444
68 227
139 464
71 237
145 484
74 247
151 504
234 781
80 267
163 544
169 564
86 287
89 297
92 307
187 624
193 644
199 664
104 347
107 357
110 367
229 764
119 397
247 824
128 427
134 447
140 467
146 487
152 507
161 537
170 567
179 597
191 637
203 677
215 717
230 767
248 827
269 897
296 987
326 1087
362 1207
410 1367
470 1567
551 1837
668 2227
845 2817
1154 3847
1817 6057
4271 14237
4144 13813
1792 5973
1144 3813
841 2803
664 2213
550 1833
469 1563
409 1363
361 1203
325 1083
295 983
271 903
250 833
232 773
214 713
202 673
190 633
178 593
169 563
160 533
154 513
148 493
139 463
133 443
130 433
124 413
118 393
115 383
221 736
215 716
103 343
100 333
97 323
94 313
91 303
179 596
173 576
252 839
82 273
240 799
155 516
76 253
149 496
289 962
213 709
277 922
204 679
265 882
195 649
64 213
125 416
308 1025
180 599
177 589
58 193
171 569
168 559
55 183
162 539
159 529
52 173
205 682
101 336
199 662
49 163
193 642
95 316
187 622
46 153
227 755
224 745
221 735
218 725
43 143
212 705
209 695
206 685
163 542
323 1074
357 1187
157 522
194 645
191 635
151 502
225 748
37 123
219 728
253 841
179 595
247 821
105 349
173 575
377 1253
405 1346
167 555
232 771
164 545
65 216
257 854
127 422
189 628
406 1349
431 1432
183 608
121 402
90 299
208 691
323 1073
146 485
202 671
143 475
199 661
479 1591
473 1571
221 734
137 455
190 631
215 714
187 621
53 176
184 611
78 259
181 601
128 425
178 591
303 1006
25 83
347 1152
197 654
122 405
97 322
241 800
191 634
166 551
47 156
210 697
116 385
69 229
160 531
204 677
135 448
179 594
267 886
641 2127
547 1815
261 866
173 574
129 428
192 637
233 773
274 909
167 554
104 345
186 617
41 136
224 743
243 806
161 534
60 199
139 461
79 262
98 325
117 388
155 514
212 703
345 1144
953 3160
529 1754
263 872
187 620
130 431
111 368
92 305
73 242
127 421
235 779
305 1011
143 474
213 706
159 527
334 1107
471 1561
191 633
121 401
86 285
188 623
51 169
169 560
185 613
67 222
150 497
182 603
214 709
131 434
163 540
211 699
307 1017
611 2024
1197 3965
413 1368
253 838
173 573
141 467
109 361
93 308
170 563
215 712
199 659
228 755
106 351
196 649
45 149
209 692
119 394
74 245
103 341
132 437
219 725
538 1781
390 1291
187 619
129 427
171 566
71 235
113 374
155 513
491 1625
265 877
139 460
249 824
317 1049
233 771
123 407
68 225
149 493
256 847
94 311
107 354
253 837
146 483
185 612
250 827
367 1214
692 2289
13 43
517 1710
309 1022
218 721
179 592
140 463
241 797
101 334
88 291
163 539
287 949
199 658
359 1187
111 367
209 691
49 162
183 605
85 281
121 400
193 638
481 1590
311 1028
167 552
95 314
154 509
59 195
141 466
82 271
105 347
151 499
197 651
358 1183
23 76
332 1097
194 641
148 489
102 337
79 261
135 446
303 1001
257 849
234 773
122 403
188 621
353 1166
472 1559
208 687
251 829
185 611
195 644
162 535
377 1245
268 885
139 459
245 809
255 842
328 1083
116 383
242 799
262 865
209 690
229 756
83 274
176 581
196 647
216 713
123 406
143 472
163 538
193 637
243 802
323 1066
473 1561
923 3046
10 33
667 2201
397 1310
287 947
217 716
177 584
157 518
137 452
117 386
107 353
281 927
87 287
241 795
144 475
67 221
191 630
181 597
332 1095
161 531
151 498
386 1273
225 742
131 432
84 277
158 521
269 887
37 122
212 699
138 455
165 544
64 211
155 511
209 689
145 478
226 745
469 1546
503 1658
233 768
152 501
98 323
169 557
257 847
115 379
247 814
413 1361
149 491
105 346
349 1150
200 659
295 972
173 570
207 682
129 425
163 537
214 705
316 1041
690 2273
857 2823
347 1143
228 751
160 527
126 415
109 359
92 303
75 247
133 438
307 1011
215 708
99 326
140 461
345 1136
311 1024
147 484
171 563
65 214
154 507
89 293
250 823
161 530
281 925
761 2505
439 1445
223 734
151 497
103 339
261 859
213 701
244 803
306 1007
141 464
203 668
148 487
210 691
582 1915
348 1145
162 533
231 760
169 556
69 227
107 352
145 477
335 1102
387 1273
159 523
204 671
211 694
173 569
45 148
232 763
239 786
149 490
357 1174
215 707
111 365
229 753
243 799
125 411
66 217
139 457
73 240
153 503
247 812
87 286
275 904
195 641
108 355
115 378
251 825
136 447
150 493
171 562
192 631
227 746
269 884
325 1068
430 1413
612 2011
1088 3575
7 23
1138 3739
627 2060
431 1416
333 1094
270 887
228 749
193 634
172 565
151 496
137 450
253 831
116 381
109 358
197 647
183 601
88 289
81 266
155 509
74 243
208 683
67 220
127 417
60 197
173 568
166 545
53 174
205 673
99 325
145 476
46 151
223 732
131 430
294 965
163 535
280 919
422 1385
188 617
110 361
71 233
174 571
135 443
199 653
455 1493
409 1342
185 607
121 397
89 292
203 666
57 187
139 456
82 269
107 351
157 515
232 761
457 1499
643 2109
243 797
168 551
118 387
93 305
297 974
179 587
154 505
283 928
448 1469
147 482
104 341
287 941
201 659
219 718
176 577
212 695
133 436
169 554
223 731
367 1203
997 3268
569 1865
281 921
191 626
155 508
119 390
184 603
83 272
213 698
307 1006
112 367
206 675
47 154
170 557
199 652
257 842
105 344
163 534
279 914
29 95
272 891
156 511
225 737
167 547
69 226
109 357
149 488
389 1274
331 1084
171 560
91 298
142 465
51 167
215 704
113 370
299 979
197 645
208 681
230 753
84 275
274 897
201 658
117 383
139 455
161 527
183 599
238 779
315 1031
480 1571
997 3263
1478 4837
565 1849
345 1129
257 841
202 661
169 553
136 445
125 409
217 710
195 638
173 566
232 759
291 952
199 651
188 615
343 1122
273 893
155 507
48 157
229 749
218 713
207 677
159 520
307 1004
507 1658
174 569
237 775
163 533
63 206
152 497
204 667
141 461
193 631
349 1141
26 85
301 984
171 559
119 389
93 304
227 742
242 791
108 353
190 621
41 134
220 719
138 451
153 500
321 1049
239 781
198 647
71 232
243 794
187 611
217 709
131 428
161 526
206 673
296 967
506 1653
15 49
559 1826
304 993
214 699
169 552
139 454
109 356
94 307
252 823
143 467
335 1094
177 578
162 529
309 1009
279 911
132 431
83 271
117 382
185 604
525 1714
325 1061
155 506
208 679
227 741
193 630
53 173
178 581
269 878
163 532
91 297
110 359
148 483
186 607
300 979
661 2157
726 2369
308 1005
194 633
156 509
118 385
99 323
80 261
141 460
61 199
164 535
248 809
229 747
42 137
191 623
107 349
237 773
218 711
88 287
111 362
134 437
203 662
341 1112
23 75
372 1213
211 688
142 463
215 701
169 551
73 238
123 401
273 890
327 1066
127 414
77 251
181 590
131 427
185 603
320 1043
27 88
301 981
166 541
112 365
85 277
143 466
58 189
205 668
89 290
120 391
182 593
337 1098
624 2033
221 720
128 417
97 316
229 746
233 759
101 329
171 557
276 899
35 114
214 697
144 469
183 596
261 850
113 368
230 749
39 127
238 775
121 394
82 267
125 407
211 687
43 140
176 573
223 726
227 739
231 752
47 153
192 625
98 319
200 651
51 166
157 511
106 345
271 882
279 908
114 371
232 755
240 781
122 397
63 205
193 628
197 641
205 667
209 680
217 706
221 719
229 745
79 257
162 527
253 823
87 283
269 875
186 605
194 631
202 657
210 683
111 361
115 374
242 787
127 413
135 439
143 465
151 491
159 517
171 556
183 595
195 634
215 699
235 764
259 842
287 933
323 1050
371 1206
435 1414
527 1713
671 2181
915 2974
1451 4716
3503 11385
3129 10169
1385 4501
889 2889
657 2135
521 1693
429 1394
365 1186
321 1043
285 926
257 835
233 757
213 692
197 640
181 588
169 549
157 510
149 484
141 458
133 432
254 825
121 393
230 747
109 354
105 341
101 328
97 315
93 302
271 880
174 565
251 815
81 263
158 513
227 737
223 724
215 698
280 909
203 659
199 646
256 831
126 409
61 198
179 581
175 568
57 185
167 542
163 529
375 1217
208 675
102 331
151 490
49 159
192 623
237 769
139 451
274 889
356 1155
176 571
86 279
127 412
209 678
41 133
201 652
119 386
78 253
115 373
152 493
337 1093
403 1307
181 587
107 347
247 801
173 561
103 334
169 548
334 1083
557 1806
227 736
128 415
95 308
219 710
277 898
244 791
120 389
149 483
265 859
29 94
315 1021
170 551
112 363
83 269
137 444
299 969
241 781
133 431
79 256
104 337
129 418
204 661
379 1228
25 81
296 959
171 554
121 392
96 311
238 771
188 609
163 528
301 975
297 962
159 515
180 583
356 1153
243 787
197 638
130 421
172 557
235 761
445 1441
21 68
353 1143
206 667
143 463
223 722
181 586
80 259
198 641
59 191
156 505
232 751
173 560
477 1544
321 1039
169 547
93 301
148 479
55 178
182 589
199 644
233 754
89 288
195 631
123 398
157 508
208 673
293 948
565 1828
17 55
421 1362
251 812
183 592
149 482
115 372
98 317
81 262
145 469
64 207
175 566
158 511
393 1271
265 857
124 401
77 249
184 595
137 443
227 734
527 1704
403 1303
193 624
133 430
176 569
73 236
116 375
202 653
43 139
228 737
142 459
155 501
323 1044
237 766
125 404
69 223
151 488
259 837
95 307
108 349
255 824
147 475
186 601
238 769
342 1105
589 1903
13 42
672 2171
360 1163
256 827
191 617
152 491
126 407
113 365
100 323
87 281
235 759
209 675
196 633
353 1140
109 352
157 507
48 155
227 733
214 691
284 917
153 494
223 720
35 113
267 862
162 523
92 297
149 481
57 184
193 623
215 694
180 581
224 723
145 468
211 681
343 1107
22 71
427 1378
229 739
163 526
119 384
97 313
75 242
203 655
234 755
53 171
137 442
84 271
115 371
177 571
301 971
31 100
257 829
164 529
102 329
244 787
182 587
262 845
231 745
40 129
209 674
129 416
89 287
187 603
49 158
205 661
107 345
223 719
299 964
125 403
67 216
210 677
76 245
161 519
85 274
94 303
103 332
112 361
251 809
139 448
157 506
184 593
220 709
274 883
355 1144
517 1666
958 3087
9 29
842 2713
482 1553
338 1089
266 857
212 683
185 596
158 509
140 451
122 393
113 364
199 641
276 889
86 277
240 773
222 715
281 905
195 628
186 599
59 190
168 541
159 512
409 1317
241 776
232 747
223 718
173 557
41 132
278 895
155 499
187 602
251 808
105 338
169 544
297 956
32 103
247 795
151 486
206 663
229 737
252 811
353 1136
133 428
78 251
280 901
124 399
170 547
239 769
515 1657
704 2265
290 933
175 563
129 415
106 341
83 267
143 460
60 193
157 505
231 743
171 550
393 1264
384 1235
162 521
213 685
227 730
190 611
51 164
167 537
181 582
65 209
144 463
79 254
93 299
107 344
121 389
149 479
177 569
233 749
331 1064
583 1874
14 45
579 1861
327 1051
229 736
173 556
145 466
117 376
103 331
89 286
164 527
286 919
197 633
61 196
169 543
155 498
390 1253
268 861
127 408
80 257
113 363
146 469
278 893
33 106
250 803
151 485
203 652
222 713
189 607
52 167
175 562
194 623
232 745
90 289
109 350
128 411
166 533
242 777
413 1326
19 61
461 1480
252 809
176 565
138 443
219 703
181 581
224 719
205 658
291 934
105 337
148 475
363 1165
325 1043
153 491
177 568
67 215
158 507
206 661
254 815
187 600
283 908
787 2525
461 1479
221 709
149 478
226 725
178 571
77 247
130 417
395 1267
241 773
217 696
193 619
251 805
169 542
314 1007
29 93
266 853
150 481
121 388
247 792
281 901
223 715
97 311
131 420
233 747
34 109
311 997
175 561
107 343
326 1045
185 593
151 484
268 859
39 125
200 641
122 391
83 266
127 407
259 830
44 141
181 580
230 737
142 455
289 926
299 958
152 487
157 503
373 1195
221 708
113 362
231 740
241 772
123 394
64 205
197 631
202 647
212 679
217 695
227 727
311 996
163 522
84 269
89 285
183 586
193 618
203 650
213 682
114 365
119 381
253 810
134 429
144 461
154 493
169 541
184 589
199 637
224 717
249 797
284 909
324 1037
389 1245
479 1533
619 1981
889 2845
1574 5037
5 16
1701 5443
931 2979
641 2051
486 1555
396 1267
331 1059
286 915
251 803
226 723
201 643
186 595
171 547
156 499
146 467
136 435
126 403
121 387
227 726
217 694
101 323
197 630
187 598
177 566
86 275
81 259
157 502
76 243
147 470
71 227
137 438
66 211
127 406
249 796
239 764
117 374
285 911
275 879
107 342
158 505
51 163
199 636
97 310
143 457
327 1045
317 1013
133 425
87 278
128 409
251 802
41 131
200 639
118 377
77 246
190 607
149 476
293 936
36 115
211 674
139 444
170 543
67 214
165 527
227 725
160 511
284 907
31 99
274 875
150 479
207 661
233 744
202 645
368 1175
140 447
83 265
109 348
161 514
213 680
447 1427
671 2142
255 814
177 565
125 399
172 549
73 233
120 383
214 683
47 150
209 667
115 367
68 217
157 501
89 284
110 351
152 485
194 619
299 954
761 2428
583 1860
268 855
184 587
142 453
221 705
179 571
216 689
195 622
58 185
153 488
227 724
169 539
354 1129
460 1467
201 641
127 405
233 743
196 625
53 169
175 558
191 609
292 931
239 762
186 593
218 695
133 424
165 526
213 679
293 934
549 1750
16 51
491 1565
283 902
203 647
155 494
123 392
107 341
91 290
241 768
209 666
193 615
59 188
161 513
145 462
231 736
43 137
199 634
113 360
323 1029
167 532
97 309
151 481
205 653
394 1255
740 2357
254 809
173 551
119 379
92 293
222 707
298 949
103 328
141 449
293 933
543 1729
201 640
125 398
87 277
185 589
430 1369
256 815
109 347
169 538
60 191
131 417
71 226
153 487
82 261
268 853
197 627
115 366
126 401
148 471
170 541
203 646
269 856
357 1136
577 1836
1501 4776
1073 3414
501 1594
336 1069
248 789
193 614
160 509
138 439
127 404
221 703
199 633
177 563
238 757
227 722
205 652
194 617
355 1129
283 900
161 512
50 159
189 601
228 725
217 690
167 531
440 1399
340 1081
145 461
106 337
307 976
229 728
95 302
123 391
179 569
347 1103
28 89
269 855
157 499
230 731
174 553
73 232
118 375
208 661
45 143
197 626
107 340
169 537
389 1236
141 448
79 251
96 305
113 359
130 413
164 521
232 737
351 1115
776 2465
873 2773
363 1153
227 721
176 559
142 451
108 343
91 289
165 524
74 235
131 416
57 181
211 670
97 308
137 435
297 943
40 127
183 581
246 781
166 527
63 200
149 473
86 273
109 346
155 492
201 638
362 1149
23 73
374 1187
213 676
144 457
219 695
173 549
75 238
127 403
231 733
341 1082
133 422
81 257
191 606
139 441
226 717
487 1545
499 1583
209 663
151 479
215 682
157 498
64 203
163 517
233 739
169 536
309 980
566 1795
216 685
146 463
187 593
269 853
117 371
240 761
41 130
211 669
129 409
88 279
182 577
417 1322
241 764
147 466
153 485
312 989
271 859
112 355
171 542
59 187
124 393
254 805
266 843
207 656
71 225
225 713
237 751
243 770
172 545
273 865
95 301
101 320
107 339
113 358
244 773
131 415
143 453
155 491
167 529
185 586
209 662
239 757
275 871
323 1023
395 1251
515 1631
731 2315
1253 3968
6 19
1561 4943
823 2606
559 1770
427 1352
343 1086
289 915
247 782
217 687
193 611
175 554
157 497
145 459
133 421
127 402
115 364
109 345
103 326
97 307
91 288
176 557
249 788
79 250
152 481
73 231
140 443
67 212
128 405
250 791
299 946
116 367
226 715
324 1025
159 503
153 484
300 949
337 1066
141 446
92 291
178 563
350 1107
338 1069
166 525
203 642
197 623
154 487
228 721
37 117
253 800
142 449
278 879
68 215
167 528
229 724
161 509
254 803
31 98
304 961
180 569
118 373
87 275
143 452
56 177
193 610
218 689
187 591
237 749
156 493
256 809
531 1678
594 1877
269 850
169 534
119 376
94 297
232 733
251 793
113 357
201 635
44 139
195 616
107 338
170 537
63 199
145 458
82 259
101 319
120 379
158 499
215 679
329 1039
728 2299
754 2381
336 1061
203 641
165 521
127 401
197 622
248 783
299 944
191 603
172 543
376 1187
236 745
134 423
83 262
115 363
179 565
371 1171
621 1960
237 748
141 445
186 587
77 243
122 385
212 669
45 142
193 609
103 325
161 508
58 183
187 590
200 631
226 713
323 1019
181 571
207 653
233 735
136 429
162 511
201 634
266 839
396 1249
734 2315
13 41
579 1826
345 1088
241 760
189 596
150 473
261 823
111 350
98 309
268 845
157 495
72 227
131 413
249 785
282 889
105 331
151 476
381 1201
263 829
125 394
79 249
191 602
145 457
211 665
640 2017
350 1103
185 583
119 375
86 271
139 438
404 1273
232 731
126 397
73 230
166 523
206 649
133 419
173 545
233 734
393 1238
20 63
487 1534
267 841
187 589
274 863
107 337
87 274
154 485
67 211
181 570
161 507
396 1247
262 825
121 381
269 847
175 551
229 721
155 488
236 743
479 1508
601 1892
250 787
169 532
115 362
88 277
149 469
61 192
156 491
95 299
163 513
265 834
34 107
279 878
143 450
109 343
75 236
191 601
157 494
321 1010
417 1312
171 538
219 689
226 711
233 733
48 151
199 626
103 324
213 670
55 173
172 541
179 563
62 195
193 607
269 846
214 673
221 695
235 739
83 261
173 544
187 588
298 937
104 327
229 720
125 393
132 415
146 459
160 503
181 569
202 635
237 745
279 877
335 1053
433 1361
608 1911
1007 3165
7 22
1506 4733
757 2379
505 1587
379 1191
302 949
253 795
218 685
190 597
169 531
155 487
141 443
127 399
120 377
219 688
205 644
191 600
269 845
85 267
241 757
227 713
220 691
206 647
199 625
64 201
121 380
235 738
335 1052
164 515
157 493
357 1121
243 763
143 449
229 719
179 562
480 1507
294 923
165 518
280 879
194 609
151 474
223 700
36 113
281 882
137 430
101 317
231 725
289 907
253 794
217 681
152 477
268 841
29 91
370 1161
196 615
138 433
189 593
80 251
131 411
386 1211
277 869
124 389
73 229
168 527
307 963
256 803
161 505
249 781
469 1471
22 69
345 1082
213 668
147 461
228 715
184 577
302 947
199 624
59 185
155 486
96 301
170 533
281 881
37 116
200 627
126 395
89 279
141 442
401 1257
223 699
119 373
320 1003
216 677
82 257
179 561
209 655
239 749
142 445
172 539
232 727
337 1056
652 2043
15 47
518 1623
308 965
218 683
173 542
143 448
113 354
98 307
264 827
151 473
68 213
189 592
174 545
53 166
197 617
235 736
220 689
167 523
433 1356
365 1143
175 548
236 739
160 501
61 191
145 454
84 263
191 598
130 407
176 551
268 839
567 1775
698 2185
284 889
192 601
269 842
100 313
177 554
208 651
185 579
54 169
193 604
224 701
201 629
147 460
209 654
488 1527
442 1383
194 607
132 413
101 316
311 973
179 560
109 341
187 585
538 1683
281 879
164 513
211 660
219 685
180 563
47 147
196 613
251 785
157 491
55 172
228 713
118 369
63 197
197 616
205 641
292 913
229 716
245 766
87 272
277 866
198 619
214 669
119 372
127 397
143 447
159 497
183 572
207 647
239 747
295 922
375 1172
519 1622
839 2622
2247 7022
1473 4603
705 2203
465 1453
345 1078
273 853
233 728
193 603
169 528
153 478
137 428
250 781
113 353
105 328
97 303
275 859
170 531
81 253
227 709
284 887
203 634
65 203
122 381
236 737
391 1221
163 509
155 484
302 943
335 1046
139 434
90 281
131 409
254 793
41 128
197 615
115 359
263 821
181 565
247 771
173 540
338 1055
619 1932
223 696
157 490
306 955
149 465
381 1189
199 621
224 699
191 596
241 752
158 493
233 727
483 1507
717 2237
267 833
167 521
259 808
301 939
159 496
67 209
176 549
151 471
277 864
42 131
185 577
244 761
160 499
59 184
194 605
211 658
245 764
93 290
110 343
127 396
161 502
212 661
314 979
620 1933
17 53
434 1353
264 823
196 611
145 452
239 745
205 639
171 533
77 240
137 427
377 1175
223 695
103 321
189 589
404 1259
327 1019
155 483
181 564
69 215
164 511
216 673
147 458
199 620
355 1106
26 81
347 1081
191 595
139 433
200 623
235 732
209 651
340 1059
157 489
227 707
166 517
341 1062
639 1990
219 682
149 464
193 601
281 875
167 520
299 931
449 1398
185 576
97 302
150 467
415 1292
221 688
115 358
239 744
257 800
133 414
71 221
151 470
80 249
258 803
187 582
205 638
223 694
125 389
134 417
152 473
170 529
206 641
242 753
296 921
395 1229
593 1845
1160 3609
9 28
811 2523
487 1515
352 1095
271 843
226 703
190 591
163 507
145 451
127 395
118 367
209 650
291 905
91 283
255 793
155 482
73 227
137 426
265 824
247 768
119 370
284 883
266 827
257 799
147 457
285 886
451 1402
175 544
212 659
203 631
157 488
231 718
37 115
250 777
139 432
102 317
232 721
223 693
251 780
121 376
149 463
233 724
597 1855
467 1451
215 668
159 494
103 320
253 786
272 845
169 525
310 963
348 1081
160 497
179 556
66 205
151 469
85 264
104 323
123 382
161 500
199 618
313 972
655 2034
941 2922
352 1093
219 680
162 503
124 385
105 326
86 267
153 475
67 208
182 565
163 506
355 1102
317 984
125 388
279 866
183 568
241 748
164 509
280 869
29 90
358 1111
184 571
126 391
97 301
233 723
311 965
107 332
146 453
302 937
556 1725
205 636
127 394
88 273
137 425
382 1185
255 791
157 487
167 518
59 183
187 580
197 611
355 1101
148 459
326 1011
257 797
188 583
208 645
228 707
129 400
149 462
169 524
199 617
239 741
299 927
409 1268
659 2043
1689 5236
1261 3909
591 1832
381 1181
281 871
231 716
191 592
161 499
141 437
252 781
111 344
101 313
283 877
172 533
314 973
223 691
274 849
132 409
61 189
173 536
275 852
265 821
347 1075
143 443
92 285
133 412
297 920
41 127
195 604
113 350
257 796
247 765
103 319
165 511
258 799
692 2143
362 1121
176 545
259 802
197 610
218 675
187 579
52 161
177 548
198 613
73 226
261 808
209 647
136 421
178 551
241 746
451 1396
21 65
389 1204
221 684
158 489
253 783
211 653
169 523
74 229
127 393
233 721
350 1083
138 427
85 263
117 362
181 560
277 857
32 99
299 925
171 529
107 331
257 795
268 829
118 365
247 764
43 133
226 699
237 733
151 467
259 801
335 1036
292 903
184 569
336 1039
141 436
76 235
250 773
185 572
98 303
109 337
251 776
142 439
164 507
197 609
252 779
329 1017
483 1493
912 2819
11 34
705 2179
419 1295
298 921
232 717
188 581
155 479
277 856
122 377
211 652
289 893
89 275
245 757
223 689
212 655
257 794
123 380
291 899
269 831
258 797
146 451
236 729
45 139
169 522
203 627
79 244
113 349
181 559
283 874
34 105
261 806
159 491
216 667
148 457
262 809
308 951
137 423
80 247
103 318
126 389
172 531
241 744
471 1454
23 71
334 1031
196 605
150 463
231 713
185 571
301 929
197 608
58 179
151 466
93 287
128 395
198 611
548 1691
362 1117
187 577
117 361
82 253
129 398
223 688
47 145
200 617
106 327
165 509
59 182
189 583
272 839
225 694
237 731
178 549
297 916
107 330
250 771
143 441
167 515
203 626
263 811
371 1144
599 1847
1727 5325
937 2889
469 1446
313 965
229 706
193 595
157 484
133 410
121 373
206 635
279 860
85 262
158 487
353 1088
134 413
61 188
171 527
110 339
208 641
49 151
184 567
221 681
209 644
160 493
271 835
37 114
247 761
136 419
99 305
223 687
335 1032
149 459
286 881
112 345
162 499
237 730
487 1500
763 2350
288 887
188 579
138 425
201 619
239 736
214 659
290 893
265 816
139 428
215 662
38 117
279 859
165 508
216 665
229 705
242 745
51 157
166 511
179 551
64 197
205 631
295 908
167 514
90 277
103 317
116 357
129 397
155 477
194 597
246 757
337 1037
545 1677
1481 4557
911 2803
443 1363
300 923
222 683
183 563
144 443
131 403
223 686
197 606
171 526
79 243
145 446
66 203
185 569
172 529
53 163
252 775
239 735
226 695
173 532
453 1393
347 1067
187 575
107 329
241 741
228 701
94 289
121 372
148 455
229 704
526 1617
581 1786
257 790
176 541
122 375
95 292
231 710
245 753
109 335
191 587
396 1217
342 1051
178 547
96 295
151 464
371 1140
234 719
124 381
69 212
221 679
83 255
180 553
208 639
236 725
139 427
167 513
209 642
279 857
433 1330
965 2964
1163 3572
477 1465
295 906
225 691
169 519
141 433
240 737
212 651
184 565
85 261
227 697
270 829
128 393
356 1093
214 657
257 789
143 439
272 835
43 132
201 617
115 353
259 795
245 752
101 310
289 887
217 666
449 1378
624 1915
247 758
160 491
233 715
175 537
73 224
117 359
205 629
513 1574
279 856
147 451
265 813
280 859
251 770
133 408
74 227
163 500
282 865
104 319
119 365
149 457
179 549
239 733
344 1055
629 1929
15 46
571 1751
331 1015
226 693
181 555
151 463
121 371
106 325
91 279
243 745
289 886
198 607
61 187
168 515
260 797
245 751
46 141
215 659
123 377
77 236
185 567
139 426
201 616
418 1281
605 1854
233 714
140 429
109 334
78 239
203 622
172 527
47 144
251 769
267 818
173 530
63 193
142 435
79 242
174 533
206 631
238 729
143 438
175 536
223 683
335 1026
607 1859
16 49
513 1571
305 934
209 640
161 493
129 395
113 346
97 297
259 793
227 695
276 845
244 747
114 349
212 649
49 150
180 551
213 652
279 854
115 352
181 554
346 1059
33 101
248 759
149 456
199 609
83 254
133 407
333 1019
317 970
167 511
184 563
67 205
151 462
84 257
101 309
118 361
152 465
186 569
237 725
373 1141
849 2597
902 2759
392 1199
239 731
188 575
154 471
120 367
103 315
86 263
155 474
69 211
190 581
173 529
52 159
191 584
226 691
209 639
157 480
262 801
35 107
298 911
158 483
211 645
317 969
194 593
53 162
230 703
124 379
71 217
160 489
89 272
107 327
125 382
161 492
215 657
323 987
647 1977
1171 3578
415 1268
253 773
181 553
145 443
236 721
200 611
164 501
73 223
201 614
183 559
55 168
202 617
92 281
129 394
203 620
499 1524
352 1075
167 510
223 681
242 739
205 626
411 1255
131 400
281 858
169 516
94 287
113 345
283 864
189 577
246 751
417 1273
19 58
552 1685
286 873
191 583
153 467
115 351
307 937
173 528
77 235
135 412
58 177
213 650
97 296
136 415
214 653
39 119
293 894
137 418
98 299
157 479
59 180
197 601
296 903
178 543
99 302
258 787
159 485
219 668
339 1034
859 2620
681 2077
321 979
201 613
161 491
121 369
101 308
263 802
142 433
264 805
285 869
265 808
143 436
225 686
41 125
226 689
144 439
268 817
351 1070
207 631
228 695
187 570
104 317
271 826
188 573
251 765
461 1405
21 64
400 1219
232 707
169 515
127 387
106 323
85 259
149 454
64 195
171 521
107 326
193 588
537 1636
280 853
151 460
173 527
65 198
217 661
87 265
196 597
131 399
175 533
241 734
395 1203
22 67
419 1276
243 740
177 539
133 405
200 609
245 746
223 679
313 953
112 341
202 615
472 1437
293 892
158 481
181 551
68 207
159 484
91 277
114 347
160 487
229 697
367 1117
23 70
438 1333
231 703
162 493
255 776
302 919
163 496
70 213
187 569
164 499
399 1214
306 931
165 502
189 575
71 216
261 794
214 651
143 435
191 581
311 946
815 2479
529 1609
265 806
169 514
121 368
97 295
170 517
341 1037
122 371
220 669
49 149
172 523
197 599
74 225
173 526
223 678
149 453
224 681
374 1137
25 76
351 1067
201 611
151 459
227 690
177 538
76 231
127 386
229 696
485 1474
179 544
205 623
257 781
103 313
129 392
181 550
311 945
26 79
417 1267
235 714
157 477
236 717
184 559
290 881
185 562
397 1206
239 726
133 404
80 243
294 893
134 407
188 571
323 981
27 82
379 1151
217 659
136 413
109 331
82 249
137 416
247 750
413 1254
138 419
83 252
194 589
139 422
195 592
335 1017
28 85
337 1023
197 598
141 428
198 601
312 947
199 604
57 173
200 607
315 956
201 610
144 437
202 613
376 1141
29 88
291 883
175 531
117 355
88 267
147 446
324 983
266 807
237 719
208 631
149 452
209 634
419 1271
721 2187
271 822
151 458
121 367
91 276
213 646
61 185
153 464
92 279
123 373
185 561
371 1125
31 94
249 755
156 473
219 664
251 761
283 858
284 861
253 767
222 673
159 482
287 870
32 97
321 973
193 585
129 391
259 785
227 688
293 888
261 791
131 397
197 597
362 1097
33 100
232 703
166 503
100 303
167 506
67 203
168 509
236 715
169 512
339 1027
34 103
239 724
137 415
103 312
241 730
311 942
104 315
139 421
244 739
629 1905
351 1063
176 533
247 748
177 536
71 215
285 863
143 433
215 651
36 109
325 984
181 548
109 330
255 772
256 775
110 333
184 557
332 1005
556 1683
223 675
261 790
187 566
338 1023
113 342
189 572
341 1032
571 1728
229 693
268 811
192 581
270 817
116 351
194 587
545 1649
313 947
157 475
118 357
79 239
119 360
159 481
359 1086
441 1334
201 608
121 366
81 245
122 369
204 617
409 1237
370 1119
165 499
207 626
83 251
125 378
251 759
42 127
253 765
127 384
85 257
128 387
214 647
558 1687
302 913
173 523
304 919
218 659
175 529
44 133
265 801
133 402
89 269
134 405
224 677
45 136
226 683
136 411
228 689
183 553
413 1248
323 976
139 420
93 281
140 423
281 849
424 1281
189 571
95 287
143 432
287 867
433 1308
193 583
97 293
146 441
342 1033
295 891
148 447
99 299
199 601
50 151
201 607
252 761
152 459
305 921
307 927
154 465
258 779
259 782
52 157
157 474
105 317
211 637
53 160
160 483
107 323
215 649
54 163
163 492
109 329
274 827
386 1165
166 501
167 504
335 1011
281 848
113 341
227 685
57 172
172 519
173 522
347 1047
233 703
117 353
235 709
355 1071
297 896
179 540
60 181
181 546
182 549
61 184
184 555
185 558
62 187
187 564
188 567
63 190
190 573
191 576
321 968
129 389
324 977
261 787
197 594
66 199
199 600
200 603
336 1013
135 407
68 205
205 618
275 829
277 835
209 630
70 211
141 425
71 214
214 645
287 865
217 654
218 657
293 883
221 666
297 895
224 675
301 907
227 684
305 919
230 693
309 931
233 702
235 708
236 711
238 717
80 241
161 485
81 244
163 491
247 744
248 747
167 503
84 253
169 509
256 771
86 259
173 521
262 789
88 265
177 533
268 807
90 271
272 819
183 551
277 834
93 280
281 846
189 569
286 861
96 289
97 292
293 882
197 593
199 599
201 605
101 304
102 307
103 310
104 313
105 316
106 319
107 322
108 325
109 328
110 331
111 334
112 337
113 340
229 689
231 695
117 352
118 355
119 358
241 725
122 367
123 370
249 749
126 379
127 382
257 773
130 391
263 791
133 400
135 406
136 409
138 415
140 421
141 424
143 430
145 436
147 442
149 448
151 454
153 460
155 466
157 472
159 478
161 484
164 493
166 499
168 505
171 514
173 520
176 529
179 538
182 547
185 556
188 565
191 574
194 583
197 592
201 604
204 613
208 625
212 637
216 649
220 661
224 673
229 688
233 700
238 715
243 730
249 748
254 763
260 781
266 799
272 817
279 838
286 859
293 880
301 904
309 928
317 952
326 979
336 1009
346 1039
357 1072
368 1105
380 1141
393 1180
407 1222
422 1267
438 1315
456 1369
475 1426
495 1486
518 1555
542 1627
569 1708
599 1798
632 1897
668 2005
710 2131
757 2272
810 2431
872 2617
944 2833
1028 3085
1129 3388
1253 3760
1407 4222
1603 4810
1864 5593
2226 6679
2763 8290
3641 10924
5336 16009
9985 29956
1 3
8474 25421
4872 14615
3419 10256
2634 7901
2142 6425
1805 5414
1559 4676
1373 4118
1226 3677
1108 3323
1010 3029
928 2783
859 2576
799 2396
747 2240
702 2105
661 1982
625 1874
593 1778
564 1691
537 1610
513 1538
492 1475
471 1412
453 1358
436 1307
420 1259
405 1214
391 1172
378 1133
366 1097
355 1064
344 1031
334 1001
325 974
316 947
308 923
300 899
292 875
285 854
278 833
271 812
265 794
259 776
253 758
248 743
243 728
238 713
233 698
228 683
224 671
220 659
216 647
212 635
208 623
204 611
201 602
197 590
194 581
191 572
188 563
185 554
182 545
179 536
176 527
174 521
171 512
168 503
166 497
164 491
161 482
159 476
157 470
155 464
153 458
151 452
149 446
147 440
145 434
143 428
142 425
140 419
138 413
273 817
135 404
267 799
132 395
130 389
129 386
255 763
126 377
125 374
247 739
122 365
121 362
239 715
237 709
117 350
116 347
115 344
227 679
225 673
223 667
221 661
219 655
217 649
215 643
213 637
211 631
209 625
207 619
205 613
203 607
302 903
100 299
99 296
98 293
195 583
193 577
287 858
95 284
94 281
187 559
185 553
92 275
91 272
181 541
269 804
89 266
177 529
263 786
87 260
173 517
257 768
85 254
169 505
84 251
250 747
248 741
82 245
163 487
81 242
161 481
319 953
238 711
236 705
313 935
233 696
309 923
230 687
305 911
227 678
301 899
224 669
297 887
221 660
220 657
218 651
217 648
359 1072
143 427
71 212
141 421
351 1048
209 624
208 621
344 1027
137 409
68 203
203 606
202 603
334 997
133 397
331 988
197 588
196 585
65 194
194 579
193 576
64 191
127 379
253 755
314 937
125 373
249 743
309 922
123 367
245 731
365 1089
121 361
181 540
60 179
179 534
178 531
59 176
176 525
117 349
291 868
289 862
115 343
172 513
57 170
170 507
113 337
281 838
335 999
167 498
166 495
331 987
274 817
273 814
163 486
433 1291
269 802
268 799
160 477
372 1109
264 787
263 784
157 468
313 933
363 1082
155 462
257 766
205 611
51 152
203 605
101 301
151 450
351 1046
299 891
149 444
99 295
197 587
49 146
244 727
146 435
242 721
193 575
48 143
239 712
143 426
237 706
189 563
471 1403
281 837
140 417
93 277
139 414
323 962
459 1367
183 545
228 679
227 676
181 539
541 1611
269 801
134 399
89 265
133 396
221 658
44 131
263 783
131 390
87 259
130 387
216 643
560 1667
300 893
171 509
213 634
212 631
169 503
295 878
503 1497
209 622
125 372
83 247
124 369
206 613
411 1223
368 1095
163 485
122 363
81 241
121 360
201 598
401 1193
439 1306
199 592
119 354
79 235
197 586
157 467
274 815
39 116
272 809
155 461
193 574
77 229
115 342
153 455
305 907
38 113
227 675
151 449
188 559
75 223
187 556
149 443
260 773
37 110
295 877
184 547
110 327
256 761
255 758
109 324
181 538
289 859
36 107
251 746
143 425
107 318
249 740
248 737
106 315
141 419
246 731
35 104
314 933
174 517
243 722
173 514
69 205
172 511
240 713
171 508
307 912
34 101
271 805
169 502
236 701
168 499
67 199
167 496
100 297
166 493
232 689
628 1865
395 1173
197 585
131 389
98 291
228 677
65 193
162 481
226 671
161 478
225 668
577 1713
447 1327
223 662
286 849
95 282
158 469
63 187
220 653
94 279
125 371
187 555
280 831
31 92
371 1101
185 549
123 365
307 911
153 454
336 997
213 632
243 721
212 629
151 448
211 626
421 1249
749 2222
269 798
179 531
119 353
89 264
148 439
384 1139
265 786
235 697
205 608
263 780
175 519
291 863
29 86
376 1115
202 599
144 427
201 596
86 255
143 424
57 169
256 759
227 673
283 839
113 335
169 501
253 750
505 1497
643 1906
251 744
167 495
250 741
194 575
304 901
193 572
55 163
247 732
219 649
82 243
109 323
136 403
190 563
352 1043
27 80
377 1117
215 637
161 477
107 317
267 791
213 631
186 551
451 1336
238 705
132 391
79 234
184 545
236 699
157 465
235 696
443 1312
26 77
311 921
207 613
284 841
103 305
180 533
282 835
128 379
281 832
382 1131
178 527
203 601
329 974
101 299
126 373
176 521
226 669
451 1335
25 74
349 1033
199 589
149 441
223 660
272 805
74 219
197 583
172 509
368 1089
318 941
171 506
195 577
316 935
267 790
218 645
145 429
193 571
313 926
769 2275
599 1772
287 849
191 565
143 423
214 633
261 772
308 911
189 559
283 837
259 766
47 139
211 624
117 346
327 967
233 689
93 275
209 618
139 411
185 547
277 819
553 1635
942 2785
344 1017
206 609
160 473
114 337
296 875
159 470
68 201
181 535
113 334
203 600
45 133
247 730
269 795
179 529
67 198
156 461
89 263
111 328
133 393
177 523
243 718
441 1303
22 65
417 1232
241 712
175 517
131 387
109 322
87 257
152 449
65 192
238 703
108 319
194 573
452 1335
365 1078
150 443
107 316
235 694
341 1007
149 440
85 251
106 313
127 375
169 499
211 623
337 995
778 2297
734 2167
335 989
209 617
167 493
125 369
104 307
83 245
145 428
269 794
289 853
268 791
144 425
226 667
41 121
307 906
143 422
102 301
224 661
61 180
203 599
304 897
182 537
323 953
262 773
161 475
221 652
341 1006
721 2127
879 2593
359 1059
239 705
179 528
139 410
218 643
178 525
79 233
138 407
256 755
334 985
157 463
235 693
176 519
332 979
604 1781
214 631
136 401
97 286
213 628
58 171
193 569
212 625
250 737
96 283
211 622
134 395
172 507
229 675
324 955
685 2019
1101 3245
398 1173
246 725
189 557
151 445
113 333
301 887
169 498
75 221
131 386
243 716
56 165
149 439
93 274
130 383
204 601
426 1255
462 1361
203 598
129 380
92 271
147 433
422 1243
238 701
128 377
347 1022
237 698
91 268
309 910
127 374
145 427
199 586
271 798
433 1275
1207 3554
701 2064
341 1004
233 686
179 527
143 421
232 683
196 577
249 733
231 680
266 783
124 365
230 677
459 1351
194 571
317 933
211 621
158 465
263 774
35 103
332 977
192 565
122 359
87 256
139 409
295 868
381 1121
173 509
190 559
69 203
155 456
86 253
292 859
120 353
137 403
171 503
222 653
307 903
545 1603
17 50
594 1747
322 947
220 647
169 497
135 397
118 347
101 297
269 791
235 691
285 838
251 738
117 344
217 638
50 147
233 685
133 391
83 244
116 341
149 438
248 729
33 97
379 1114
181 532
263 773
197 579
295 867
180 529
327 961
408 1199
163 479
293 861
374 1099
211 620
227 667
259 761
97 285
113 332
129 379
161 473
193 567
257 755
369 1084
737 2165
16 47
511 1501
303 890
223 655
175 514
143 420
238 699
206 605
269 790
79 232
142 417
268 787
299 878
283 831
157 461
298 875
407 1195
172 505
203 596
78 229
296 869
140 411
202 593
388 1139
31 91
263 772
170 499
247 725
185 543
77 226
123 361
215 631
46 135
245 719
153 449
168 493
351 1030
259 760
137 402
76 223
167 490
288 845
106 311
121 355
151 443
181 531
226 663
301 883
481 1411
1201 3523
959 2813
449 1317
284 833
209 613
179 525
149 437
119 349
104 305
282 827
163 478
74 217
207 607
192 563
59 173
162 475
103 302
191 560
367 1076
381 1117
161 472
117 343
73 214
175 513
102 299
291 853
218 639
392 1149
29 85
304 891
188 551
130 381
101 296
245 718
259 759
115 337
201 589
416 1219
358 1049
186 545
100 293
157 460
385 1128
242 709
128 375
341 999
227 665
326 955
184 539
311 911
113 331
268 785
155 454
197 577
253 741
337 987
547 1602
1513 4431
923 2703
447 1309
293 858
223 653
181 530
153 448
125 366
111 325
97 284
180 527
235 688
221 647
331 969
124 363
234 685
55 161
206 603
96 281
137 401
219 641
41 120
273 799
150 439
109 319
245 717
231 676
258 755
217 635
149 436
203 594
365 1068
27 79
364 1065
202 591
148 433
215 629
255 746
228 667
308 901
281 822
147 430
227 664
40 117
293 857
173 506
226 661
146 427
252 737
53 155
172 503
185 541
66 193
211 617
224 655
250 731
92 269
197 576
223 652
131 383
144 421
183 535
209 611
274 801
391 1143
651 1903
13 38
870 2543
454 1327
311 909
233 681
194 567
155 453
271 792
116 339
103 301
283 827
167 488
77 225
218 637
269 786
307 897
115 336
166 485
472 1379
293 856
140 409
89 260
127 371
203 593
431 1259
443 1294
215 628
139 406
265 774
290 847
277 809
151 441
289 844
113 330
163 476
213 622
363 1060
25 73
462 1349
237 692
162 473
249 727
199 581
323 943
211 616
62 181
161 470
99 289
136 397
247 721
37 108
308 899
160 467
123 359
86 251
135 394
282 823
49 143
208 607
110 321
232 677
61 178
195 569
280 817
231 674
243 709
267 779
97 283
109 318
121 353
278 811
157 458
193 563
229 668
289 843
397 1158
661 1928
1873 5463
1055 3077
515 1502
347 1012
263 767
203 592
179 522
155 452
131 382
226 659
202 589
95 277
261 761
237 691
296 863
272 793
189 551
366 1067
224 653
106 309
153 446
294 857
458 1335
176 513
211 615
82 239
117 341
187 545
292 851
35 102
303 883
163 475
221 644
244 711
209 609
58 169
197 574
220 641
266 775
104 303
127 370
173 504
242 705
426 1241
23 67
425 1238
241 702
172 501
126 367
103 300
183 533
297 865
194 565
57 166
262 763
239 696
216 629
159 463
227 661
499 1453
453 1319
215 626
147 428
192 559
79 230
124 361
169 492
439 1278
326 949
146 425
101 294
157 457
56 163
235 684
123 358
324 943
212 617
223 649
323 940
256 745
189 550
100 291
111 323
122 355
144 419
166 483
188 547
221 643
276 803
364 1059
540 1571
1035 3011
11 32
769 2237
461 1341
329 957
252 733
208 605
175 509
153 445
131 381
120 349
109 317
98 285
272 791
250 727
315 916
217 631
206 599
65 189
184 535
173 503
54 157
259 753
248 721
237 689
183 532
441 1282
376 1093
161 468
118 343
75 218
182 529
246 715
171 497
267 776
32 93
405 1177
213 619
149 433
202 587
308 895
191 555
403 1171
286 831
127 369
275 799
243 706
95 276
211 613
137 398
179 520
242 703
389 1130
1040 3021
619 1798
304 883
199 578
157 456
251 729
209 607
167 485
73 212
198 575
177 514
385 1118
291 845
135 392
83 241
197 572
259 752
207 601
331 961
31 90
320 929
196 569
134 389
103 299
319 926
257 746
113 328
195 566
400 1161
420 1219
174 505
133 386
92 267
194 563
449 1303
265 769
163 473
173 502
417 1210
254 737
132 383
71 206
152 441
81 235
172 499
91 264
101 293
111 322
121 351
131 380
151 438
171 496
191 554
231 670
281 815
361 1047
501 1453
841 2439
10 29
1179 3419
599 1737
409 1186
309 896
249 722
209 606
179 519
159 461
139 403
248 719
228 661
208 603
188 545
89 258
247 716
306 887
217 629
69 200
128 371
187 542
59 171
167 484
108 313
206 597
49 142
235 681
137 397
88 255
127 368
205 594
478 1385
419 1214
185 536
253 733
175 507
68 197
165 478
97 281
126 365
184 533
300 869
29 84
425 1231
222 643
164 475
106 307
183 530
356 1031
125 362
221 640
48 139
211 611
115 333
182 527
67 194
153 443
86 249
296 857
124 359
143 414
181 524
257 744
390 1129
979 2834
769 2226
351 1016
237 686
180 521
142 411
227 657
189 547
85 246
151 437
66 191
179 518
113 327
207 599
47 136
263 761
122 353
272 787
253 732
103 298
131 379
187 541
271 784
691 1999
513 1484
261 755
177 512
121 350
93 269
158 457
65 188
167 483
102 295
139 402
250 723
37 107
342 989
194 561
120 347
83 240
212 613
175 506
451 1304
331 957
147 425
101 292
156 451
55 159
229 662
119 344
247 714
393 1136
137 396
356 1029
228 659
319 922
173 500
91 263
291 841
209 604
227 656
245 708
136 393
154 445
172 497
190 549
226 653
262 757
325 939
424 1225
613 1771
1108 3201
9 26
1079 3117
602 1739
422 1219
323 933
260 751
224 647
188 543
170 491
152 439
134 387
125 361
223 644
312 901
98 283
276 797
169 488
80 231
151 436
71 205
204 589
195 563
62 179
177 511
283 817
274 791
468 1351
203 586
97 280
141 407
229 661
44 127
255 736
123 355
281 811
272 785
114 329
184 531
324 935
35 101
271 782
166 479
227 655
253 730
218 629
392 1131
148 427
87 251
313 903
139 401
191 551
295 851
685 1976
615 1774
277 799
173 499
268 773
216 623
164 473
371 1070
250 721
112 323
198 571
413 1191
361 1041
189 545
103 297
163 470
60 173
257 741
214 617
77 222
171 493
205 591
111 320
273 787
162 467
213 614
298 859
485 1398
1352 3897
756 2179
382 1101
246 709
195 562
161 464
127 366
110 317
93 268
169 487
76 219
135 389
312 899
337 971
160 461
244 703
185 533
395 1138
445 1282
193 556
109 314
176 507
67 193
159 458
92 265
117 337
142 409
217 625
342 985
942 2713
508 1463
258 743
183 527
133 383
108 311
83 239
224 645
257 740
58 167
149 429
91 262
124 357
157 452
256 737
33 95
371 1068
206 593
140 403
288 829
329 947
189 544
271 780
197 567
525 1511
336 967
172 495
221 636
319 918
188 541
384 1105
351 1010
155 446
106 305
220 633
57 164
179 515
187 538
65 187
203 584
211 607
73 210
154 443
81 233
170 489
275 791
97 279
307 883
218 627
121 348
129 371
282 811
153 440
169 486
193 555
217 624
249 716
297 854
369 1061
481 1383
689 1981
1225 3522
8 23
1255 3608
695 1998
479 1377
367 1055
303 871
255 733
215 618
191 549
175 503
310 891
143 411
127 365
119 342
111 319
103 296
293 842
182 523
87 250
245 704
308 885
221 635
71 204
134 385
260 747
307 882
118 339
173 497
55 158
212 609
259 744
149 428
243 698
47 135
227 652
133 382
86 247
125 359
164 471
359 1031
577 1657
226 649
148 425
179 514
70 201
241 692
101 290
132 379
194 557
349 1002
31 89
333 956
178 511
263 755
201 577
309 887
193 554
409 1174
293 841
131 376
285 818
177 508
100 287
123 353
169 485
215 617
353 1013
928 2663
613 1759
291 835
199 571
153 439
237 680
191 548
84 241
145 416
61 175
221 634
99 284
137 393
213 611
441 1265
471 1351
205 588
129 370
91 261
144 413
250 717
439 1259
174 499
189 542
68 195
219 628
317 909
181 519
98 281
113 324
128 367
158 453
188 539
233 668
323 926
533 1528
1403 4022
922 2643
442 1267
292 837
217 622
172 493
142 407
127 364
321 920
97 278
261 748
231 662
216 619
387 1109
305 874
171 490
483 1384
297 851
141 404
89 255
126 361
200 573
348 997
37 106
244 699
303 868
325 931
155 444
332 951
317 908
140 401
81 232
184 527
228 653
147 421
191 547
257 736
455 1303
22 63
491 1406
271 776
183 524
139 398
117 335
95 272
168 481
73 209
124 355
175 501
51 146
233 667
131 375
80 229
189 541
247 707
167 478
254 727
544 1557
645 1846
268 767
181 518
123 352
94 269
159 455
65 186
231 661
101 289
137 392
209 598
461 1319
511 1462
223 638
151 432
194 555
79 226
122 349
165 472
380 1087
480 1373
179 512
229 655
329 941
193 552
393 1124
307 878
157 449
271 775
221 632
57 163
178 509
185 529
64 183
199 569
206 589
71 203
149 426
78 223
163 466
85 243
177 506
283 809
99 283
106 303
219 626
120 343
127 363
134 383
148 423
162 463
176 503
197 563
218 623
246 703
288 823
337 963
414 1183
540 1543
764 2183
1331 3803
7 20
1546 4417
832 2377
566 1617
433 1237
349 997
293 837
251 717
223 637
202 577
181 517
167 477
153 437
139 397
257 734
118 337
111 317
319 911
201 574
187 534
90 257
173 494
325 928
235 671
297 848
214 611
69 197
200 571
193 551
62 177
179 511
289 825
282 805
378 1079
158 451
103 294
199 568
439 1253
329 939
185 528
315 899
219 625
171 488
335 956
608 1735
239 682
273 779
191 545
75 214
293 836
143 408
211 602
415 1184
707 2017
265 756
163 465
224 639
251 716
217 619
61 174
149 425
88 251
203 579
142 405
196 559
304 867
763 2176
533 1520
263 750
182 519
128 365
101 288
249 710
343 978
121 345
215 613
544 1551
302 861
161 459
181 516
67 191
221 630
241 687
194 553
234 667
274 781
167 476
227 647
347 989
727 2072
993 2830
393 1120
253 721
173 493
286 815
113 322
299 852
166 473
73 208
199 567
179 510
338 963
351 1000
139 396
86 245
205 584
152 433
218 621
449 1279
673 1917
244 695
178 507
112 319
270 769
283 806
125 356
263 749
46 131
243 692
151 430
269 766
282 803
367 1045
131 373
275 783
301 857
242 689
268 763
98 279
320 911
124 353
137 390
163 464
189 538
241 686
306 871
436 1241
787 2240
13 37
773 2200
435 1238
305 868
240 683
188 535
162 461
136 387
123 350
110 313
97 276
265 754
239 680
226 643
342 973
129 367
245 697
393 1118
161 458
103 293
193 549
373 1061
392 1115
167 475
122 347
77 219
186 529
250 711
173 492
269 765
749 2130
435 1237
211 600
147 418
313 890
83 236
134 381
236 671
51 145
223 634
121 344
261 742
299 850
248 705
286 813
108 307
127 361
165 469
203 577
298 847
526 1495
19 54
557 1583
310 881
215 611
158 449
139 395
221 628
284 807
82 233
145 412
271 770
359 1020
170 483
151 429
239 679
44 125
289 821
157 446
295 838
389 1105
232 659
94 267
213 605
144 409
194 551
294 835
594 1687
831 2360
331 940
206 585
156 443
237 673
187 531
81 230
137 389
305 866
423 1201
143 406
317 900
205 582
149 423
211 599
366 1039
31 88
316 897
192 545
130 369
99 281
167 474
68 193
173 491
247 701
179 508
290 823
37 105
302 857
154 437
117 332
357 1013
203 576
166 471
252 715
43 122
264 749
135 383
92 261
141 400
239 678
49 139
202 573
257 729
159 451
269 763
391 1109
171 485
177 502
360 1021
250 709
128 363
262 743
274 777
140 397
73 207
225 638
310 879
243 689
85 241
176 499
91 258
285 808
200 567
212 601
224 635
236 669
248 703
133 377
139 394
151 428
163 462
175 496
187 530
205 581
229 649
259 734
289 819
337 955
403 1142
493 1397
643 1822
913 2587
1609 4559
6 17
1793 5080
971 2751
671 1901
509 1442
413 1170
347 983
299 847
263 745
233 660
209 592
191 541
179 507
161 456
304 861
143 405
131 371
125 354
119 337
113 320
107 303
101 286
291 824
184 521
89 252
255 722
243 688
237 671
302 855
219 620
71 201
136 385
266 753
384 1087
124 351
183 518
59 167
171 484
112 317
218 617
53 150
206 583
253 716
247 699
241 682
47 133
276 781
135 382
88 249
217 614
170 481
334 945
609 1723
240 679
275 778
193 546
76 215
298 843
146 413
216 611
426 1205
589 1666
239 676
169 478
332 939
163 461
419 1185
221 625
250 707
215 608
151 427
209 591
325 919
29 82
400 1131
226 639
168 475
110 311
191 540
295 834
133 376
289 817
387 1094
179 506
202 571
75 212
173 489
219 619
265 749
167 472
236 667
374 1057
1110 3137
569 1608
293 828
201 568
155 438
241 681
195 551
321 907
212 599
63 178
229 647
103 291
143 404
263 743
40 113
297 839
177 500
234 661
251 709
268 757
473 1336
188 531
205 579
387 1093
165 466
290 819
108 305
125 353
159 449
193 545
244 689
363 1025
669 1889
17 48
572 1615
334 943
232 655
181 511
147 415
243 686
209 590
271 765
254 717
220 621
203 573
62 175
169 477
107 302
197 556
377 1064
478 1349
208 587
118 333
264 745
247 697
101 285
129 364
157 443
241 680
465 1312
907 2559
319 900
207 584
151 426
218 615
257 725
296 835
307 866
279 787
145 409
223 629
496 1399
440 1241
206 581
128 361
89 251
139 392
239 674
50 141
211 595
272 767
172 485
61 172
255 719
133 375
72 203
227 640
321 905
177 499
94 265
105 296
221 623
127 358
138 389
160 451
182 513
215 606
259 730
336 947
457 1288
754 2125
2085 5876
1248 3517
610 1719
401 1130
302 851
236 665
203 572
170 479
148 417
137 386
241 679
219 617
197 555
93 262
257 724
235 662
224 631
344 969
131 369
251 707
469 1321
169 476
267 752
207 583
49 138
234 659
136 383
87 245
212 597
163 459
277 780
38 107
293 825
179 504
244 687
168 473
65 183
222 625
249 701
211 594
146 411
173 487
281 791
632 1779
637 1793
286 805
178 501
275 774
221 622
167 470
377 1061
253 712
113 318
199 560
371 1044
446 1255
188 529
247 695
263 740
279 785
370 1041
193 543
284 799
241 678
257 723
198 557
337 948
262 737
155 436
187 526
235 661
331 931
539 1516
1611 4531
821 2309
405 1139
277 779
213 599
165 464
282 793
117 329
101 284
186 523
324 911
223 627
69 194
191 537
175 492
387 1088
302 849
143 402
90 253
127 357
164 461
312 877
37 104
280 787
169 475
227 638
248 697
211 593
58 163
195 548
216 607
79 222
279 784
221 621
142 399
163 458
226 635
352 989
772 2169
908 2551
383 1076
236 663
173 486
131 368
110 309
288 809
246 691
293 823
319 896
115 323
162 455
350 983
449 1261
214 601
120 337
339 952
245 688
99 278
125 351
151 424
229 643
359 1008
26 73
473 1328
265 744
187 525
135 379
301 845
83 233
223 626
254 713
57 160
202 567
233 654
207 581
269 755
181 508
305 856
31 87
408 1145
222 623
160 449
227 637
165 463
299 839
237 665
273 766
139 390
211 592
391 1097
36 101
257 721
149 418
113 317
267 749
272 763
118 331
200 561
446 1251
456 1279
210 589
128 359
87 244
220 617
179 502
501 1405
327 917
189 530
337 945
148 415
250 701
51 143
209 586
107 300
163 457
387 1085
285 799
290 813
178 499
61 171
249 698
127 356
325 911
269 754
137 384
71 199
218 611
223 625
309 866
238 667
329 922
253 709
263 737
91 255
187 524
293 821
101 283
106 297
217 608
227 636
121 339
126 353
131 367
277 776
146 409
156 437
166 465
176 493
191 535
201 563
221 619
241 675
266 745
296 829
331 927
376 1053
441 1235
531 1487
666 1865
896 2509
1366 3825
2891 8095
4309 12065
1619 4533
999 2797
724 2027
564 1579
464 1299
394 1103
344 963
304 851
274 767
249 697
224 627
209 585
194 543
179 501
169 473
159 445
149 417
283 792
134 375
129 361
243 680
233 652
223 624
213 596
203 568
99 277
94 263
183 512
89 249
257 719
247 691
242 677
232 649
227 635
365 1021
143 400
419 1172
202 565
197 551
64 179
251 702
123 344
300 839
408 1141
172 481
280 783
275 769
481 1345
157 439
103 288
152 425
348 973
436 1219
191 534
235 657
230 643
181 506
357 998
523 1462
215 601
127 355
83 232
205 573
161 450
239 668
39 109
346 967
190 531
112 313
185 517
73 204
180 503
248 693
175 489
311 869
34 95
335 936
199 556
131 366
97 271
160 447
63 176
218 609
247 690
213 595
150 419
208 581
324 905
29 81
459 1282
227 634
169 472
251 701
193 539
299 835
135 377
294 821
501 1399
183 511
207 578
77 215
178 497
226 631
274 765
173 483
269 751
461 1287
24 67
427 1192
259 723
187 522
139 388
206 575
91 254
158 441
67 187
177 494
110 307
196 547
368 1027
492 1373
191 533
253 706
167 466
291 812
329 918
143 399
81 226
181 505
319 890
119 332
157 438
195 544
252 703
385 1074
860 2399
1002 2795
413 1152
261 728
204 569
147 410
128 357
109 304
90 251
161 449
71 198
194 541
298 831
279 778
52 145
189 527
222 619
373 1040
118 329
151 421
250 697
646 1801
476 1327
212 591
146 407
113 315
353 984
207 577
174 485
268 747
47 131
202 563
263 733
169 471
352 981
258 719
136 379
75 209
239 666
89 248
192 535
220 613
248 691
145 404
159 443
201 560
243 677
327 911
495 1379
1013 2822
1633 4549
597 1663
373 1039
275 766
205 571
177 493
149 415
256 713
228 635
200 557
358 997
251 699
223 621
209 582
65 181
181 504
116 323
218 607
51 142
241 671
139 387
88 245
125 348
162 451
310 863
37 103
282 785
171 476
231 643
254 707
217 604
60 167
203 565
226 629
272 757
106 295
129 359
175 487
221 615
359 999
980 2727
630 1753
308 857
216 601
147 409
124 345
101 281
257 715
289 804
133 370
298 829
472 1313
197 548
229 637
206 573
270 751
183 509
311 865
32 89
393 1093
201 559
137 381
105 292
178 495
73 203
301 837
155 431
237 659
41 114
296 823
173 481
223 620
323 898
191 531
341 948
409 1137
159 442
109 303
227 631
59 164
186 517
127 353
399 1109
213 592
222 617
77 214
163 453
86 239
276 767
199 553
321 892
113 314
122 339
271 753
149 414
167 464
185 514
212 589
248 689
293 814
365 1014
491 1364
734 2039
1463 4064
9 25
976 2711
589 1636
418 1161
328 911
274 761
229 636
202 561
175 486
157 436
287 797
130 361
121 336
112 311
103 286
291 808
179 497
85 236
161 447
76 211
143 397
277 769
326 905
125 347
241 669
58 161
223 619
107 297
156 433
352 977
432 1199
187 519
227 630
307 852
129 358
249 691
609 1690
351 974
191 530
262 727
182 505
71 197
173 480
102 283
297 824
226 627
381 1057
31 86
332 921
208 577
146 405
199 552
84 233
137 380
243 674
53 147
234 649
128 355
353 979
247 685
97 269
119 330
141 391
185 513
251 696
405 1123
1197 3319
607 1683
321 890
211 585
167 463
123 341
101 280
180 499
79 219
136 377
250 693
57 158
206 571
333 923
219 607
162 449
232 643
617 1710
468 1297
223 618
153 424
201 557
83 230
131 363
227 629
563 1560
301 834
157 435
109 302
231 640
61 169
196 543
209 579
383 1061
161 446
361 1000
287 795
213 590
239 662
139 385
317 878
191 529
230 637
282 781
386 1069
607 1681
1504 4165
1239 3431
563 1559
368 1019
277 767
212 587
186 515
160 443
134 371
121 335
108 299
95 263
177 490
82 227
151 418
69 191
194 537
306 847
293 811
379 1049
155 429
99 274
142 393
271 750
43 119
288 797
159 440
305 844
335 927
249 689
103 285
133 368
193 534
283 783
763 2111
497 1375
257 711
167 462
244 675
184 509
77 213
201 556
171 473
312 863
581 1607
205 567
269 744
175 484
64 177
209 578
226 625
341 943
277 766
213 589
247 683
149 412
183 506
234 647
319 882
506 1399
1356 3749
854 2361
412 1139
276 763
208 575
174 481
140 387
229 633
301 832
89 246
161 445
72 199
199 550
182 503
347 959
368 1017
148 409
93 257
131 362
169 467
321 887
38 105
287 793
173 478
232 641
253 699
274 757
59 163
198 547
219 605
261 721
101 279
223 616
143 395
185 511
248 685
374 1033
857 2367
844 2331
382 1055
235 649
172 475
281 776
239 660
197 544
331 914
222 613
67 185
180 497
272 751
205 566
619 1709
301 831
163 450
305 842
330 911
238 657
359 991
217 599
146 403
196 541
271 748
521 1438
25 69
379 1046
229 632
179 494
129 356
104 287
262 723
291 803
133 367
295 814
461 1272
191 527
220 607
278 767
112 309
141 389
199 549
344 949
29 80
439 1211
236 651
149 411
120 331
91 251
153 422
277 764
343 946
157 433
95 262
128 353
194 535
326 899
33 91
367 1012
202 557
136 375
103 284
243 670
70 193
177 488
251 692
181 499
292 805
37 102
300 827
189 521
115 317
271 747
275 758
119 328
201 554
324 893
41 113
250 689
295 813
213 587
303 835
307 846
266 733
45 124
274 755
139 383
94 259
143 394
241 664
49 135
249 686
151 416
257 708
208 573
53 146
269 741
273 752
167 460
281 774
403 1110
175 482
179 493
362 997
309 851
126 347
256 705
65 179
199 548
203 559
69 190
142 391
288 793
296 815
227 625
77 212
158 435
81 223
166 457
85 234
174 479
271 746
368 1013
190 523
295 812
101 278
206 567
214 589
222 611
230 633
238 655
246 677
254 699
133 366
137 377
145 399
149 410
157 432
165 454
173 476
185 509
193 531
205 564
217 597
233 641
249 685
269 740
293 806
321 883
357 982
397 1092
449 1235
521 1433
613 1686
753 2071
969 2665
1361 3743
2289 6295
4 11
3227 8874
1643 4518
1103 3033
831 2285
667 1834
555 1526
479 1317
419 1152
371 1020
335 921
307 844
279 767
259 712
239 657
223 613
211 580
199 547
187 514
179 492
171 470
322 885
155 426
147 404
282 775
135 371
131 360
250 687
242 665
234 643
226 621
218 599
210 577
305 838
99 272
289 794
186 511
91 250
178 489
344 945
253 695
245 673
241 662
312 857
229 629
75 206
146 401
359 986
280 769
138 379
67 184
197 541
323 887
382 1049
248 681
122 335
240 659
59 162
232 637
114 313
224 615
55 151
271 744
267 733
157 431
259 711
51 140
200 549
247 678
243 667
192 527
380 1043
419 1150
184 505
227 623
313 859
133 365
262 719
43 118
297 815
168 461
207 568
82 225
203 557
160 439
277 760
39 107
347 952
191 524
113 310
187 513
74 203
183 502
253 694
179 491
319 875
35 96
346 949
206 565
136 373
101 277
233 639
66 181
163 447
97 266
128 351
190 521
283 776
655 1796
554 1519
244 669
182 499
120 329
298 817
236 647
205 562
58 159
201 551
228 625
282 773
112 307
139 381
193 529
301 825
679 1861
671 1839
293 803
185 507
289 792
339 929
181 496
77 211
204 559
177 485
377 1033
373 1022
173 474
196 537
73 200
242 663
96 263
334 915
142 389
188 515
257 704
418 1145
23 63
571 1564
295 808
203 556
157 430
245 671
199 545
88 241
153 419
65 178
237 649
107 293
149 408
233 638
42 115
313 857
187 512
351 961
164 449
347 950
324 887
141 386
80 219
179 490
99 271
118 323
137 375
175 479
232 635
327 895
555 1519
19 52
604 1653
338 925
224 613
186 509
148 405
239 654
201 550
91 249
163 446
72 197
197 539
178 487
390 1067
352 963
193 528
314 859
208 569
276 755
189 517
359 982
34 93
321 878
185 506
268 733
200 547
381 1042
132 361
230 629
49 134
260 711
162 443
177 484
369 1009
271 741
143 391
79 216
173 473
94 257
109 298
124 339
139 380
169 462
199 544
244 667
334 913
529 1446
1279 3496
1151 3146
506 1383
326 891
251 686
191 522
161 440
277 757
116 317
217 593
187 511
86 235
157 429
71 194
198 541
310 847
295 806
377 1030
153 418
97 265
138 377
220 601
466 1273
436 1191
190 519
257 702
175 478
376 1027
294 803
253 691
305 833
119 325
171 467
223 609
379 1035
26 71
505 1379
271 740
193 527
141 385
319 871
89 243
152 415
341 931
289 789
163 445
237 647
174 475
248 677
729 1990
381 1040
196 535
281 767
207 565
303 827
133 363
277 756
48 131
251 685
262 715
273 745
284 775
424 1157
188 513
199 543
70 191
221 603
313 854
254 693
92 251
195 532
217 592
114 311
261 712
147 401
158 431
191 521
213 581
257 701
323 881
433 1181
675 1841
1445 3941
1921 5239
755 2059
469 1279
348 949
271 739
227 619
194 529
172 469
150 409
267 728
117 319
329 897
201 548
274 747
347 946
241 657
303 826
281 766
135 368
321 875
361 984
175 477
164 447
266 725
51 139
193 526
233 635
91 248
131 357
211 575
491 1338
469 1278
229 624
149 406
287 782
316 861
305 831
265 722
225 613
156 425
214 583
330 899
29 79
482 1313
250 681
163 444
239 651
286 779
333 907
275 749
123 335
217 591
47 128
300 817
159 433
112 305
242 659
408 1111
148 403
83 226
184 501
101 275
119 324
137 373
173 471
227 618
299 814
497 1353
1361 3705
817 2224
403 1097
259 705
205 558
169 460
133 362
115 313
97 264
176 479
79 215
140 381
262 713
470 1279
165 449
104 283
147 400
276 751
43 117
240 653
154 419
111 302
247 672
365 993
161 438
304 827
118 321
143 389
193 525
318 865
643 1749
857 2331
332 903
207 563
157 427
239 650
296 805
353 960
221 601
196 533
57 155
260 707
146 397
89 242
121 329
153 416
249 677
473 1286
743 2020
295 802
167 454
135 367
103 280
245 666
394 1071
291 791
259 704
227 617
422 1147
553 1503
241 655
163 443
209 568
386 1049
131 356
223 606
46 125
329 894
191 519
99 269
152 413
258 701
53 144
219 595
113 307
173 470
60 163
247 671
127 345
261 709
342 929
141 383
363 986
229 622
236 641
331 899
257 698
271 736
95 258
197 535
211 573
109 296
116 315
123 334
267 725
144 391
151 410
165 448
179 486
200 543
221 600
249 676
284 771
333 904
396 1075
494 1341
662 1797
998 2709
2020 5483
3685 10002
1284 3485
773 2098
556 1509
437 1186
360 977
304 825
262 711
234 635
206 559
192 521
171 464
157 426
150 407
136 369
129 350
122 331
338 917
108 293
101 274
195 529
275 746
87 236
167 453
80 217
233 632
299 811
285 773
139 377
337 914
257 697
125 339
243 659
59 160
229 621
111 301
163 442
423 1147
305 827
149 404
97 263
142 385
232 629
45 122
308 835
173 469
211 572
83 225
325 881
159 431
273 740
729 1976
373 1011
183 496
145 393
283 767
314 851
307 832
269 729
231 626
162 439
224 607
379 1027
31 84
365 989
210 569
148 401
320 867
86 233
141 382
251 680
55 149
244 661
134 363
79 214
182 493
103 279
127 344
175 474
223 604
367 994
895 2424
689 1866
329 891
209 566
161 436
250 677
202 547
89 241
154 417
65 176
236 639
106 287
147 398
229 620
557 1508
386 1045
181 490
140 379
99 268
215 582
58 157
249 674
133 360
358 969
242 655
351 950
201 544
235 636
269 728
160 433
194 525
245 663
347 939
602 1629
17 46
724 1959
384 1039
265 717
197 533
163 441
275 744
241 652
207 560
268 725
251 679
295 798
139 376
383 1036
288 779
166 449
254 687
193 522
413 1117
467 1263
203 549
274 741
186 503
71 192
169 457
98 265
125 338
152 411
233 630
368 995
27 73
469 1268
253 684
172 465
263 711
209 565
91 246
219 592
64 173
229 619
367 992
138 373
175 473
323 873
37 100
306 827
195 527
121 327
289 781
215 581
178 481
272 735
47 127
245 662
151 408
265 716
218 589
57 154
238 643
124 335
258 697
345 932
144 389
375 1013
241 651
251 678
271 732
97 262
311 840
224 605
244 659
137 370
147 397
167 451
187 505
217 586
257 694
307 829
397 1072
557 1504
917 2476
2647 7147
1423 3842
703 1898
473 1277
353 953
283 764
233 629
203 548
183 494
163 440
143 386
256 691
236 637
216 583
299 807
93 251
176 475
83 224
156 421
73 197
209 564
199 537
63 170
242 653
116 313
169 456
434 1171
308 831
149 402
96 259
139 375
225 607
483 1303
420 1133
205 553
119 321
271 731
337 909
294 793
142 383
175 472
307 828
33 89
419 1130
221 596
155 418
211 569
89 240
145 391
313 844
471 1270
191 515
214 577
79 213
181 488
227 612
273 736
171 461
240 647
355 957
861 2321
772 2081
358 965
220 593
174 469
128 345
105 283
187 504
82 221
141 380
259 698
449 1210
154 415
95 256
226 609
167 450
275 741
36 97
373 1005
193 520
278 749
206 555
389 1048
134 361
232 625
49 132
258 695
160 431
284 765
297 800
385 1037
199 536
212 571
313 843
163 439
365 983
290 781
215 579
241 649
140 377
153 412
179 482
218 587
270 727
348 937
504 1357
959 2582
13 35
783 2108
458 1233
328 883
250 673
211 568
172 463
146 393
133 358
120 323
107 288
94 253
175 471
81 218
149 401
285 767
327 880
314 845
178 479
453 1219
317 853
152 409
97 261
139 374
223 600
601 1617
365 982
197 530
268 721
184 495
71 191
171 460
100 269
129 347
187 503
245 659
506 1361
29 78
335 901
219 589
293 788
235 632
177 476
74 199
193 519
119 320
209 562
479 1288
376 1011
196 527
257 691
167 449
350 941
321 863
138 371
292 785
247 664
263 707
202 543
109 293
125 336
157 422
189 508
221 594
301 809
445 1196
861 2314
16 43
595 1599
355 954
259 696
195 524
163 438
278 747
246 661
214 575
281 755
348 935
233 626
217 583
67 180
185 497
169 454
271 728
51 137
239 642
137 368
86 231
207 556
156 419
226 607
436 1171
684 1837
264 709
159 427
124 333
89 239
143 384
251 674
54 145
235 631
127 341
273 733
311 835
257 690
295 792
111 298
130 349
317 851
206 553
263 706
396 1063
814 2185
1257 3374
478 1283
288 773
212 569
174 467
136 365
117 314
98 263
177 475
79 212
139 373
259 695
60 161
221 593
101 271
142 381
224 601
429 1151
555 1489
227 609
145 389
104 279
230 617
63 169
211 566
233 625
277 743
107 287
129 346
151 405
195 523
283 759
481 1290
22 59
553 1483
311 834
223 598
157 421
135 362
317 850
91 244
160 429
367 984
254 681
116 311
163 437
351 941
495 1327
213 571
119 319
263 705
72 193
169 453
97 260
122 327
319 855
222 595
322 863
722 1935
803 2152
353 946
228 611
153 410
128 343
103 276
259 694
365 978
131 351
237 635
53 142
240 643
134 359
296 793
271 726
109 292
137 367
193 517
277 742
641 1717
731 1958
311 833
199 533
143 383
115 308
289 774
233 624
205 549
59 158
208 557
239 640
301 806
121 324
183 490
245 656
493 1320
871 2332
313 838
189 506
285 763
223 597
257 688
291 779
424 1135
164 439
99 265
133 356
201 538
337 902
34 91
343 918
207 554
139 372
105 281
247 661
71 190
179 479
253 677
182 487
293 784
37 99
373 998
188 503
265 709
191 511
77 206
194 519
274 733
197 527
397 1062
643 1720
243 650
163 436
206 551
83 222
335 896
169 452
298 797
43 115
261 698
307 821
221 591
224 599
316 845
273 730
46 123
279 746
141 377
95 254
144 385
242 647
49 131
297 794
150 401
101 270
153 409
309 826
523 1398
211 564
107 286
162 433
327 874
443 1184
168 449
113 302
229 612
58 155
235 628
119 318
241 644
61 163
247 660
125 334
253 676
387 1034
195 521
198 529
67 179
204 545
207 553
70 187
213 569
216 577
368 983
149 398
76 203
231 617
234 625
319 852
243 649
413 1103
167 446
85 227
261 697
267 713
270 721
185 494
94 251
191 510
294 785
100 267
306 817
209 558
321 857
109 291
112 299
115 307
118 315
121 323
124 331
127 339
130 347
269 718
139 371
142 379
293 782
151 403
157 419
163 435
169 451
175 467
181 483
187 499
196 523
202 539
211 563
223 595
232 619
244 651
259 691
274 731
289 771
307 819
331 883
355 947
382 1019
418 1115
457 1219
505 1347
565 1507
643 1715
745 1987
883 2355
1087 2899
1411 3763
2014 5371
3514 9371
3 8
4064 10837
2183 5821
1493 3981
1133 3021
914 2437
767 2045
659 1757
578 1541
515 1373
464 1237
425 1133
389 1037
359 957
335 893
311 829
293 781
275 733
260 693
248 661
236 629
224 597
215 573
206 549
197 525
188 501
182 485
176 469
170 453
164 437
158 421
152 405
295 786
143 381
140 373
271 722
131 349
128 341
125 333
241 642
235 626
345 919
113 301
110 293
107 285
211 562
205 546
101 269
98 261
193 514
282 751
279 743
181 482
89 237
175 466
86 229
169 450
83 221
163 434
80 213
157 418
388 1033
228 607
225 599
74 197
145 386
287 764
281 748
139 370
343 913
269 716
133 354
263 700
387 1030
192 511
189 503
62 165
245 652
121 322
239 636
59 157
233 620
115 306
171 455
451 1200
333 886
165 439
271 721
215 572
53 141
262 697
156 415
359 955
203 540
403 1072
397 1056
197 524
244 649
241 641
191 508
426 1133
420 1117
185 492
229 609
91 242
135 359
223 593
531 1412
393 1045
217 577
129 343
85 226
211 561
167 444
249 662
700 1861
366 973
202 537
120 319
278 739
354 941
117 311
155 412
231 614
611 1624
453 1204
225 598
149 396
295 784
330 877
327 869
289 768
143 380
178 473
318 845
35 93
347 922
207 550
137 364
102 271
169 449
67 178
233 619
364 967
230 611
163 433
227 603
451 1198
32 85
317 842
189 502
282 749
218 579
247 656
215 571
61 162
212 563
241 640
299 794
119 316
148 393
235 624
380 1009
29 77
432 1147
229 608
171 454
255 677
197 523
84 223
139 369
249 661
55 146
246 653
136 361
81 215
188 499
107 284
133 353
185 491
263 698
445 1181
26 69
439 1165
257 682
179 475
280 743
228 605
176 467
401 1064
199 528
124 329
222 589
49 130
317 841
170 451
193 512
72 191
239 634
357 947
213 565
259 687
164 435
210 557
302 801
601 1594
23 61
434 1151
273 724
181 480
293 777
247 655
201 533
89 236
155 411
66 175
241 639
109 289
152 403
238 631
43 114
364 965
192 509
255 676
169 448
358 949
335 888
146 387
83 220
186 493
103 273
123 326
143 379
183 485
243 644
343 909
663 1757
20 53
517 1370
317 840
217 575
177 469
137 363
117 310
97 257
174 461
77 204
211 559
191 506
419 1110
322 853
151 400
94 249
131 347
168 445
279 739
37 98
387 1025
202 535
128 339
310 821
236 625
199 527
469 1242
287 760
179 474
196 519
71 188
230 609
335 887
193 511
105 278
122 323
139 368
173 458
207 548
275 728
394 1043
734 1943
17 45
626 1657
371 982
252 667
201 532
167 442
133 352
116 307
314 831
181 479
82 217
229 606
212 561
65 172
178 471
113 299
209 553
449 1188
415 1098
175 463
127 336
79 209
189 500
110 291
141 373
203 537
358 947
31 82
417 1103
231 611
169 447
245 648
183 484
76 201
197 521
287 759
211 558
571 1510
374 989
194 513
253 669
267 706
281 743
59 156
191 505
205 542
73 193
233 616
334 883
188 497
101 267
115 304
129 341
143 378
171 452
199 526
241 637
311 822
437 1155
759 2006
14 37
907 2397
487 1287
333 880
249 658
207 547
179 473
151 399
260 687
232 613
204 539
95 251
176 465
81 214
148 391
349 922
321 848
120 317
173 457
385 1017
357 943
198 523
237 626
223 589
301 795
248 655
560 1479
454 1199
220 581
142 375
103 272
167 441
64 169
217 573
242 639
381 1006
114 301
139 367
189 499
239 631
414 1093
25 66
536 1415
286 755
211 557
297 784
247 652
197 520
86 227
147 388
330 871
402 1061
158 417
97 256
133 351
169 446
313 826
36 95
371 979
191 504
274 723
202 533
83 219
213 562
177 467
365 963
528 1393
199 525
257 678
268 707
221 583
58 153
243 641
127 335
334 881
356 939
149 393
80 211
171 451
91 240
193 509
317 836
113 298
124 327
135 356
157 414
179 472
201 530
234 617
278 733
355 936
476 1255
751 1980
1730 4561
1779 4690
756 1993
481 1268
360 949
283 746
239 630
195 514
173 456
151 398
140 369
247 651
225 593
107 282
96 253
181 477
85 224
159 419
74 195
211 556
200 527
452 1191
304 801
293 772
167 440
323 851
561 1478
197 519
238 627
320 843
134 353
216 569
503 1325
481 1267
235 619
153 403
295 777
325 856
314 827
273 719
232 611
161 424
221 582
341 898
30 79
499 1314
259 682
169 445
248 653
297 782
346 911
207 545
128 337
226 595
49 129
264 695
166 437
185 487
389 1024
291 766
155 408
87 229
299 787
231 608
269 708
163 429
201 529
277 729
429 1129
923 2429
1148 3021
464 1221
293 771
217 571
179 471
141 371
122 321
103 271
271 713
317 834
149 392
474 1247
241 634
287 755
157 413
249 655
46 121
303 797
165 434
119 313
338 889
246 647
273 718
227 597
281 739
181 476
289 760
532 1399
27 71
386 1015
224 589
170 447
259 681
205 539
89 234
151 397
399 1049
345 907
159 418
97 255
132 347
202 531
307 807
35 92
393 1033
218 573
148 389
113 297
347 912
277 728
121 318
207 544
379 996
696 1829
266 699
137 360
325 854
239 628
196 515
502 1319
365 959
161 423
110 289
228 599
59 155
244 641
126 331
260 683
67 176
209 549
217 570
383 1006
158 415
83 218
174 457
91 239
190 499
305 801
107 281
115 302
123 323
131 344
139 365
155 407
163 428
179 470
203 533
227 596
259 680
299 785
355 932
443 1163
579 1520
843 2213
1563 4103
8 21
1365 3583
781 2050
549 1441
421 1105
341 895
293 769
253 664
221 580
197 517
181 475
165 433
149 391
141 370
258 677
242 635
226 593
210 551
101 265
287 753
271 711
348 913
247 648
316 829
300 787
146 383
69 181
268 703
130 341
313 821
480 1259
175 459
114 299
220 577
53 139
310 813
151 396
98 257
143 375
233 611
638 1673
352 923
172 451
127 333
82 215
201 527
275 721
193 506
341 894
37 97
325 852
214 561
140 367
103 270
235 616
66 173
227 595
351 920
219 574
277 726
182 477
298 781
617 1617
804 2107
311 815
195 511
303 794
353 925
187 490
79 207
208 545
179 469
329 862
521 1365
221 579
121 317
263 689
71 186
163 427
92 241
205 537
247 647
155 406
197 516
260 681
407 1066
890 2331
979 2564
412 1079
265 694
202 529
160 419
257 673
215 563
270 707
249 652
359 940
131 343
241 631
55 144
254 665
144 377
89 233
212 555
157 411
225 589
361 945
34 89
353 924
217 568
149 390
311 814
358 937
209 547
303 793
269 704
47 123
295 772
154 403
107 280
167 437
467 1222
253 662
133 348
279 730
378 989
159 416
86 225
185 484
310 811
112 293
125 327
138 361
164 429
190 497
216 565
268 701
346 905
502 1313
905 2367
13 34
902 2359
512 1339
356 931
265 693
226 591
187 489
161 421
283 740
122 319
340 889
205 536
371 970
262 685
319 834
223 583
70 183
197 515
311 813
298 779
557 1456
215 562
360 941
246 643
189 494
409 1069
515 1346
207 541
282 737
194 507
75 196
181 473
106 277
137 358
199 520
323 844
881 2302
514 1343
266 695
173 452
253 661
191 499
80 209
209 546
307 802
276 721
49 128
263 687
165 431
183 478
384 1003
286 747
152 397
85 222
188 491
327 854
121 316
296 773
175 457
229 598
301 786
463 1209
1021 2666
1175 3068
491 1282
311 812
221 577
185 483
149 389
131 342
113 295
95 248
172 449
77 201
213 556
195 509
431 1125
336 877
159 415
100 261
141 368
223 582
551 1438
474 1237
228 595
146 381
105 274
233 608
64 167
215 561
238 621
284 741
110 287
133 347
156 407
202 527
294 767
524 1367
23 60
511 1333
304 793
212 553
166 433
263 686
217 566
268 699
245 639
347 905
125 326
176 459
431 1124
436 1137
181 472
339 884
79 206
186 485
107 279
135 352
191 498
275 717
527 1374
28 73
369 962
229 597
173 451
262 683
206 537
328 855
150 391
394 1027
338 881
155 404
94 245
127 331
160 417
259 675
490 1277
830 2163
302 787
203 529
137 357
104 271
175 456
71 185
180 469
109 284
147 383
261 680
565 1472
499 1300
233 607
157 409
319 831
81 211
205 534
291 758
210 547
511 1331
435 1133
220 573
134 349
91 237
230 599
187 487
379 987
485 1263
197 513
250 651
255 664
207 539
472 1229
323 841
164 427
111 289
227 591
58 151
237 617
300 781
184 479
63 164
257 669
131 341
267 695
413 1075
141 367
287 747
370 963
151 393
78 203
239 622
327 851
254 661
259 674
269 700
367 955
191 497
98 255
304 791
211 549
329 856
113 294
118 307
123 320
128 333
133 346
281 731
148 385
311 809
163 424
173 450
183 476
198 515
208 541
223 580
243 632
263 684
288 749
323 840
358 931
408 1061
473 1230
563 1464
693 1802
903 2348
1303 3388
2323 6040
5 13
2407 6258
1327 3450
917 2384
702 1825
567 1474
477 1240
412 1071
362 941
322 837
292 759
267 694
242 629
227 590
212 551
197 512
187 486
172 447
329 855
157 408
147 382
142 369
269 699
259 673
122 317
239 621
229 595
219 569
316 821
102 265
296 769
286 743
92 239
179 465
87 226
169 439
82 213
159 413
313 813
303 787
221 574
72 187
211 548
206 535
67 174
263 683
129 335
253 657
491 1275
181 470
295 766
233 605
57 148
223 579
275 714
161 418
265 688
52 135
255 662
151 392
99 257
146 379
287 745
47 122
277 719
319 828
225 584
220 571
131 340
215 558
509 1321
457 1186
205 532
284 737
200 519
79 205
195 506
269 698
190 493
338 877
37 96
328 851
180 467
143 371
106 275
244 633
69 179
170 441
101 262
133 345
197 511
293 760
613 1590
635 1647
283 734
187 485
278 721
214 555
332 861
209 542
445 1154
322 835
145 376
403 1045
199 516
113 293
140 363
194 503
302 783
599 1553
967 2507
373 967
238 617
157 407
130 337
103 267
179 464
76 197
201 521
174 451
272 705
49 127
267 692
289 749
191 495
71 184
235 609
257 666
208 539
115 298
296 767
181 469
247 640
357 925
731 1894
1183 3065
435 1127
281 728
193 500
149 386
127 329
105 272
188 487
83 215
144 373
266 689
61 158
222 575
100 259
239 619
178 461
334 865
39 101
329 852
173 448
134 347
95 246
151 391
263 681
56 145
185 479
129 334
348 901
309 800
253 655
377 976
304 787
231 598
141 365
158 409
192 497
243 629
328 849
532 1377
1280 3313
1083 2803
488 1263
318 823
233 603
182 471
313 810
131 339
114 295
308 797
274 709
337 872
223 577
206 533
458 1185
298 771
281 727
264 683
201 520
477 1234
443 1146
213 551
121 313
196 507
75 194
179 463
341 882
133 344
191 494
278 719
597 1544
882 2281
331 856
215 556
157 406
227 587
99 256
239 618
70 181
181 468
111 287
152 393
275 711
41 106
381 985
217 561
135 349
94 243
147 380
253 654
53 137
277 716
289 747
183 473
378 977
272 703
142 367
373 964
243 628
255 659
279 721
101 261
214 553
238 615
262 677
149 385
161 416
185 478
221 571
269 695
341 881
461 1191
713 1842
1625 4198
1711 4420
727 1878
463 1196
343 886
271 700
223 576
187 483
163 421
151 390
266 687
242 625
218 563
297 767
91 235
170 439
407 1051
225 581
213 550
67 173
256 661
122 315
232 599
55 142
263 679
153 395
98 253
141 364
227 586
485 1252
461 1190
203 524
277 715
191 493
74 191
253 653
105 271
136 351
167 431
260 671
539 1391
887 2289
329 849
205 529
143 369
112 289
274 707
374 965
131 338
231 596
531 1370
369 952
169 436
119 307
257 663
433 1117
157 405
88 227
195 503
340 877
126 325
309 797
183 472
240 619
335 864
582 1501
19 49
710 1831
387 998
254 655
197 508
159 410
261 673
223 575
102 263
268 691
313 807
147 379
403 1039
301 776
173 446
263 678
199 513
379 977
566 1459
251 647
277 714
187 482
400 1031
239 616
265 683
220 567
123 317
175 451
227 585
357 920
825 2126
735 1894
345 889
215 554
163 420
248 639
307 791
85 219
229 590
203 523
59 152
269 693
151 389
92 237
342 881
158 407
224 577
389 1002
33 85
370 953
205 528
139 358
106 273
179 461
73 188
259 667
113 291
153 394
273 703
673 1733
407 1048
207 533
294 757
214 551
308 793
134 345
228 587
604 1555
383 986
195 502
249 641
256 659
209 538
54 139
277 713
169 435
291 749
298 767
61 157
190 489
326 839
401 1032
279 718
143 368
368 947
232 597
239 615
82 211
171 440
89 229
185 476
295 759
103 265
213 548
227 584
241 620
255 656
269 692
145 373
152 391
166 427
180 463
194 499
215 553
236 607
264 679
299 769
348 895
411 1057
509 1309
663 1705
957 2461
1706 4387
7 18
1738 4469
961 2471
667 1715
513 1319
415 1067
345 887
303 779
268 689
233 599
212 545
198 509
177 455
163 419
156 401
142 365
135 347
128 329
121 311
114 293
107 275
207 532
293 753
93 239
179 460
86 221
165 424
79 203
230 591
223 573
72 185
209 537
202 519
65 167
253 650
123 316
239 614
58 149
283 727
276 709
269 691
211 542
51 131
299 768
146 375
336 863
234 601
183 470
315 809
44 113
301 773
169 434
331 850
81 208
199 511
118 303
192 493
303 778
37 95
400 1027
215 552
141 362
104 267
171 439
439 1127
298 765
261 670
321 824
127 326
187 480
247 634
487 1250
30 77
353 906
233 598
316 811
369 947
196 503
83 213
136 349
189 485
560 1437
341 875
182 467
205 526
76 195
175 449
99 254
221 567
145 372
168 431
237 608
352 903
697 1788
1235 3168
430 1103
269 690
200 513
154 395
239 613
108 277
278 713
232 595
209 536
457 1172
287 736
163 418
342 877
140 359
218 559
491 1259
601 1541
250 641
172 441
227 582
337 864
149 382
369 946
456 1169
181 464
126 323
339 869
300 769
158 405
87 223
190 487
325 833
119 305
135 346
167 428
199 510
247 633
311 797
471 1207
887 2273
16 41
665 1704
393 1007
281 720
217 556
185 474
153 392
258 661
226 579
105 269
283 725
251 643
235 602
73 187
203 520
187 479
415 1063
383 981
155 397
98 251
237 607
180 461
344 881
41 105
312 799
189 484
255 653
173 443
305 781
355 909
157 402
91 233
207 530
257 658
166 425
216 553
316 809
641 1641
1159 2967
409 1047
259 663
184 471
134 343
352 901
193 494
84 215
143 366
261 668
59 151
211 540
245 627
93 238
127 325
161 412
263 673
569 1456
689 1763
281 719
179 458
256 655
299 765
342 875
274 701
120 307
163 417
292 747
43 110
310 793
181 463
233 596
337 862
147 376
303 775
52 133
217 555
278 711
174 445
357 913
375 959
192 491
201 514
70 179
219 560
228 583
79 202
167 427
88 225
185 473
97 248
309 790
221 565
239 611
257 657
275 703
151 386
169 432
187 478
205 524
232 593
268 685
313 800
385 984
484 1237
682 1743
1132 2893
9 23
1685 4306
848 2167
569 1454
425 1086
344 879
290 741
245 626
218 557
191 488
173 442
155 396
146 373
265 677
247 631
229 585
321 820
101 258
193 493
267 682
258 659
323 825
157 401
74 189
213 544
204 521
464 1185
251 641
121 309
177 452
401 1024
383 978
159 406
103 263
150 383
244 623
47 120
367 937
179 457
217 554
85 217
208 531
284 725
199 508
427 1090
38 97
295 753
181 462
248 633
277 707
239 610
67 171
163 416
96 245
221 564
154 393
212 541
299 763
618 1577
861 2197
339 865
223 569
165 421
243 620
292 745
341 870
283 722
127 324
225 574
519 1324
363 926
167 426
118 301
256 653
69 176
227 579
336 857
198 505
109 278
129 329
149 380
189 482
249 635
349 890
649 1655
20 51
591 1507
331 844
231 589
191 487
151 385
131 334
111 283
293 747
253 645
233 594
406 1035
193 492
173 441
275 701
51 130
235 599
133 339
297 757
277 706
113 288
144 367
175 446
299 762
609 1552
755 1924
321 818
197 502
135 344
343 874
177 451
396 1009
261 665
115 293
157 400
241 614
661 1684
431 1098
221 563
137 349
95 242
243 619
201 512
53 135
329 838
170 433
298 759
309 787
459 1169
203 517
214 545
75 191
161 410
419 1067
269 685
97 247
205 522
227 578
119 303
130 331
293 746
163 415
185 471
218 555
251 639
295 751
383 975
515 1311
812 2067
1934 4923
1795 4569
794 2021
508 1293
376 957
299 761
244 621
211 537
189 481
167 425
145 369
134 341
123 313
112 285
314 799
191 486
90 229
169 430
79 201
226 575
215 547
68 173
193 491
125 318
239 608
57 145
217 552
263 669
252 641
195 496
333 847
46 117
265 674
300 763
208 529
81 206
197 501
267 679
186 473
291 740
816 2075
479 1218
234 595
164 417
223 567
94 239
153 389
271 689
555 1411
201 511
225 572
83 211
190 483
238 605
286 727
179 455
227 577
371 943
779 1980
973 2473
397 1009
253 643
181 460
290 737
242 615
194 493
85 216
231 587
207 526
61 155
220 559
257 653
331 841
135 343
209 531
394 1001
37 94
309 785
198 503
124 315
211 536
311 790
137 348
237 602
50 127
313 795
163 414
113 287
239 607
63 160
265 673
139 353
443 1125
241 612
254 645
280 711
395 1003
217 551
243 617
269 683
154 391
167 424
206 523
232 589
297 754
388 985
570 1447
1064 2701
13 33
860 2183
509 1292
353 896
275 698
223 566
197 500
171 434
145 368
132 335
119 302
106 269
199 505
266 675
253 642
387 982
147 373
348 883
389 987
188 477
175 444
283 718
54 137
203 515
244 619
95 241
136 345
218 553
382 969
41 104
274 695
343 870
110 279
179 454
69 175
235 596
263 667
222 563
125 317
181 459
237 601
405 1027
28 71
547 1387
295 748
183 464
155 393
226 573
99 251
241 611
71 180
185 469
114 289
200 507
286 725
43 109
316 801
187 474
245 621
260 659
217 550
58 147
305 773
131 332
204 517
73 185
161 408
425 1077
191 484
103 261
118 299
133 337
148 375
178 451
208 527
253 641
328 831
478 1211
868 2199
15 38
797 2019
452 1145
317 803
242 613
197 499
167 423
289 732
259 656
229 580
306 775
92 233
169 428
400 1013
293 742
139 352
325 823
419 1061
171 433
109 276
156 395
297 752
47 119
267 676
173 438
205 519
79 200
190 481
111 281
143 362
207 524
367 929
32 81
465 1177
241 610
177 448
258 653
194 491
81 205
211 534
309 782
277 701
49 124
262 663
164 415
115 291
247 625
66 167
215 544
232 587
349 883
283 716
217 549
117 296
134 339
168 425
202 511
236 597
321 812
491 1242
1069 2704
1447 3660
563 1424
359 908
257 650
206 521
172 435
138 349
121 306
329 832
191 483
87 220
157 397
297 751
403 1019
193 488
176 445
282 713
53 134
248 627
142 359
89 225
214 541
286 723
197 498
377 953
36 91
343 867
199 503
290 733
218 551
328 829
146 369
311 786
55 139
239 604
129 326
277 700
315 796
167 422
93 235
317 801
243 614
150 379
169 427
226 571
302 763
454 1147
948 2395
1313 3317
515 1301
325 821
230 581
192 485
154 389
251 634
329 831
97 245
175 442
78 197
215 543
196 495
373 942
394 995
158 399
99 250
238 601
179 452
299 755
40 101
341 861
181 457
141 356
101 255
162 409
406 1025
326 823
143 361
307 775
267 674
288 727
227 573
269 679
166 419
208 525
271 684
418 1055
922 2327
1073 2708
443 1118
296 747
212 535
170 429
277 699
235 593
193 487
86 217
237 598
216 545
65 164
239 603
109 275
153 386
241 608
593 1496
419 1057
199 502
266 671
289 729
312 787
425 1072
157 396
427 1077
203 512
113 285
136 343
182 459
228 575
343 865
665 1677
23 58
462 1165
278 701
209 527
163 411
257 648
211 532
94 237
165 416
449 1132
261 658
119 300
167 421
311 784
48 121
265 668
169 426
194 489
413 1041
244 615
269 678
221 557
123 310
321 809
223 562
298 751
573 1444
25 63
452 1139
277 698
202 509
152 383
127 320
102 257
179 451
77 194
206 519
181 456
285 718
52 131
235 592
131 330
289 728
343 864
291 733
239 602
293 738
187 471
268 675
484 1219
27 68
461 1161
272 685
191 481
137 345
110 277
193 486
83 209
222 559
195 491
531 1337
309 778
338 851
226 569
284 715
114 287
143 360
172 433
259 652
462 1163
29 73
408 1027
234 589
176 443
265 667
207 521
89 224
149 375
269 677
60 151
211 531
242 609
91 229
122 307
153 385
215 541
339 853
928 2335
560 1409
281 707
188 473
283 712
221 556
349 878
223 561
64 161
289 727
258 649
324 815
130 327
196 493
262 659
592 1489
728 1831
299 752
200 503
134 337
336 845
169 425
305 767
375 943
171 430
103 259
138 347
208 523
348 875
35 88
422 1061
212 533
319 802
356 895
179 450
395 993
253 636
290 729
255 641
183 460
294 739
37 93
446 1121
224 563
150 377
113 284
265 666
76 191
191 480
269 676
193 485
310 779
39 98
353 887
197 495
277 696
199 500
80 201
201 505
283 711
203 510
367 922
41 103
289 726
166 417
125 314
293 736
295 741
127 319
213 535
385 967
43 108
260 653
174 437
219 550
88 221
133 334
178 447
313 786
45 113
272 683
182 457
229 575
323 811
139 349
233 585
656 1647
378 949
190 477
239 600
96 241
145 364
243 610
49 123
296 743
347 871
349 876
251 630
202 507
508 1275
359 901
206 517
259 650
261 655
210 527
53 133
320 803
161 404
108 271
163 409
383 961
442 1109
222 557
112 281
169 424
340 853
458 1149
173 434
116 291
234 587
529 1327
297 745
179 449
181 454
303 760
429 1076
185 464
311 780
313 785
506 1269
191 479
321 805
323 810
392 983
197 494
199 499
67 168
270 677
136 341
343 860
347 870
140 351
282 707
71 178
215 539
217 544
73 183
221 554
298 747
377 945
152 381
383 960
310 777
235 589
79 198
160 401
322 807
326 817
247 619
83 208
168 421
85 213
172 431
87 218
176 441
89 223
180 451
91 228
184 461
93 233
188 471
95 238
289 724
293 734
99 248
200 501
305 764
103 258
208 521
317 794
107 268
216 541
220 551
335 839
113 283
115 288
232 581
236 591
240 601
244 611
248 621
252 631
256 641
260 651
264 661
268 671
137 343
139 348
141 353
288 721
147 368
149 373
153 383
155 388
159 398
161 403
165 413
169 423
173 433
177 443
181 453
185 463
189 473
193 483
199 498
203 508
209 523
215 538
219 548
227 568
233 583
239 598
247 618
255 638
263 658
273 683
283 708
293 733
303 758
317 793
329 823
343 858
359 898
375 938
395 988
415 1038
439 1098
463 1158
493 1233
525 1313
563 1408
605 1513
655 1638
715 1788
785 1963
873 2183
981 2453
1119 2798
1303 3258
1559 3898
1943 4858
2575 6438
3821 9553
7393 18483
2 5
5523 13807
3253 8132
2305 5762
1785 4462
1457 3642
1231 3077
1065 2662
939 2347
839 2097
759 1897
693 1732
637 1592
589 1472
549 1372
513 1282
483 1207
455 1137
429 1072
407 1017
387 967
369 922
353 882
339 847
325 812
311 777
301 752
289 722
279 697
269 672
261 652
253 632
245 612
237 592
231 577
225 562
219 547
213 532
207 517
201 502
197 492
191 477
187 467
183 457
179 447
175 437
171 427
167 417
165 412
161 402
157 392
155 387
151 377
149 372
292 729
143 357
141 352
276 689
272 679
268 669
131 327
129 322
127 317
125 312
123 307
121 302
240 599
236 589
232 579
228 569
113 282
111 277
220 549
216 539
107 267
105 262
208 519
307 766
101 252
200 499
99 247
293 731
289 721
95 237
188 469
93 232
184 459
91 227
180 449
89 222
176 439
87 217
172 429
85 212
168 419
83 207
247 616
245 611
322 803
160 399
79 197
235 586
233 581
383 955
152 379
377 940
298 743
148 369
440 1097
290 723
144 359
357 890
282 703
140 349
278 693
412 1027
205 511
203 506
67 167
266 663
132 329
262 653
518 1291
193 481
319 795
317 790
439 1094
187 466
309 770
307 765
547 1363
181 451
120 299
238 593
59 147
293 730
291 725
289 720
287 715
57 142
226 563
281 700
167 416
277 690
55 137
273 680
271 675
269 670
214 533
479 1193
369 919
210 523
365 909
259 645
206 513
614 1529
355 884
202 503
251 625
249 620
198 493
394 981
586 1459
243 605
145 361
96 239
143 356
190 473
425 1058
515 1282
233 580
139 346
415 1033
229 570
182 453
272 677
45 112
313 779
178 443
133 331
88 219
219 545
174 433
260 647
647 1610
428 1065
213 530
297 739
211 525
84 209
334 831
166 413
248 617
617 1535
490 1219
244 607
162 403
322 801
80 199
199 495
119 296
158 393
275 684
704 1751
466 1159
232 577
154 383
115 286
267 664
417 1037
189 470
263 654
187 465
261 649
668 1661
516 1283
257 639
183 455
255 634
181 450
397 987
323 803
286 711
249 619
177 440
247 614
492 1223
908 2257
313 778
208 517
138 343
103 256
171 425
375 932
305 758
169 420
101 251
134 333
200 497
299 743
629 1563
724 1799
295 733
196 487
293 728
227 564
258 641
225 559
64 159
223 554
254 631
411 1021
126 313
157 390
219 544
374 929
31 77
494 1227
277 688
184 457
275 683
213 529
91 226
151 375
271 673
60 149
209 519
238 591
89 221
325 807
147 365
176 437
263 653
466 1157
29 72
433 1075
259 643
172 427
143 355
114 283
284 705
311 772
141 350
309 767
56 139
251 623
139 345
388 963
276 685
110 273
137 340
164 407
245 608
380 943
920 2283
700 1737
322 799
214 531
160 397
133 330
106 263
185 459
79 196
210 521
183 454
339 841
52 129
233 578
129 320
206 511
77 191
179 444
102 253
127 315
152 377
202 501
277 687
477 1183
25 62
573 1421
323 801
223 553
173 429
271 672
221 548
367 910
244 605
73 181
194 481
290 719
217 538
457 1133
455 1128
215 533
286 709
190 471
71 176
236 585
259 642
305 756
117 290
140 347
349 865
232 575
324 803
554 1373
23 57
573 1420
320 793
228 565
182 451
136 337
113 280
203 503
90 223
157 389
358 887
312 773
178 441
266 659
199 493
331 820
44 109
285 706
350 867
109 270
174 431
369 914
346 857
151 374
323 800
279 691
107 265
363 899
149 369
170 421
233 577
317 785
527 1305
1514 3749
775 1919
397 983
271 671
208 515
166 411
269 666
227 562
288 713
267 661
307 760
143 354
265 656
61 151
223 552
263 651
242 599
181 448
261 646
661 1636
499 1235
219 542
318 787
238 589
257 636
217 537
59 146
314 777
137 339
293 725
409 1012
175 433
97 240
329 814
251 621
154 381
192 475
230 569
306 757
477 1180
1047 2590
1252 3097
511 1264
321 794
245 606
188 465
150 371
131 324
112 277
205 507
353 873
241 596
74 183
203 502
313 774
294 727
55 136
256 633
146 361
91 225
218 539
290 717
199 492
343 848
36 89
413 1021
233 576
161 398
339 838
89 220
231 571
195 482
407 1006
441 1090
229 566
123 304
263 650
70 173
227 561
244 603
278 687
295 729
225 556
259 640
293 724
172 425
206 509
257 635
359 887
563 1391
1362 3365
1205 2977
542 1339
355 877
253 625
202 499
168 415
285 704
251 620
217 536
100 247
183 452
83 205
149 368
281 694
66 163
181 447
115 284
164 405
311 768
49 121
277 684
309 763
211 521
81 200
194 479
258 637
322 795
241 595
369 911
32 79
463 1143
239 590
175 432
254 627
301 743
269 664
284 701
126 311
173 427
314 775
47 116
250 617
156 385
109 269
171 422
419 1034
325 802
340 839
216 533
77 190
169 417
92 227
199 491
336 829
122 301
137 338
319 787
182 449
227 560
272 671
362 893
527 1300
1037 2558
15 37
748 1845
448 1105
313 772
253 624
208 513
178 439
148 365
133 328
118 291
324 799
191 471
88 217
161 397
307 757
350 863
335 826
189 466
479 1181
333 821
159 392
101 249
245 604
187 461
359 885
43 106
286 705
200 493
114 281
185 456
71 175
241 594
269 663
226 557
127 313
183 451
239 589
379 934
995 2452
657 1619
321 791
209 515
153 377
125 308
319 786
263 648
304 749
455 1121
179 441
110 271
151 372
233 574
561 1382
505 1244
259 638
313 771
231 569
339 835
149 367
311 766
54 133
229 564
296 729
188 463
523 1288
281 692
147 362
387 953
253 623
266 655
292 719
106 261
225 554
251 618
277 682
158 389
184 453
210 517
249 613
314 773
405 997
587 1445
1094 2693
13 32
934 2299
531 1307
375 923
297 731
245 603
206 507
180 443
154 379
141 347
243 598
115 283
102 251
191 470
89 219
165 406
393 967
291 716
139 342
265 652
554 1363
176 433
113 278
163 401
313 770
50 123
287 706
324 797
224 551
298 733
124 305
161 396
235 578
494 1215
764 1879
283 696
172 423
135 332
98 241
159 391
281 691
61 150
207 509
231 568
85 209
194 477
109 268
133 327
181 445
229 563
325 799
565 1389
24 59
539 1325
323 794
227 558
179 440
131 322
345 848
190 467
83 204
225 553
201 494
437 1074
389 956
212 521
341 838
223 548
129 317
199 489
304 747
794 1951
536 1317
256 629
186 457
267 656
197 484
81 199
208 511
300 737
219 538
495 1216
471 1157
241 592
149 366
103 253
160 393
331 813
524 1287
239 587
125 307
261 641
68 167
215 528
226 555
79 194
169 415
90 221
191 469
101 248
213 523
235 577
257 631
279 685
156 383
167 410
189 464
222 545
255 626
310 761
387 950
508 1247
772 1895
1575 3866
2660 6529
955 2344
581 1426
427 1048
328 805
273 670
229 562
207 508
174 427
163 400
141 346
130 319
119 292
227 557
205 503
97 238
183 449
86 211
161 395
311 763
289 709
139 341
267 655
64 157
245 601
117 287
170 417
329 807
572 1403
201 493
148 363
95 233
137 336
179 439
305 748
42 103
325 797
199 488
272 667
188 461
407 998
323 792
281 689
239 586
301 738
197 483
290 711
662 1623
795 1949
330 809
206 505
144 353
113 277
195 478
82 201
215 527
184 451
286 701
51 125
275 674
173 424
193 473
406 995
304 745
162 397
91 223
202 495
242 593
282 691
171 419
211 517
271 664
371 909
691 1693
20 49
649 1590
369 904
249 610
209 512
169 414
278 681
238 583
198 485
89 218
247 605
227 556
69 169
187 458
118 289
216 529
412 1009
568 1391
225 551
303 742
205 502
78 191
185 453
107 262
136 333
165 404
252 617
397 972
29 71
560 1371
299 732
212 519
154 377
346 847
96 235
163 399
297 727
440 1077
172 421
105 257
143 350
219 536
333 815
38 93
389 952
199 487
284 695
208 509
85 208
217 531
311 761
273 668
47 115
385 942
197 482
253 619
262 641
215 526
439 1074
401 981
177 433
121 296
251 614
65 159
204 499
139 340
361 883
305 746
157 384
83 203
175 428
92 225
193 472
101 247
211 516
229 560
366 895
128 313
283 692
301 736
164 401
182 445
200 489
227 555
254 621
290 709
353 863
425 1039
560 1369
803 1963
1415 3459
9 22
1519 3713
835 2041
574 1403
439 1073
358 875
295 721
259 633
223 545
205 501
187 457
169 413
151 369
142 347
133 325
124 303
115 281
327 799
203 496
97 237
185 452
88 215
167 408
79 193
228 557
219 535
70 171
271 662
131 320
253 618
61 149
235 574
287 701
278 679
269 657
52 127
303 740
199 486
242 591
328 801
138 337
224 547
525 1282
550 1343
249 608
163 398
317 774
351 857
342 835
299 730
256 625
179 437
247 603
485 1184
34 83
365 891
229 559
161 393
220 537
93 227
152 371
270 659
59 144
261 637
143 349
395 964
277 676
109 266
243 593
159 388
209 510
284 693
484 1181
25 61
616 1503
341 832
216 527
166 405
141 344
116 283
298 727
248 605
223 544
66 161
239 583
280 683
255 622
189 461
271 661
804 1961
426 1039
221 539
139 339
335 817
253 617
212 517
554 1351
358 873
187 456
203 495
495 1207
235 573
251 612
89 217
194 473
331 807
121 295
137 334
322 785
185 451
233 568
297 724
393 958
633 1543
1577 3844
1239 3020
567 1382
375 914
279 680
215 524
183 446
151 368
135 329
119 290
325 792
293 714
364 887
245 597
229 558
71 173
197 480
126 307
236 575
55 134
314 765
149 363
337 821
227 553
305 743
211 514
406 989
39 95
335 816
179 436
140 341
101 246
163 397
287 699
519 1264
209 509
232 565
85 207
193 470
347 845
131 319
331 806
223 543
292 711
476 1159
1281 3119
789 1921
375 913
260 633
191 465
313 762
122 297
221 538
274 667
251 611
76 185
205 499
182 443
288 701
53 129
242 589
136 331
302 735
362 881
309 752
256 623
173 421
233 567
383 932
1013 2465
607 1477
307 747
187 455
157 382
224 545
97 236
164 399
365 888
372 905
171 416
104 253
141 343
215 523
326 793
37 90
451 1097
229 557
155 377
118 287
280 681
449 1092
331 805
169 411
257 625
609 1481
447 1087
227 552
139 338
329 800
241 586
197 479
350 851
51 124
262 637
160 389
109 265
225 547
457 1111
355 863
181 440
311 756
253 615
65 158
202 491
209 508
425 1033
295 717
151 367
79 192
244 593
251 610
351 853
179 435
93 226
293 712
307 746
107 260
221 537
235 571
249 605
263 639
277 673
291 707
156 379
333 809
177 430
191 464
212 515
226 549
254 617
282 685
317 770
366 889
436 1059
527 1280
681 1654
947 2300
1563 3796
4566 11089
2427 5894
1202 2919
803 1950
600 1457
481 1168
397 964
341 828
299 726
271 658
243 590
222 539
201 488
187 454
173 420
159 386
152 369
283 687
269 653
255 619
241 585
227 551
110 267
316 767
199 483
96 233
185 449
89 216
171 415
82 199
239 580
232 563
75 182
218 529
211 512
68 165
265 643
129 313
190 461
61 148
298 723
176 427
284 689
223 541
655 1589
317 769
155 376
357 866
249 604
195 473
336 815
47 114
275 667
181 439
221 536
87 211
214 519
167 405
247 599
487 1181
753 1826
273 662
193 468
266 645
186 451
405 982
325 788
285 691
245 594
311 754
205 497
337 817
931 2257
554 1343
290 703
191 463
283 686
217 526
92 223
151 366
269 652
59 143
203 492
144 349
85 206
196 475
111 269
137 332
163 395
241 584
345 836
683 1655
1241 3007
435 1054
279 676
201 487
149 361
123 298
317 768
265 642
239 579
71 172
187 453
116 281
206 499
341 826
45 109
334 809
199 482
263 637
282 683
301 729
64 155
211 511
230 557
83 201
185 448
102 247
121 293
140 339
159 385
197 477
235 569
330 799
501 1213
1166 2823
1190 2881
506 1225
335 811
240 581
202 489
164 397
271 656
233 564
302 731
283 685
333 806
226 547
69 167
257 622
307 743
169 409
269 651
50 121
331 801
181 438
212 513
81 196
274 663
112 271
143 346
174 421
267 646
484 1171
31 75
415 1004
229 554
167 404
136 329
105 254
179 433
74 179
265 641
117 283
160 387
246 595
590 1427
485 1173
227 549
141 341
337 815
251 607
208 503
428 1035
452 1093
177 428
122 295
256 619
67 162
213 515
146 353
79 191
249 602
261 631
285 689
297 718
218 527
357 863
127 307
139 336
314 759
175 423
199 481
235 568
283 684
343 829
451 1090
667 1612
1255 3033
12 29
1013 2448
593 1433
413 998
329 795
269 650
221 534
197 476
173 418
149 360
137 331
125 302
113 273
214 517
392 947
279 674
344 831
243 587
77 186
219 529
207 500
467 1128
313 756
183 442
289 698
224 541
53 128
359 867
200 483
241 582
323 780
135 326
217 524
381 920
41 99
316 763
193 466
263 635
292 705
251 606
70 169
169 408
